date,EQUITY_Market_Capitalization
2012-01-02,2214.04
2012-01-03,2204.48
2012-01-04,2181.5
2012-01-05,2169.46
2012-01-06,2166.58
2012-01-09,2145.55
2012-01-10,2141.71
2012-01-11,2143.68
2012-01-12,2173.39
2012-01-13,2168.59
2012-01-17,2167.52
2012-01-18,2139.94
2012-01-19,2118.05
2012-01-20,2116.05
2012-01-23,2072.85
2012-01-24,2026.36
2012-01-25,2033.76
2012-01-26,2046.97
2012-01-27,2095.67
2012-01-30,2106.7
2012-01-31,2084.13
2012-02-01,2079.91
2012-02-02,2051.82
2012-02-03,2045.03
2012-02-06,2035.89
2012-02-08,1992.26
2012-02-09,1946.41
2012-02-13,1903.58
2012-02-14,1834.02
2012-02-15,1839.12
2012-02-16,1935.49
2012-02-17,1937.72
2012-02-21,1946.3
2012-02-22,1987.53
2012-02-23,2019.32
2012-02-24,2040.84
2012-02-27,2007.95
2012-02-28,1991.48
2012-02-29,2001.18
2012-03-01,2005.47
2012-03-02,2001.99
2012-03-05,2003.69
2012-03-06,2008.41
2012-03-08,2000.65
2012-03-09,2000.61
2012-03-12,1988.94
2012-03-13,1988.5
2012-03-14,1986.6
2012-03-15,1978.95
2012-03-16,1997.99
2012-03-19,1998.14
2012-03-20,1985.14
2012-03-21,1974.28
2012-03-22,1961.67
2012-03-23,1988.3
2012-03-26,1991.5
2012-03-27,2014.3
2012-03-28,2011.49
2012-03-29,2009.84
2012-03-30,2012.87
2012-04-02,2004.89
2012-04-03,2013.48
2012-04-04,2007.62
2012-04-05,2016.03
2012-04-09,2012.26
2012-04-10,2004.54
2012-04-11,2017.87
2012-04-16,2021.24
2012-04-17,2012.93
2012-04-18,2011.14
2012-04-19,2052.52
2012-04-20,2029.61
2012-04-23,2028.84
2012-04-24,2023.81
2012-04-25,2024.64
2012-04-26,2026.51
2012-04-27,2024.84
2012-04-30,2016.91
2012-05-02,2016.19
2012-05-03,2005.91
2012-05-04,2000.69
2012-05-08,1971.01
2012-05-09,1956.57
2012-05-10,1922.01
2012-05-11,1901.42
2012-05-14,1904.31
2012-05-15,1908.51
2012-05-16,1941.36
2012-05-17,1948.87
2012-05-18,1949.46
2012-05-21,1944.09
2012-05-22,1924.76
2012-05-23,1884.68
2012-05-24,1873.86
2012-05-25,1870.33
2012-05-28,1842.71
2012-05-29,1797.24
2012-05-30,1816.61
2012-05-31,1807.42
2012-06-01,1827.26
2012-06-05,1807.17
2012-06-06,1803.05
2012-06-07,1812.38
2012-06-08,1827.89
2012-06-11,1832.74
2012-06-12,1831.26
2012-06-13,1845.44
2012-06-14,1875.24
2012-06-15,1901.22
2012-06-18,1904.04
2012-06-19,1927.35
2012-06-20,1934.5
2012-06-21,1920.77
2012-06-22,1919.67
2012-06-25,1901.11
2012-06-26,1900.94
2012-06-27,1903.11
2012-06-28,1890.46
2012-06-29,1894.22
2012-07-02,1890.15
2012-07-04,1890.13
2012-07-05,1881.73
2012-07-06,1883.27
2012-07-09,1881.91
2012-07-10,1874.47
2012-07-11,1860.26
2012-07-12,1861.66
2012-07-13,1859.92
2012-07-16,1864.73
2012-07-17,1854.39
2012-07-18,1842.78
2012-07-19,1868.94
2012-07-20,1867.87
2012-07-23,1865.41
2012-07-24,1862.57
2012-07-25,1866.21
2012-07-26,1863.27
2012-07-27,1885.01
2012-07-30,1885.94
2012-07-31,1889.71
2012-08-02,1896.55
2012-08-03,1885.62
2012-08-06,1884.48
2012-08-07,1872.91
2012-08-08,1869.71
2012-08-09,1855.15
2012-08-10,1856.05
2012-08-13,1853.08
2012-08-14,1876.68
2012-08-15,1888.71
2012-08-16,1877.02
2012-08-17,1884.06
2012-08-20,1892.59
2012-08-21,1890.94
2012-08-22,1922.4
2012-08-23,1926.51
2012-08-24,1916.83
2012-08-27,1939.87
2012-08-28,1951.17
2012-08-29,1955.57
2012-08-30,1980.81
2012-09-03,2007.9
2012-09-04,2037.05
2012-09-05,2054.22
2012-09-06,2060.64
2012-09-07,2101.92
2012-09-10,2138.32
2012-09-11,2137.88
2012-09-12,2168.46
2012-09-13,2210.14
2012-09-14,2267.41
2012-09-17,2283.55
2012-09-18,2261.26
2012-09-19,2237.69
2012-09-20,2257.95
2012-09-21,2261.05
2012-09-24,2263.28
2012-09-25,2267.28
2012-09-26,2273.97
2012-09-27,2276.14
2012-09-28,2284.88
2012-10-01,2281.94
2012-10-02,2268.26
2012-10-03,2256.14
2012-10-04,2244.91
2012-10-05,2251.94
2012-10-08,2239.49
2012-10-09,2234.18
2012-10-10,2210.91
2012-10-11,2191.13
2012-10-12,2197.78
2012-10-15,2165.45
2012-10-16,2147.96
2012-10-17,2139.65
2012-10-18,2154.56
2012-10-19,2163.83
2012-10-22,2127.52
2012-10-23,2128.62
2012-10-24,2123.44
2012-10-25,2136.26
2012-10-30,2114.78
2012-10-31,2112.11
2012-11-01,2104.79
2012-11-02,2119.26
2012-11-05,2121.95
2012-11-06,2128.58
2012-11-07,2134.05
2012-11-08,2137.87
2012-11-09,2141.16
2012-11-12,2145.17
2012-11-14,2136.37
2012-11-15,2129.97
2012-11-16,2129.23
2012-11-19,2113.04
2012-11-20,2086.25
2012-11-21,2058.09
2012-11-22,2075.77
2012-11-23,2075.94
2012-11-26,2067.41
2012-11-28,2048.54
2012-11-29,2059.65
2012-11-30,2054.91
2012-12-03,2049.72
2012-12-04,2047.32
2012-12-05,2044.15
2012-12-06,2068.78
2012-12-07,2068.81
2012-12-10,2075.51
2012-12-11,2080.5
2012-12-12,2118.47
2012-12-13,2130.27
2012-12-14,2120.43
2012-12-17,2114.4
2012-12-18,2116.05
2012-12-19,2117.92
2012-12-20,2123.64
2012-12-21,2119.47
2012-12-24,2122.69
2012-12-26,2140.02
2012-12-28,2153.94
2012-12-31,2167.58
2013-01-01,0.0
2013-01-02,2183.25
2013-01-03,2201.17
2013-01-04,2207.82
2013-01-07,2207.21
2013-01-08,2209.45
2013-01-09,2206.83
2013-01-10,2201.88
2013-01-11,2207.36
2013-01-15,2208.8
2013-01-16,2232.71
2013-01-17,2256.83
2013-01-18,2257.04
2013-01-21,2251.76
2013-01-22,2255.18
2013-01-23,2260.08
2013-01-24,2257.98
2013-01-28,2249.11
2013-01-29,2228.24
2013-01-30,2237.98
2013-01-31,2234.51
2013-02-01,2227.91
2013-02-05,2220.86
2013-02-06,2220.4
2013-02-07,2232.13
2013-02-08,2247.59
2013-02-11,2247.85
2013-02-12,2242.01
2013-02-13,2238.52
2013-02-14,2237.86
2013-02-15,2239.77
2013-02-18,2218.39
2013-02-19,2204.19
2013-02-20,2201.53
2013-02-21,2199.82
2013-02-22,2203.54
2013-02-26,2178.13
2013-02-27,2180.06
2013-02-28,2165.24
2013-03-01,2171.7
2013-03-04,2163.73
2013-03-05,2161.77
2013-03-06,2176.21
2013-03-07,2182.68
2013-03-08,2187.05
2013-03-11,2182.02
2013-03-12,2192.41
2013-03-13,2185.34
2013-03-14,2186.56
2013-03-15,2192.53
2013-03-18,2193.87
2013-03-19,2199.87
2013-03-20,2204.48
2013-03-21,2215.77
2013-03-22,2217.81
2013-03-25,2208.84
2013-03-27,2208.63
2013-03-28,2205.05
2013-04-01,2188.27
2013-04-02,2188.05
2013-04-03,2197.19
2013-04-04,2206.82
2013-04-05,2211.57
2013-04-08,2215.96
2013-04-09,2212.21
2013-04-10,2219.81
2013-04-11,2227.11
2013-04-12,2237.28
2013-04-16,2242.2
2013-04-17,2248.27
2013-04-18,2257.2
2013-04-19,2253.22
2013-04-22,2249.8
2013-04-23,2254.06
2013-04-24,2273.29
2013-04-26,2284.19
2013-04-29,2286.29
2013-04-30,2280.76
2013-05-02,2288.12
2013-05-03,2304.78
2013-05-06,2346.17
2013-05-07,2377.03
2013-05-08,2380.25
2013-05-09,2391.22
2013-05-10,2395.55
2013-05-13,2391.34
2013-05-14,2378.93
2013-05-15,2384.5
2013-05-16,2414.2
2013-05-17,2450.18
2013-05-20,2483.2
2013-05-21,2473.59
2013-05-22,2481.27
2013-05-23,2491.73
2013-05-27,2475.48
2013-05-28,2470.94
2013-05-29,2479.05
2013-05-30,2478.79
2013-05-31,2481.84
2013-06-03,2477.46
2013-06-04,2476.71
2013-06-05,2466.43
2013-06-06,2447.07
2013-06-07,2422.13
2013-06-10,2435.13
2013-06-11,2420.73
2013-06-12,2413.57
2013-06-13,2384.04
2013-06-14,2388.51
2013-06-17,2388.4
2013-06-18,2378.38
2013-06-19,2384.62
2013-06-20,2385.47
2013-06-21,2363.9
2013-06-24,2361.64
2013-06-25,2337.38
2013-06-26,2332.18
2013-06-27,2347.04
2013-06-28,2350.74
2013-07-01,2355.25
2013-07-02,2358.34
2013-07-03,2349.58
2013-07-04,2332.38
2013-07-05,2322.78
2013-07-08,2302.6
2013-07-09,2296.69
2013-07-10,2310.47
2013-07-11,2328.27
2013-07-12,2315.43
2013-07-15,2310.23
2013-07-16,2307.35
2013-07-17,2302.21
2013-07-18,2303.41
2013-07-19,2324.81
2013-07-23,2341.44
2013-07-24,2339.47
2013-07-25,2323.7
2013-07-26,2328.94
2013-07-29,2330.93
2013-07-30,2330.38
2013-07-31,2323.35
2013-08-01,2369.3
2013-08-02,2369.0
2013-08-05,2352.97
2013-08-06,2355.77
2013-08-07,2367.44
2013-08-08,2367.5
2013-08-12,2359.15
2013-08-13,2364.01
2013-08-14,2389.34
2013-08-15,2394.42
2013-08-16,2567.27
2013-08-19,2563.62
2013-08-21,2519.27
2013-08-22,2506.59
2013-08-23,2451.39
2013-08-26,2428.26
2013-08-27,2439.66
2013-08-28,2369.59
2013-08-29,2399.18
2013-08-30,2402.88
2013-09-02,2381.74
2013-09-03,2369.24
2013-09-04,2366.16
2013-09-05,2342.32
2013-09-06,2336.41
2013-09-09,2308.65
2013-09-10,2334.22
2013-09-11,2360.12
2013-09-12,2366.01
2013-09-13,2368.05
2013-09-16,2360.08
2013-09-17,2349.87
2013-09-18,2347.91
2013-09-20,2394.6
2013-09-23,2381.73
2013-09-24,2386.52
2013-09-25,2382.05
2013-09-26,2383.09
2013-09-27,2392.35
2013-09-30,2390.16
2013-10-01,2380.9
2013-10-02,2391.11
2013-10-03,2418.03
2013-10-04,2427.65
2013-10-07,2439.78
2013-10-08,2452.23
2013-10-09,2457.6
2013-10-10,2477.32
2013-10-11,2473.18
2013-10-14,2475.34
2013-10-15,2479.23
2013-10-17,2485.3
2013-10-21,2472.88
2013-10-22,2463.97
2013-10-23,2453.86
2013-10-24,2468.62
2013-10-25,2473.76
2013-10-28,2465.53
2013-10-29,2456.21
2013-10-30,2467.8
2013-10-31,2476.3
2013-11-01,2476.19
2013-11-04,2464.98
2013-11-05,2458.96
2013-11-06,2456.17
2013-11-07,2441.32
2013-11-08,2435.04
2013-11-11,2438.93
2013-11-12,2418.14
2013-11-13,2419.47
2013-11-14,2424.89
2013-11-15,2417.36
2013-11-18,2422.99
2013-11-19,2416.61
2013-11-20,2410.11
2013-11-21,2413.57
2013-11-22,2409.77
2013-11-25,2402.9
2013-11-26,2391.4
2013-11-27,2390.01
2013-11-28,2393.19
2013-11-29,2402.71
2013-12-02,2402.3
2013-12-03,2401.89
2013-12-04,2405.97
2013-12-05,2405.0
2013-12-06,2417.34
2013-12-09,2421.94
2013-12-10,2404.1
2013-12-11,2407.97
2013-12-12,2410.2
2013-12-13,2411.23
2013-12-17,2417.98
2013-12-18,2417.93
2013-12-19,2440.91
2013-12-20,2436.84
2013-12-23,2432.29
2013-12-24,2432.09
2013-12-26,2433.15
2013-12-27,2444.87
2013-12-30,2454.25
2013-12-31,2459.9
2014-01-01,0.0
2014-01-02,2482.89
2014-01-03,2485.28
2014-01-06,2473.3
2014-01-07,2486.65
2014-01-08,2518.85
2014-01-09,2525.04
2014-01-10,2530.78
2014-01-13,2544.62
2014-01-16,2565.69
2014-01-17,2550.74
2014-01-20,2561.4
2014-01-21,2560.1
2014-01-22,2584.71
2014-01-23,2590.31
2014-01-24,0.0
2014-01-27,2598.5
2014-01-28,2587.28
2014-01-29,2609.95
2014-01-30,2599.56
2014-01-31,2608.27
2014-02-03,2596.27
2014-02-05,2578.02
2014-02-06,2575.05
2014-02-07,2563.87
2014-02-10,2550.74
2014-02-11,2551.96
2014-02-12,2540.0
2014-02-13,2539.54
2014-02-17,2528.2
2014-02-18,2513.81
2014-02-19,2499.83
2014-02-20,2487.29
2014-02-21,2479.41
2014-02-24,2456.76
2014-02-25,2437.08
2014-02-26,2452.49
2014-02-28,2480.83
2014-03-03,2469.84
2014-03-04,2479.29
2014-03-05,2479.21
2014-03-06,2490.03
2014-03-07,2491.75
2014-03-10,2488.22
2014-03-11,2482.78
2014-03-12,2478.17
2014-03-13,2469.99
2014-03-14,2462.6
2014-03-17,2470.78
2014-03-18,2468.08
2014-03-19,2469.93
2014-03-20,2470.98
2014-03-21,2480.73
2014-03-24,2474.2
2014-03-25,2486.96
2014-03-26,2486.2
2014-03-27,2503.97
2014-03-28,2495.43
2014-03-31,2498.0
2014-04-01,2512.03
2014-04-02,2513.27
2014-04-03,2519.0
2014-04-04,2534.1
2014-04-07,2531.52
2014-04-08,2541.47
2014-04-09,2546.24
2014-04-10,2542.68
2014-04-11,2551.26
2014-04-16,2562.35
2014-04-17,2588.28
2014-04-21,2590.9
2014-04-22,2592.91
2014-04-23,2584.93
2014-04-24,2587.17
2014-04-25,2582.85
2014-04-28,2584.6
2014-04-29,2590.59
2014-04-30,2606.26
2014-05-02,2616.63
2014-05-05,2617.05
2014-05-06,2607.29
2014-05-07,2618.38
2014-05-08,2628.07
2014-05-09,2631.9
2014-05-12,2639.91
2014-05-13,2632.29
2014-05-16,2644.95
2014-05-19,2646.65
2014-05-20,2647.65
2014-05-21,2634.13
2014-05-22,2634.49
2014-05-23,2630.36
2014-05-26,2635.68
2014-05-27,2624.99
2014-05-28,2627.22
2014-05-29,2640.21
2014-05-30,2623.33
2014-06-02,2635.46
2014-06-03,2632.78
2014-06-04,2632.8
2014-06-05,2630.33
2014-06-06,2629.91
2014-06-09,2633.21
2014-06-10,2637.33
2014-06-11,2637.21
2014-06-13,2655.6
2014-06-16,2658.5
2014-06-17,2658.63
2014-06-18,2647.41
2014-06-19,2645.57
2014-06-20,2641.06
2014-06-23,2639.76
2014-06-24,2644.59
2014-06-25,2649.09
2014-06-26,2651.85
2014-06-27,2666.68
2014-06-30,2673.02
2014-07-01,2671.93
2014-07-02,2695.65
2014-07-03,2710.22
2014-07-04,2714.51
2014-07-07,2723.52
2014-07-08,2751.53
2014-07-09,2771.66
2014-07-10,2794.72
2014-07-11,2791.59
2014-07-14,2807.37
2014-07-15,2819.42
2014-07-16,2825.61
2014-07-17,2816.96
2014-07-18,2817.1
2014-07-21,2831.48
2014-07-22,2848.18
2014-07-23,2843.01
2014-07-24,2841.94
2014-07-25,2842.89
2014-07-28,2843.16
2014-07-30,2851.79
2014-07-31,2856.87
2014-08-01,2855.28
2014-08-04,2860.86
2014-08-05,2860.36
2014-08-06,2867.85
2014-08-07,2899.29
2014-08-08,2903.51
2014-08-11,2913.88
2014-08-12,2915.97
2014-08-13,2918.59
2014-08-14,2926.55
2014-08-15,2914.27
2014-08-18,2927.22
2014-08-19,2930.06
2014-08-20,2937.82
2014-08-21,2940.1
2014-08-22,2941.47
2014-08-25,2931.4
2014-08-26,2943.7
2014-08-27,2931.77
2014-08-28,2934.65
2014-08-29,2952.42
2014-09-01,2951.09
2014-09-02,2948.58
2014-09-03,2957.94
2014-09-04,2963.61
2014-09-05,2974.86
2014-09-09,2989.99
2014-09-10,3006.7
2014-09-11,3044.22
2014-09-12,3052.44
2014-09-15,3033.96
2014-09-16,3034.44
2014-09-17,3035.75
2014-09-18,3047.92
2014-09-19,3059.88
2014-09-22,3068.97
2014-09-23,3070.76
2014-09-24,3067.28
2014-09-25,3058.21
2014-09-26,3058.52
2014-09-29,3060.4
2014-09-30,3066.35
2014-10-01,3083.66
2014-10-02,3125.37
2014-10-03,3148.99
2014-10-06,0.0
2014-10-07,3144.49
2014-10-09,3140.52
2014-10-10,3112.85
2014-10-13,3054.69
2014-10-14,3063.73
2014-10-15,3099.49
2014-10-16,3085.98
2014-10-17,3076.37
2014-10-20,3067.43
2014-10-21,3045.44
2014-10-23,3057.5
2014-10-24,3067.69
2014-10-27,3070.92
2014-10-28,3073.53
2014-10-29,3090.02
2014-10-30,3102.15
2014-10-31,3109.56
2014-11-03,3120.73
2014-11-04,3107.1
2014-11-05,3123.05
2014-11-07,3147.53
2014-11-10,3142.11
2014-11-11,3146.94
2014-11-12,3171.95
2014-11-13,3176.32
2014-11-14,3185.41
2014-11-17,3195.14
2014-11-18,3205.43
2014-11-19,3196.86
2014-11-20,3199.08
2014-11-21,3144.4
2014-11-24,3073.6
2014-11-25,3075.5
2014-11-26,3050.17
2014-11-27,3023.05
2014-11-28,3039.2
2014-12-01,3090.93
2014-12-02,3071.81
2014-12-03,3090.44
2014-12-04,3082.1
2014-12-05,3075.35
2014-12-08,3076.44
2014-12-09,3067.16
2014-12-10,3082.61
2014-12-11,3078.41
2014-12-12,3075.44
2014-12-15,3072.85
2014-12-16,3070.22
2014-12-17,3060.23
2014-12-18,3073.31
2014-12-19,3082.7
2014-12-22,3082.26
2014-12-23,3076.55
2014-12-24,3087.27
2014-12-26,3106.74
2014-12-29,3097.63
2014-12-30,3101.62
2014-12-31,3104.86
2015-01-02,3125.9
2015-01-05,-
2015-01-06,3156.42
2015-01-07,3167.6
2015-01-08,3192.82
2015-01-09,3238.9
2015-01-12,3222.25
2015-01-13,3215.08
2015-01-14,-
2015-01-16,3200.55
2015-01-19,3137.86
2015-01-20,3138.64
2015-01-21,3119.85
2015-01-22,3122.06
2015-01-23,3099.51
2015-01-26,3099.88
2015-01-27,3121.75
2015-01-28,3133.46
2015-01-29,3125.5
2015-01-30,3042.26
2015-02-02,2966.0
2015-02-05,2986.02
2015-02-06,3034.93
2015-02-09,3050.06
2015-02-10,3095.08
2015-02-11,3118.83
2015-02-12,3106.96
2015-02-13,3108.7
2015-02-16,3093.97
2015-02-18,3079.61
2015-02-19,3096.28
2015-02-20,3099.98
2015-02-23,3104.81
2015-02-24,3098.46
2015-02-25,3095.62
2015-02-26,3101.06
2015-02-27,3094.62
2015-03-02,3070.52
2015-03-03,3066.51
2015-03-04,3052.64
2015-03-06,3044.71
2015-03-09,3024.72
2015-03-10,3022.06
2015-03-11,3013.64
2015-03-12,3013.28
2015-03-13,3005.73
2015-03-16,2988.63
2015-03-17,2991.22
2015-03-18,2985.67
2015-03-19,2986.97
2015-03-20,2990.31
2015-03-23,2985.1
2015-03-24,2966.31
2015-03-25,2955.8
2015-03-26,2934.57
2015-03-27,2913.66
2015-03-30,2875.09
2015-03-31,2891.17
2015-04-01,2931.75
2015-04-02,2945.34
2015-04-06,2932.36
2015-04-07,2936.55
2015-04-08,2930.82
2015-04-09,2924.7
2015-04-10,2925.45
2015-04-15,2963.52
2015-04-16,3004.38
2015-04-17,3008.27
2015-04-20,3005.76
2015-04-21,3014.49
2015-04-22,3022.36
2015-04-23,3021.2
2015-04-24,3027.73
2015-04-27,3025.75
2015-04-28,3029.71
2015-04-29,3046.27
2015-04-30,3048.67
2015-05-05,3058.48
2015-05-06,3054.31
2015-05-07,3064.05
2015-05-08,3063.87
2015-05-11,3064.36
2015-05-12,3083.47
2015-05-13,3077.7
2015-05-14,3074.23
2015-05-15,3083.49
2015-05-18,3081.94
2015-05-19,3086.69
2015-05-20,3096.71
2015-05-21,3089.88
2015-05-22,3096.27
2015-05-25,3094.58
2015-05-26,3084.84
2015-05-27,3081.35
2015-05-28,3082.3
2015-05-29,3067.26
2015-06-01,3056.59
2015-06-03,3037.17
2015-06-04,3025.09
2015-06-05,3025.87
2015-06-08,3007.14
2015-06-09,3002.28
2015-06-10,3000.72
2015-06-11,2995.66
2015-06-12,2999.8
2015-06-15,3007.31
2015-06-16,2992.72
2015-06-17,2995.26
2015-06-18,3001.4
2015-06-19,2989.08
2015-06-22,2991.02
2015-06-23,2997.1
2015-06-24,2997.04
2015-06-25,2987.48
2015-06-26,2981.06
2015-06-29,2987.84
2015-06-30,2983.02
2015-07-02,2966.87
2015-07-03,2977.17
2015-07-06,2969.68
2015-07-07,2960.49
2015-07-08,2941.8
2015-07-09,2951.72
2015-07-10,2967.48
2015-07-13,2975.4
2015-07-14,2985.69
2015-07-15,3002.35
2015-07-16,3026.97
2015-07-17,3043.04
2015-07-20,3037.05
2015-07-21,3036.09
2015-07-22,3059.05
2015-07-23,3064.57
2015-07-24,3088.54
2015-07-27,3079.27
2015-07-28,3085.1
2015-07-29,3107.58
2015-07-30,3115.26
2015-08-03,3115.52
2015-08-04,3105.63
2015-08-05,3129.53
2015-08-06,3134.17
2015-08-07,3131.35
2015-08-10,3134.47
2015-08-11,3168.87
2015-08-12,3174.4
2015-08-13,3162.02
2015-08-14,3170.34
2015-08-17,3182.96
2015-08-18,3185.78
2015-08-19,3185.83
2015-08-20,3165.02
2015-08-21,3174.09
2015-08-24,3114.58
2015-08-25,3072.32
2015-08-26,3075.94
2015-08-27,3089.98
2015-08-28,3122.85
2015-08-31,3104.34
2015-09-01,3100.87
2015-09-02,3076.09
2015-09-03,3078.26
2015-09-04,3065.35
2015-09-07,3037.56
2015-09-08,3026.86
2015-09-09,3051.83
2015-09-10,3041.93
2015-09-11,3039.15
2015-09-14,3042.95
2015-09-15,3038.7
2015-09-16,3032.32
2015-09-17,3022.17
2015-09-18,3019.78
2015-09-21,3018.29
2015-09-22,3024.25
2015-09-23,3022.74
2015-09-25,3021.06
2015-09-28,3007.39
2015-09-29,3005.45
2015-09-30,2990.81
2015-10-01,3003.37
2015-10-02,3014.0
2015-10-05,3007.01
2015-10-06,3005.69
2015-10-07,3005.49
2015-10-08,3005.58
2015-10-09,3009.99
2015-10-12,3011.66
2015-10-13,3002.52
2015-10-14,2986.35
2015-10-15,2982.17
2015-10-16,2978.05
2015-10-19,2979.96
2015-10-20,2990.12
2015-10-21,2996.24
2015-10-22,3001.84
2015-10-23,3007.21
2015-10-26,3008.05
2015-10-28,3012.55
2015-10-29,3002.38
2015-10-30,2990.46
2015-11-02,2984.94
2015-11-03,2972.77
2015-11-04,2974.15
2015-11-05,2980.74
2015-11-06,2998.62
2015-11-09,2993.04
2015-11-11,2979.89
2015-11-12,2974.42
2015-11-13,2972.49
2015-11-16,2957.28
2015-11-17,2962.37
2015-11-18,2964.08
2015-11-19,2981.26
2015-11-20,2980.1
2015-11-23,2996.41
2015-11-24,2976.96
2015-11-26,2966.39
2015-11-27,2965.55
2015-11-30,2943.29
2015-12-01,2938.13
2015-12-02,2924.33
2015-12-03,2931.94
2015-12-04,2927.21
2015-12-07,2922.55
2015-12-08,2918.49
2015-12-09,2915.28
2015-12-10,2907.77
2015-12-11,2911.37
2015-12-14,2899.01
2015-12-15,2906.57
2015-12-16,2912.0
2015-12-17,2923.28
2015-12-18,2933.8
2015-12-21,2932.55
2015-12-22,2920.97
2015-12-23,2922.72
2015-12-28,2909.88
2015-12-29,2918.07
2015-12-30,2927.83
2015-12-31,2938.0
2016-01-04,2926.54
2016-01-05,2917.04
2016-01-06,2905.08
2016-01-07,2887.02
2016-01-08,2866.15
2016-01-11,2833.78
2016-01-12,2788.46
2016-01-13,2751.58
2016-01-14,2751.58
2016-01-18,2699.68
2016-01-19,2682.02
2016-01-20,2672.6
2016-01-21,2710.39
2016-01-22,2724.28
2016-01-25,2712.58
2016-01-26,2699.32
2016-01-27,2696.59
2016-01-28,2698.05
2016-01-29,2706.66
2016-02-01,2716.53
2016-02-02,2743.34
2016-02-03,2733.45
2016-02-05,2734.24
2016-02-08,2732.97
2016-02-09,2720.61
2016-02-10,2717.06
2016-02-11,2696.39
2016-02-12,2682.81
2016-02-15,2675.62
2016-02-16,2670.49
2016-02-17,2656.25
2016-02-18,2653.37
2016-02-19,2671.28
2016-02-23,2661.97
2016-02-24,2657.11
2016-02-25,2650.71
2016-02-26,2651.28
2016-02-29,2646.08
2016-03-01,2612.57
2016-03-02,2597.62
2016-03-03,2590.14
2016-03-04,2588.56
2016-03-08,2536.22
2016-03-09,2505.3
2016-03-10,2542.0
2016-03-11,2572.85
2016-03-14,2555.53
2016-03-15,2551.69
2016-03-16,2573.47
2016-03-17,2593.48
2016-03-18,2589.23
2016-03-21,2602.39
2016-03-23,2595.94
2016-03-24,2604.06
2016-03-28,2591.07
2016-03-29,2569.1
2016-03-30,2573.0
2016-03-31,2586.15
2016-04-01,2590.9
2016-04-04,2589.25
2016-04-05,2623.27
2016-04-06,2625.86
2016-04-07,2654.65
2016-04-08,2674.01
2016-04-11,2707.06
2016-04-12,0.0
2016-04-15,2727.57
2016-04-18,2719.46
2016-04-19,2721.83
2016-04-20,2736.86
2016-04-22,2736.65
2016-04-25,2718.28
2016-04-26,2729.26
2016-04-27,2741.59
2016-04-28,2745.13
2016-04-29,2776.54
2016-05-03,2805.03
2016-05-04,2798.96
2016-05-05,2803.02
2016-05-06,2809.03
2016-05-09,2810.03
2016-05-10,2828.34
2016-05-11,2838.44
2016-05-12,2836.17
2016-05-13,2846.28
2016-05-16,2858.45
2016-05-17,2842.42
2016-05-18,2846.41
2016-05-19,2832.77
2016-05-20,2826.43
2016-05-24,2799.72
2016-05-25,2805.22
2016-05-26,2798.95
2016-05-27,2799.99
2016-05-30,2792.17
2016-05-31,2791.18
2016-06-01,2787.88
2016-06-02,2779.82
2016-06-03,2777.86
2016-06-06,2777.75
2016-06-07,2779.98
2016-06-08,2780.89
2016-06-09,2781.7
2016-06-10,2782.76
2016-06-13,2786.06
2016-06-14,2777.46
2016-06-15,2770.03
2016-06-16,2742.39
2016-06-17,2755.29
2016-06-20,2753.21
2016-06-21,2747.14
2016-06-22,2736.03
2016-06-23,2726.34
2016-06-24,2714.43
2016-06-27,2692.52
2016-06-28,2687.92
2016-06-29,2680.88
2016-06-30,2677.63
2016-07-01,2679.26
2016-07-04,2665.49
2016-07-05,2676.4
2016-07-07,2689.31
2016-07-08,2713.02
2016-07-11,2715.55
2016-07-12,2727.94
2016-07-13,2728.56
2016-07-14,2728.19
2016-07-15,2737.05
2016-07-18,2734.11
2016-07-20,2733.55
2016-07-21,2734.82
2016-07-22,2739.64
2016-07-25,2726.14
2016-07-26,2722.2
2016-07-27,2719.89
2016-07-28,2724.03
2016-07-29,2724.76
2016-08-01,2731.82
2016-08-02,2771.4
2016-08-03,2774.93
2016-08-04,2760.72
2016-08-05,2777.29
2016-08-08,2772.94
2016-08-09,2774.3
2016-08-10,2788.64
2016-08-11,2776.29
2016-08-12,2779.43
2016-08-15,2805.2
2016-08-16,2803.22
2016-08-18,2810.5
2016-08-19,2814.3
2016-08-22,2811.1
2016-08-23,2815.0
2016-08-24,2808.4
2016-08-25,2809.0
2016-08-26,2792.4
2016-08-29,2787.9
2016-08-30,2788.6
2016-08-31,2782.8
2016-09-01,0.0
2016-09-02,0.0
2016-09-05,2780.8
2016-09-06,2781.2
2016-09-07,2774.2
2016-09-08,2771.6
2016-09-09,2768.6
2016-09-13,0.0
2016-09-14,2767.7
2016-09-15,2759.1
2016-09-19,2749.7
2016-09-20,2741.0
2016-09-21,2750.2
2016-09-22,2755.9
2016-09-23,2762.0
2016-09-26,2761.9
2016-09-27,2763.7
2016-09-28,2776.1
2016-09-29,2782.9
2016-09-30,2785.7
2016-10-03,2802.6
2016-10-04,2809.8
2016-10-05,2804.9
2016-10-06,0.0
2016-10-07,2806.0
2016-10-10,2797.5
2016-10-11,2787.2
2016-10-12,2775.2
2016-10-13,2765.4
2016-10-14,2763.5
2016-10-17,2750.7
2016-10-18,2746.6
2016-10-19,2747.3
2016-10-20,2746.4
2016-10-21,2748.6
2016-10-24,2736.2
2016-10-25,2744.1
2016-10-26,2743.3
2016-10-27,2744.9
2016-10-28,2739.0
2016-10-31,2732.4
2016-11-01,2728.5
2016-11-02,2740.8
2016-11-03,2744.4
2016-11-04,2741.5
2016-11-07,2745.7
2016-11-08,2743.2
2016-11-09,2734.0
2016-11-10,2735.4
2016-11-11,2733.2
2016-11-15,2729.2
2016-11-16,2704.8
2016-11-17,2702.8
2016-11-18,2695.5
2016-11-21,2673.9
2016-11-22,2665.6
2016-11-23,2660.0
2016-11-24,2664.5
2016-11-25,2664.0
2016-11-28,2658.4
2016-11-29,2655.5
2016-11-30,2659.5
2016-12-01,2691.7
2016-12-02,2698.7
2016-12-05,2716.9
2016-12-06,2710.0
2016-12-07,2700.1
2016-12-08,2704.6
2016-12-09,2698.8
2016-12-14,2688.1
2016-12-15,2682.3
2016-12-16,2675.1
2016-12-19,2667.4
2016-12-20,2660.7
2016-12-21,2657.5
2016-12-22,2650.0
2016-12-23,2652.93
2016-12-27,2654.34
2016-12-28,2665.33
2016-12-29,2672.69
2016-12-30,2745.41
2017-01-02,2729.81
2017-01-03,2714.94
2017-01-04,2712.3
2017-01-05,2709.82
2017-01-06,2712.25
2017-01-09,2713.35
2017-01-10,2712.06
2017-01-11,2726.14
2017-01-13,2740.77
2017-01-16,2733.69
2017-01-17,2727.02
2017-01-18,2726.35
2017-01-19,2717.49
2017-01-20,2719.55
2017-01-23,2716.23
2017-01-24,2704.06
2017-01-25,2700.83
2017-01-26,2702.14
2017-01-27,2705.51
2017-01-30,2705.06
2017-01-31,2701.6
2017-02-01,2702.51
2017-02-02,2706.7
2017-02-03,2698.07
2017-02-06,2675.29
2017-02-07,2686.2
2017-02-08,2687.67
2017-02-09,2686.69
2017-02-13,2706.34
2017-02-14,2710.84
2017-02-15,2722.55
2017-02-16,2721.77
2017-02-17,2715.66
2017-02-20,2706.68
2017-02-21,2701.39
2017-02-22,2695.68
2017-02-23,2700.05
2017-02-27,2692.97
2017-02-28,2698.4
2017-03-01,2692.74
2017-03-02,2690.61
2017-03-03,2679.37
2017-03-06,2686.25
2017-03-07,2682.27
2017-03-08,2676.54
2017-03-09,2673.79
2017-03-10,2672.12
2017-03-13,2665.89
2017-03-14,2655.34
2017-03-15,2648.92
2017-03-16,2647.34
2017-03-17,2655.87
2017-03-20,2652.94
2017-03-21,2653.12
2017-03-22,2633.39
2017-03-23,2626.03
2017-03-24,2633.35
2017-03-27,2623.98
2017-03-28,2628.52
2017-03-29,2644.54
2017-03-30,2652.72
2017-03-31,2662.86
2017-04-03,2670.8
2017-04-04,2703.81
2017-04-05,2726.52
2017-04-06,2749.55
2017-04-07,2768.42
2017-04-11,2775.29
2017-04-12,2818.18
2017-04-17,2795.42
2017-04-18,2809.11
2017-04-19,2837.47
2017-04-20,2863.2
2017-04-21,2875.8
2017-04-24,2862.78
2017-04-25,2856.98
2017-04-26,2867.32
2017-04-27,2891.69
2017-04-28,2908.77
2017-05-02,2907.76
2017-05-03,2888.26
2017-05-04,2910.1
2017-05-05,2926.91
2017-05-08,2938.77
2017-05-09,2938.51
2017-05-12,2940.78
2017-05-15,2936.58
2017-05-16,2950.9
2017-05-17,2962.4
2017-05-18,2953.39
2017-05-19,2967.4
2017-05-22,2975.79
2017-05-23,2959.45
2017-05-24,2969.06
2017-05-25,2970.51
2017-05-26,2962.94
2017-05-29,2954.81
2017-05-30,2944.1
2017-05-31,2952.54
2017-06-01,2961.1
2017-06-02,2960.63
2017-06-05,2955.01
2017-06-06,2952.01
2017-06-07,2949.56
2017-06-09,2951.89
2017-06-12,2949.32
2017-06-13,2942.79
2017-06-14,2952.23
2017-06-15,2963.26
2017-06-16,2973.98
2017-06-19,3012.74
2017-06-20,3022.41
2017-06-21,3034.04
2017-06-22,3026.6
2017-06-23,3026.87
2017-06-27,3021.41
2017-06-28,3018.66
2017-06-29,3021.11
2017-06-30,3041.23
2017-07-03,3034.91
2017-07-04,3035.39
2017-07-05,3028.2
2017-07-06,3045.29
2017-07-07,3055.79
2017-07-10,3065.2
2017-07-11,3060.62
2017-07-12,3059.73
2017-07-13,3056.25
2017-07-14,3068.34
2017-07-17,3056.97
2017-07-18,3054.23
2017-07-19,3036.18
2017-07-20,3031.3
2017-07-21,3024.51
2017-07-24,3022.07
2017-07-25,3021.46
2017-07-26,3024.51
2017-07-27,3024.42
2017-07-28,3023.15
2017-07-31,3010.15
2017-08-01,2995.61
2017-08-02,2986.91
2017-08-03,2980.54
2017-08-04,2978.7
2017-08-08,2959.06
2017-08-09,2950.85
2017-08-10,2955.52
2017-08-11,2944.8
2017-08-14,2941.67
2017-08-15,2920.48
2017-08-16,2909.82
2017-08-17,2905.61
2017-08-18,2918.38
2017-08-21,2911.24
2017-08-22,2899.81
2017-08-23,2894.34
2017-08-24,2894.01
2017-08-25,2906.18
2017-08-28,2907.54
2017-08-29,2901.38
2017-08-30,2897.51
2017-08-31,2897.75
2017-09-04,2895.4
2017-09-06,2884.28
2017-09-07,2885.19
2017-09-08,2891.4
2017-09-11,2889.76
2017-09-12,2892.09
2017-09-13,2889.97
2017-09-14,2893.94
2017-09-15,2903.27
2017-09-18,2906.72
2017-09-19,2915.08
2017-09-20,2926.34
2017-09-21,2925.73
2017-09-22,2914.71
2017-09-25,2907.82
2017-09-26,2911.25
2017-09-27,2911.19
2017-09-28,2917.57
2017-09-29,2919.7
2017-10-02,2934.53
2017-10-03,2945.1
2017-10-04,2950.94
2017-10-06,2961.04
2017-10-09,2955.05
2017-10-10,2958.61
2017-10-11,2974.9
2017-10-12,3003.0
2017-10-13,3007.87
2017-10-16,2991.38
2017-10-17,2980.55
2017-10-19,2973.02
2017-10-20,2980.84
2017-10-23,2987.47
2017-10-24,2996.54
2017-10-25,3007.47
2017-10-26,3015.95
2017-10-27,3006.73
2017-10-30,3004.1
2017-10-31,3008.75
2017-11-01,3011.86
2017-11-02,3010.62
2017-11-06,3002.1
2017-11-07,2998.99
2017-11-08,3000.48
2017-11-09,2986.31
2017-11-10,2979.73
2017-11-13,2961.06
2017-11-14,2936.68
2017-11-15,2923.46
2017-11-16,2933.43
2017-11-17,2949.15
2017-11-20,2944.75
2017-11-21,2943.45
2017-11-22,2946.09
2017-11-23,2942.84
2017-11-24,2923.5
2017-11-27,2925.08
2017-11-28,2919.65
2017-11-29,2919.78
2017-11-30,2922.66
2017-12-04,2919.96
2017-12-05,2913.02
2017-12-06,2908.63
2017-12-07,2909.56
2017-12-08,2906.03
2017-12-11,2898.07
2017-12-12,2899.41
2017-12-13,2896.43
2017-12-14,2894.42
2017-12-15,2892.17
2017-12-18,2889.71
2017-12-19,2880.04
2017-12-20,2878.22
2017-12-21,2879.21
2017-12-22,2879.3
2017-12-26,2890.65
2017-12-27,2894.64
2017-12-28,2897.04
2017-12-29,2899.29
2018-01-02,2918.42
2018-01-03,2942.19
2018-01-04,2940.44
2018-01-05,2973.11
2018-01-08,2984.87
2018-01-09,2984.58
2018-01-10,2973.52
2018-01-11,2970.46
2018-01-12,2960.11
2018-01-16,2948.43
2018-01-17,2944.64
2018-01-18,2931.28
2018-01-19,2946.55
2018-01-22,2936.44
2018-01-23,2934.91
2018-01-24,2945.3
2018-01-25,2948.62
2018-01-26,2952.2
2018-01-29,2951.25
2018-01-30,2961.47
2018-02-01,2971.54
2018-02-02,2983.46
2018-02-06,2979.84
2018-02-07,2977.5
2018-02-08,2995.4
2018-02-09,3008.85
2018-02-12,2995.44
2018-02-14,2990.53
2018-02-15,3000.13
2018-02-16,3004.93
2018-02-19,3005.82
2018-02-20,3014.62
2018-02-21,3024.2
2018-02-22,3011.74
2018-02-23,3013.5
2018-02-26,3044.44
2018-02-27,3049.9
2018-02-28,3046.35
2018-03-02,3048.79
2018-03-05,3046.83
2018-03-06,3037.91
2018-03-07,3024.15
2018-03-08,3044.8
2018-03-09,3058.78
2018-03-12,3057.16
2018-03-13,3060.48
2018-03-14,3043.97
2018-03-15,3035.34
2018-03-16,3039.29
2018-03-19,3031.9
2018-03-20,3017.37
2018-03-21,3009.66
2018-03-22,3012.24
2018-03-23,3007.64
2018-03-26,3009.96
2018-03-27,3010.07
2018-03-28,3013.98
2018-03-29,3032.71
2018-04-02,3020.12
2018-04-03,3024.07
2018-04-04,3016.76
2018-04-05,3030.65
2018-04-06,3021.58
2018-04-09,3010.55
2018-04-10,3014.64
2018-04-11,3019.95
2018-04-12,3035.28
2018-04-16,3041.14
2018-04-17,3063.52
2018-04-18,3058.89
2018-04-19,3048.03
2018-04-20,3053.82
2018-04-23,3046.44
2018-04-24,3042.5
2018-04-25,3050.4
2018-04-26,3044.9
2018-04-27,3049.25
2018-05-01,3050.6
2018-05-02,3043.45
2018-05-03,3045.9
2018-05-04,3037.9
2018-05-08,3028.01
2018-05-09,3028.15
2018-05-10,3025.1
2018-05-11,3025.98
2018-05-14,3010.15
2018-05-15,3015.45
2018-05-16,3028.13
2018-05-17,3023.33
2018-05-18,3032.14
2018-05-21,3020.01
2018-05-22,3022.89
2018-05-23,3019.73
2018-05-24,3022.88
2018-05-25,3020.81
2018-05-28,3014.69
2018-05-30,2999.54
2018-05-31,2989.02
2018-06-01,2989.24
2018-06-04,2986.38
2018-06-05,2993.19
2018-06-06,2988.71
2018-06-07,2971.76
2018-06-08,2967.7
2018-06-11,2966.62
2018-06-12,2964.72
2018-06-13,2959.81
2018-06-14,2956.65
2018-06-18,2947.03
2018-06-19,2926.98
2018-06-20,2904.64
2018-06-21,2909.85
2018-06-22,2909.41
2018-06-25,2905.67
2018-06-26,2890.68
2018-06-28,2887.62
2018-06-29,2893.76
2018-07-02,2862.79
2018-07-03,2840.72
2018-07-04,2823.41
2018-07-05,2857.9
2018-07-06,2853.62
2018-07-09,2838.96
2018-07-10,2838.98
2018-07-11,2846.12
2018-07-12,2858.96
2018-07-13,2867.97
2018-07-16,2864.48
2018-07-17,2886.77
2018-07-18,2884.87
2018-07-19,2895.33
2018-07-20,2899.15
2018-07-23,2896.11
2018-07-24,2895.62
2018-07-25,2885.72
2018-07-26,2881.74
2018-07-30,2870.02
2018-07-31,2878.59
2018-08-01,2870.19
2018-08-02,2873.48
2018-08-03,2877.01
2018-08-06,2876.43
2018-08-07,2864.71
2018-08-08,2866.14
2018-08-09,2882.4
2018-08-10,2875.91
2018-08-13,2870.57
2018-08-14,2863.16
2018-08-15,2850.86
2018-08-16,2849.38
2018-08-17,2834.86
2018-08-20,2831.64
2018-08-21,2829.83
2018-08-23,2837.04
2018-08-24,2835.6
2018-08-27,2831.6
2018-08-28,2815.71
2018-08-29,2831.85
2018-08-30,2846.85
2018-08-31,2848.52
2018-09-03,2853.76
2018-09-04,2870.89
2018-09-05,2867.28
2018-09-06,2863.54
2018-09-07,2866.15
2018-09-10,2856.15
2018-09-11,2855.54
2018-09-12,2844.74
2018-09-13,2846.16
2018-09-14,2832.34
2018-09-17,2831.04
2018-09-18,2804.14
2018-09-19,2805.8
2018-09-20,2781.13
2018-09-21,2773.0
2018-09-25,2739.51
2018-09-26,2764.84
2018-09-27,2756.21
2018-09-28,2752.86
2018-10-01,2731.9
2018-10-02,2727.3
2018-10-03,2730.16
2018-10-04,2740.38
2018-10-05,2763.0
2018-10-08,2774.41
2018-10-09,2761.41
2018-10-10,2757.48
2018-10-11,2741.73
2018-10-12,2730.72
2018-10-15,2711.63
2018-10-16,2721.8
2018-10-17,2712.75
2018-10-18,2713.51
2018-10-19,2705.39
2018-10-22,2707.7
2018-10-23,2709.82
2018-10-25,2706.28
2018-10-26,2736.04
2018-10-29,2788.68
2018-10-30,2798.14
2018-10-31,2793.05
2018-11-01,2868.42
2018-11-02,2858.14
2018-11-05,2844.01
2018-11-07,2808.88
2018-11-08,2782.31
2018-11-09,2804.85
2018-11-12,2805.93
2018-11-13,2811.85
2018-11-14,2790.18
2018-11-15,2799.56
2018-11-16,2793.97
2018-11-19,2790.43
2018-11-21,2791.51
2018-11-23,2782.03
2018-11-26,2788.17
2018-11-27,2801.46
2018-11-28,2806.04
2018-11-29,2811.45
2018-11-30,2823.95
2018-12-03,2826.7
2018-12-04,2820.35
2018-12-05,2813.58
2018-12-06,2830.14
2018-12-07,2847.35
2018-12-10,2835.28
2018-12-11,2827.19
2018-12-12,2831.42
2018-12-13,2843.12
2018-12-14,2844.22
2018-12-17,2846.61
2018-12-18,2837.15
2018-12-19,2838.78
2018-12-20,2822.55
2018-12-21,2817.53
2018-12-24,2826.66
2018-12-26,2824.08
2018-12-27,2823.41
2018-12-28,2822.02
2018-12-31,2839.45
2019-01-02,2844.06
2019-01-03,2842.31
2019-01-04,2846.62
2019-01-07,2825.67
2019-01-08,2811.29
2019-01-09,2806.52
2019-01-10,2807.39
2019-01-11,2799.52
2019-01-14,2805.97
2019-01-16,2802.37
2019-01-17,2809.77
2019-01-18,2809.28
2019-01-21,2795.39
2019-01-22,2788.68
2019-01-23,2792.15
2019-01-24,2796.27
2019-01-25,2804.7
2019-01-28,2791.72
2019-01-29,2802.77
2019-01-30,2800.05
2019-01-31,2799.4
2019-02-01,2795.73
2019-02-05,2795.59
2019-02-06,2784.26
2019-02-07,2785.37
2019-02-08,2787.41
2019-02-11,2785.76
2019-02-12,2771.57
2019-02-13,2771.7
2019-02-14,2772.87
2019-02-15,2762.05
2019-02-18,2756.46
2019-02-20,2748.44
2019-02-21,2729.22
2019-02-22,2728.6
2019-02-25,2723.24
2019-02-26,2721.38
2019-02-27,2710.96
2019-02-28,2718.58
2019-03-01,2689.61
2019-03-05,2697.21
2019-03-06,2688.34
2019-03-07,2688.7
2019-03-08,2674.63
2019-03-11,2655.03
2019-03-12,2639.36
2019-03-13,2620.74
2019-03-14,2632.82
2019-03-15,2625.08
2019-03-18,2625.26
2019-03-19,2614.36
2019-03-21,2604.84
2019-03-22,2590.23
2019-03-25,2585.37
2019-03-26,2577.9
2019-03-27,2577.0
2019-03-28,2597.81
2019-03-29,2605.9
2019-04-01,2610.84
2019-04-02,2615.99
2019-04-03,2625.09
2019-04-04,2651.38
2019-04-05,2637.54
2019-04-08,2625.22
2019-04-09,2621.73
2019-04-10,2621.7
2019-04-11,2618.19
2019-04-12,2622.51
2019-04-16,2625.57
2019-04-17,2630.98
2019-04-18,2632.39
2019-04-23,2536.71
2019-04-24,2542.05
2019-04-25,2546.43
2019-04-26,2553.09
2019-04-29,2556.03
2019-04-30,2572.51
2019-05-02,2563.29
2019-05-03,2554.13
2019-05-06,2529.48
2019-05-07,2527.73
2019-05-08,2523.24
2019-05-09,2513.48
2019-05-10,2501.97
2019-05-13,2492.3
2019-05-14,2446.31
2019-05-15,2435.14
2019-05-16,2471.63
2019-05-17,2475.35
2019-05-21,2490.21
2019-05-22,2493.97
2019-05-23,2498.71
2019-05-24,2493.67
2019-05-27,2491.97
2019-05-28,2492.91
2019-05-29,2506.34
2019-05-30,2508.67
2019-05-31,2502.27
2019-06-03,2497.31
2019-06-04,2486.85
2019-06-06,2486.63
2019-06-07,2496.69
2019-06-10,2508.41
2019-06-11,2514.18
2019-06-12,2534.65
2019-06-13,2538.66
2019-06-14,2536.95
2019-06-17,2537.52
2019-06-18,2533.12
2019-06-19,2536.33
2019-06-20,2526.95
2019-06-21,2522.78
2019-06-24,2518.56
2019-06-25,2512.9
2019-06-26,2515.76
2019-06-27,2510.63
2019-06-28,2523.38
2019-07-01,2525.0
2019-07-02,2535.9
2019-07-03,2545.47
2019-07-04,2591.29
2019-07-05,2594.51
2019-07-08,2589.24
2019-07-09,2593.85
2019-07-10,2597.35
2019-07-11,2615.9
2019-07-12,2624.86
2019-07-15,2633.07
2019-07-17,2660.54
2019-07-18,2684.12
2019-07-19,2693.25
2019-07-22,2667.62
2019-07-23,2678.79
2019-07-24,2708.25
2019-07-25,2731.19
2019-07-26,2768.06
2019-07-29,2825.71
2019-07-30,2805.24
2019-07-31,2797.91
2019-08-01,2779.96
2019-08-02,2778.75
2019-08-05,2776.38
2019-08-06,2756.24
2019-08-07,2776.39
2019-08-08,2771.01
2019-08-09,2801.57
2019-08-13,2804.49
2019-08-15,2789.34
2019-08-16,2782.8
2019-08-19,2770.79
2019-08-20,2791.27
2019-08-21,2789.04
2019-08-22,2787.76
2019-08-23,2784.67
2019-08-26,2776.65
2019-08-27,2789.5
2019-08-28,2790.43
2019-08-29,2785.5
2019-08-30,2780.49
2019-09-02,2775.03
2019-09-03,2777.45
2019-09-04,2767.12
2019-09-05,2761.69
2019-09-06,2737.3
2019-09-09,2745.77
2019-09-10,2748.58
2019-09-11,2748.22
2019-09-12,2750.44
2019-09-16,2751.67
2019-09-17,2743.61
2019-09-18,2741.93
2019-09-19,2743.6
2019-09-20,2735.5
2019-09-23,2727.28
2019-09-24,2711.72
2019-09-25,2720.63
2019-09-26,2725.52
2019-09-27,2725.01
2019-09-30,2709.22
2019-10-01,2707.05
2019-10-02,2642.67
2019-10-03,2633.2
2019-10-04,2638.95
2019-10-07,2647.77
2019-10-08,2661.67
2019-10-09,2694.46
2019-10-10,2696.71
2019-10-11,2706.09
2019-10-14,2722.52
2019-10-15,2708.89
2019-10-16,2707.1
2019-10-17,2717.98
2019-10-18,2719.56
2019-10-21,2719.79
2019-10-22,2727.4
2019-10-23,2731.08
2019-10-24,2744.04
2019-10-25,2752.85
2019-10-28,2757.86
2019-10-29,2766.29
2019-10-30,2766.36
2019-10-31,2781.67
2019-11-01,2801.1
2019-11-04,2790.93
2019-11-05,2787.64
2019-11-06,2770.36
2019-11-07,2758.99
2019-11-08,2769.48
2019-11-13,2785.66
2019-11-14,2781.31
2019-11-15,2801.9
2019-11-18,2851.46
2019-11-19,2857.6
2019-11-20,2855.66
2019-11-21,2855.54
2019-11-22,2846.67
2019-11-25,2830.14
2019-11-26,2835.31
2019-11-27,2846.48
2019-11-28,2884.75
2019-11-29,2889.79
2019-12-02,2891.31
2019-12-03,2891.2
2019-12-04,2887.21
2019-12-05,2866.03
2019-12-06,2860.77
2019-12-09,2839.4
2019-12-10,2819.2
2019-12-12,2837.56
2019-12-13,2832.91
2019-12-16,2817.71
2019-12-17,2820.2
2019-12-18,2818.69
2019-12-19,2812.26
2019-12-20,2812.01
2019-12-23,2806.0
2019-12-24,2815.91
2019-12-26,2831.53
2019-12-27,2848.25
2019-12-30,2863.77
2019-12-31,2851.31
2020-01-02,2841.7
2020-01-03,2842.97
2020-01-06,2823.74
2020-01-07,2803.35
2020-01-08,2744.15
2020-01-09,2785.41
2020-01-13,2782.24
2020-01-14,2776.63
2020-01-16,2763.78
2020-01-17,2760.02
2020-01-20,2748.1
2020-01-21,2751.88
2020-01-22,2764.48
2020-01-23,2784.53
2020-01-24,2787.69
2020-01-27,2763.32
2020-01-28,2740.12
2020-01-29,2764.09
2020-01-30,2760.1
2020-01-31,2761.11
2020-02-03,2762.3
2020-02-05,2767.44
2020-02-06,2770.33
2020-02-07,2767.65
2020-02-10,2763.57
2020-02-11,2747.41
2020-02-12,2737.8
2020-02-13,2727.96
2020-02-14,2714.88
2020-02-17,2707.92
2020-02-18,2715.71
2020-02-19,2723.55
2020-02-20,2715.49
2020-02-24,2700.02
2020-02-25,2669.11
2020-02-26,2628.45
2020-02-27,2633.99
2020-02-28,2599.15
2020-03-02,2609.09
2020-03-03,2611.71
2020-03-04,2573.14
2020-03-05,2549.35
2020-03-06,2483.75
2020-03-10,2380.91
2020-03-11,2419.31
2020-03-12,2333.33
2020-03-13,2269.37
2020-03-20,2128.3
2020-05-11,2044.8
2020-05-12,1977.58
2020-05-13,2033.1
2020-05-14,2045.4
2020-05-15,2066.5
2020-05-18,2144.7
2020-05-19,2188.5
2020-05-20,2176.4
2020-05-21,2237.03
2020-05-22,2244.08
2020-05-26,2234.88
2020-05-27,2244.13
2020-05-28,2284.88
2020-05-29,2265.99
2020-06-01,2241.98
2020-06-02,2239.74
2020-06-03,2235.92
2020-06-04,2235.26
2020-06-08,2263.7
2020-06-09,2297.13
2020-06-10,2299.08
2020-06-11,2298.95
2020-06-12,2297.82
2020-06-15,2293.19
2020-06-16,2295.4
2020-06-17,2315.33
2020-06-18,2324.08
2020-06-19,2330.36
2020-06-22,2356.55
2020-06-23,2373.62
2020-06-24,2387.1
2020-06-25,2402.8
2020-06-26,2411.11
2020-06-29,2406.63
2020-06-30,2404.67
2020-07-01,2404.13
2020-07-02,2385.75
2020-07-03,2358.6
2020-07-06,2370.27
2020-07-07,2373.02
2020-07-08,2367.29
2020-07-09,2377.05
2020-07-10,2331.38
2020-07-13,2278.68
2020-07-14,2310.13
2020-07-15,2295.93
2020-07-16,2313.13
2020-07-17,2329.46
2020-07-20,2352.97
2020-07-21,2350.92
2020-07-22,2343.28
2020-07-23,2353.13
2020-07-24,2383.78
2020-07-27,2402.52
2020-07-28,2399.98
2020-07-29,2397.42
2020-07-30,2394.65
2020-07-31,2411.67
2020-08-04,2431.69
2020-08-05,2422.0
2020-08-07,2436.24
2020-08-10,2424.13
2020-08-11,2445.62
2020-08-12,2456.99
2020-08-13,2464.07
2020-08-14,2476.49
2020-08-17,2471.6
2020-08-18,2484.92
2020-08-19,2518.39
2020-08-20,2522.74
2020-08-21,2533.14
2020-08-25,2330.91
2020-08-26,2318.94
2020-08-27,2317.92
2020-08-28,2312.51
2020-08-31,2316.19
2020-09-02,2329.51
2020-09-03,2325.54
2020-09-04,2308.41
2020-09-07,2308.08
2020-09-08,2310.42
2020-09-09,2334.03
2020-09-10,2346.71
2020-09-11,2363.82
2020-09-14,2386.28
2020-09-15,2405.01
2020-09-16,2427.48
2020-09-17,2459.32
2020-09-18,2486.27
2020-09-21,2504.54
2020-09-22,2512.46
2020-09-23,2508.94
2020-09-24,2525.94
2020-09-25,2546.73
2020-09-28,2620.26
2020-09-29,2599.62
2020-09-30,2595.84
2020-10-02,2624.18
2020-10-05,2423.36
2020-10-06,2400.56
2020-10-07,2417.23
2020-10-08,2491.81
2020-10-09,2524.09
2020-10-12,2542.55
2020-10-13,2525.97
2020-10-14,2563.92
2020-10-15,2576.91
2020-10-16,2588.14
2020-10-19,2588.27
2020-10-20,2583.11
2020-10-21,2474.47
2020-10-22,2512.44
2020-10-23,2511.16
2020-10-26,2467.8
2020-10-27,2474.09
2020-10-28,2439.22
2020-10-29,2494.26
2020-11-02,2489.6
2020-11-03,2546.12
2020-11-04,2573.41
2020-11-05,2616.2
2020-11-06,2649.31
2020-11-09,2664.3
2020-11-10,2658.27
2020-11-11,2659.16
2020-11-12,2656.14
2020-11-13,2652.42
2020-11-16,2650.02
2020-11-17,2663.97
2020-11-18,2663.67
2020-11-19,2643.02
2020-11-20,2653.54
2020-11-23,2647.9
2020-11-24,2654.7
2020-11-25,2678.31
2020-11-26,2682.1
2020-11-27,2700.63
2020-11-30,2728.11
2020-12-01,2760.84
2020-12-02,2773.25
2020-12-03,2779.43
2020-12-04,2795.85
2020-12-07,2829.15
2020-12-08,2868.59
2020-12-09,2886.54
2020-12-10,2888.42
2020-12-11,2890.68
2020-12-14,2909.07
2020-12-15,2898.25
2020-12-16,2908.65
2020-12-17,2894.87
2020-12-18,2891.73
2020-12-21,2894.25
2020-12-22,2899.58
2020-12-23,2897.01
2020-12-24,2921.75
2020-12-28,2930.32
2020-12-30,2949.17
2020-12-31,2960.65
2021-01-04,3013.43
2021-01-05,3050.09
2021-01-06,3076.02
2021-01-07,3102.72
2021-01-08,3112.2
2021-01-11,3148.97
2021-01-12,3183.33
2021-01-13,3253.7
2021-01-15,3381.08
2021-01-18,3463.3
2021-01-19,3413.6
2021-01-20,3446.6
2021-01-21,3554.49
2021-01-22,3699.69
2021-01-25,3800.64
2021-01-26,3788.17
2021-01-27,3852.07
2021-01-29,3789.15
2021-02-01,3745.0
2021-02-02,3499.56
2021-02-03,3604.12
2021-02-05,3617.62
2021-02-08,3546.75
2021-02-09,3481.43
2021-02-10,3380.3
2021-02-11,3321.98
2021-02-12,3491.27
2021-02-15,3457.29
2021-02-16,3314.6
2021-02-17,3317.85
2021-02-18,3382.57
2021-02-19,3410.31
2021-02-22,3322.65
2021-02-23,3205.08
2021-02-24,3223.74
2021-02-25,3269.43
2021-03-01,3252.72
2021-03-02,3211.28
2021-03-03,3145.57
2021-03-04,3062.03
2021-03-05,3084.97
2021-03-08,3200.39
2021-03-09,3190.97
2021-03-10,3154.15
2021-03-12,3169.37
2021-03-15,3131.3
2021-03-16,3113.5
2021-03-17,3080.64
2021-03-18,3027.75
2021-03-19,2994.36
2021-03-22,3043.45
2021-03-23,3048.96
2021-03-24,3117.25
2021-03-25,3101.22
2021-03-26,3100.45
2021-03-29,3113.69
2021-03-30,3108.57
2021-03-31,3111.26
2021-04-01,3142.71
2021-04-05,3153.44
2021-04-06,3180.74
2021-04-07,3193.84
2021-04-08,3238.49
2021-04-09,3258.6
2021-04-12,3310.42
2021-04-15,3348.13
2021-04-16,3328.94
2021-04-19,3308.33
2021-04-20,3221.52
2021-04-21,3255.82
2021-04-22,3230.91
2021-04-23,3188.91
2021-04-27,3115.74
2021-04-28,3192.12
2021-04-29,3182.55
2021-04-30,3178.8
2021-05-03,3182.06
2021-05-04,3136.48
2021-05-05,3151.7
2021-05-06,3170.28
2021-05-07,3194.06
2021-05-10,3149.64
2021-05-11,3151.88
2021-05-12,3160.0
2021-05-13,3189.32
2021-05-17,3243.11
2021-05-18,3245.55
2021-05-19,3239.32
2021-05-20,3218.38
2021-05-21,3186.23
2021-05-24,3191.91
2021-05-25,3211.61
2021-05-28,3237.37
2021-05-31,3268.27
2021-06-01,3289.37
2021-06-02,3283.19
2021-06-03,3318.35
2021-06-04,3340.95
2021-06-07,3351.78
2021-06-08,3339.52
2021-06-09,3349.29
2021-06-10,3365.63
2021-06-11,3369.68
2021-06-14,3357.26
2021-06-15,3367.56
2021-06-16,3383.35
2021-06-17,3391.49
2021-06-18,3416.49
2021-06-21,3421.48
2021-06-22,3428.6
2021-06-23,3427.9
2021-06-25,3457.57
2021-06-28,3487.98
2021-06-29,3478.6
2021-06-30,3470.24
2021-07-01,3421.91
2021-07-02,3429.86
2021-07-05,3450.95
2021-07-06,3450.07
2021-07-07,3457.67
2021-07-08,3458.66
2021-07-09,3476.63
2021-07-12,3482.56
2021-07-13,3503.36
2021-07-14,3514.82
2021-07-15,3538.43
2021-07-16,3529.79
2021-07-19,3554.42
2021-07-20,3575.5
2021-07-22,3605.82
2021-07-26,3599.6
2021-07-27,3586.42
2021-07-28,3588.19
2021-07-29,3607.6
2021-07-30,3598.61
2021-08-02,3610.81
2021-08-03,3643.84
2021-08-04,3638.42
2021-08-05,3550.51
2021-08-06,3589.15
2021-08-09,3590.15
2021-08-10,3576.63
2021-08-11,3587.57
2021-08-12,3550.35
2021-08-13,3557.08
2021-08-16,3530.94
2021-08-17,3618.68
2021-08-18,3711.36
2021-08-19,3676.75
2021-08-20,3667.84
2021-08-23,3774.49
2021-08-24,3858.31
2021-08-25,3901.53
2021-08-26,3974.63
2021-08-27,3979.0
2021-08-30,3963.49
2021-08-31,4009.46
2021-09-01,4083.22
2021-09-02,4160.25
2021-09-03,4151.63
2021-09-06,4112.03
2021-09-07,4051.81
2021-09-08,3905.42
2021-09-09,4004.43
2021-09-10,3950.47
2021-09-13,3804.12
2021-09-14,3873.51
2021-09-15,3979.83
2021-09-16,3942.77
2021-09-17,3922.23
2021-09-21,3908.17
2021-09-22,3916.04
2021-09-23,3934.89
2021-09-24,3983.8
2021-09-27,4130.83
2021-09-28,4161.86
2021-09-29,4203.97
2021-09-30,4215.63
2021-10-01,4207.68
2021-10-04,4252.26
2021-10-05,4248.39
2021-10-06,4289.75
2021-10-07,4309.6
2021-10-08,4313.12
2021-10-11,4299.91
2021-10-12,4295.95
2021-10-13,4232.28
2021-10-14,4287.61
2021-10-15,4288.57
2021-10-18,4326.59
2021-10-21,4403.4
2021-10-22,4418.43
2021-10-25,4477.06
2021-10-26,4512.83
2021-10-27,4521.67
2021-10-28,4518.11
2021-10-29,4529.29
2021-11-01,4515.56
2021-11-02,4577.77
2021-11-03,4640.31
2021-11-05,4738.44
2021-11-08,4733.62
2021-11-09,4617.92
2021-11-10,4692.43
2021-11-11,4765.98
2021-11-12,4757.14
2021-11-15,4795.62
2021-11-16,4912.81
2021-11-17,4920.2
2021-11-19,4756.78
2021-11-22,4827.53
2021-11-23,4877.26
2021-11-24,4868.99
2021-11-25,4920.61
2021-11-26,4997.35
2021-11-29,4999.32
2021-11-30,5105.73
2021-12-01,5092.05
2021-12-02,5021.73
2021-12-03,4903.91
2021-12-06,4924.49
2021-12-07,4948.48
2021-12-08,4918.53
2021-12-09,4988.76
2021-12-10,5084.73
2021-12-13,5204.74
2021-12-14,5268.09
2021-12-15,5252.43
2021-12-16,5218.56
2021-12-17,5251.98
2021-12-20,5205.8
2021-12-21,5205.15
2021-12-22,5282.71
2021-12-23,5349.98
2021-12-24,5403.45
2021-12-27,5375.61
2021-12-28,5330.92
2021-12-29,5334.27
2021-12-30,5387.09
2021-12-31,5489.17
2022-01-03,5668.67
2022-01-04,5747.12
2022-01-05,5871.2
2022-01-06,5912.73
2022-01-07,5965.36
2022-01-10,5891.8
2022-01-11,5874.94
2022-01-12,5894.4
2022-01-13,5991.2
2022-01-18,6045.34
2022-01-19,6047.67
2022-01-20,6002.2
2022-01-21,6017.44
2022-01-24,6016.47
2022-01-25,5923.47
2022-01-26,5861.91
2022-01-27,5732.94
2022-01-28,5730.36
2022-01-31,5815.46
2022-02-01,5763.88
2022-02-02,5598.2
2022-02-03,5738.3
2022-02-07,5737.48
2022-02-08,5629.81
2022-02-09,5467.0
2022-02-10,5531.22
2022-02-11,5665.59
2022-02-14,5671.21
2022-02-15,5665.01
2022-02-17,5656.4
2022-02-18,5533.43
2022-02-21,5218.32
2022-02-22,5220.6
2022-02-23,4990.57
2022-02-24,4690.56
2022-02-25,4967.34
2022-02-28,5251.75
2022-03-02,5155.68
2022-03-03,5019.05
2022-03-04,5078.83
2022-03-07,4925.0
2022-03-08,4639.98
2022-03-09,4402.58
2022-03-10,4812.82
2022-03-11,4700.24
2022-03-14,4638.61
2022-03-15,4492.84
2022-03-16,4456.81
2022-03-18,4553.05
2022-03-21,4583.14
2022-03-22,4565.3
2022-03-23,4537.95
2022-03-24,4542.7
2022-03-25,4552.7
2022-03-28,4406.68
2022-03-29,4166.03
2022-03-30,3974.95
2022-03-31,3826.5
2022-04-01,3598.98
2022-04-04,3475.45
2022-04-05,3697.81
2022-04-06,3765.28
2022-04-07,3571.43
2022-04-08,3538.06
2022-04-25,3244.81
2022-04-26,2938.82
2022-04-27,3189.17
2022-04-28,3210.27
2022-04-29,3226.43
2022-05-04,3214.24
2022-05-05,3176.26
2022-05-06,3089.6
2022-05-09,3166.7
2022-05-12,3291.15
2022-05-13,3469.82
2022-05-17,3702.57
2022-05-18,3694.15
2022-05-19,3563.41
2022-05-20,3635.4
2022-05-23,3773.22
2022-05-24,3726.77
2022-05-25,3713.67
2022-05-26,3700.68
2022-05-27,3710.4
2022-05-30,3683.23
2022-05-31,3611.19
2022-06-01,3587.48
2022-06-02,3603.14
2022-06-03,3573.42
2022-06-06,3425.93
2022-06-07,3322.46
2022-06-08,3412.91
2022-06-09,3457.99
2022-06-10,3461.5
2022-06-13,3435.53
2022-06-15,3378.68
2022-06-16,3342.2
2022-06-17,3221.3
2022-06-20,3206.61
2022-06-21,3244.34
2022-06-22,3247.0
2022-06-23,3286.41
2022-06-24,3343.4
2022-06-27,3232.1
2022-06-28,3163.25
2022-06-29,3196.03
2022-06-30,3184.16
2022-07-01,3232.6
2022-07-04,3188.44
2022-07-05,3134.31
2022-07-06,3077.16
2022-07-07,3056.41
2022-07-08,3075.93
2022-07-11,3184.77
2022-07-12,3215.97
2022-07-14,3182.5
2022-07-15,3251.43
2022-07-18,3272.8
2022-07-19,3310.79
2022-07-20,3339.08
2022-07-21,3343.63
2022-07-22,3339.51
2022-07-25,3294.48
2022-07-26,3281.01
2022-07-27,3279.07
2022-07-28,3302.35
2022-07-29,3321.54
2022-08-01,3315.16
2022-08-02,3389.82
2022-08-03,3507.25
2022-08-04,3622.38
2022-08-05,3641.63
2022-08-08,3686.76
2022-08-09,3702.77
2022-08-10,3804.62
2022-08-12,3945.24
2022-08-15,4017.21
2022-08-16,4002.5
2022-08-17,3911.65
2022-08-18,3966.7
2022-08-19,4015.9
2022-08-22,4045.89
2022-08-23,4014.44
2022-08-24,3968.78
2022-08-25,3889.58
2022-08-26,3870.19
2022-08-29,3832.15
2022-08-30,3898.5
2022-08-31,3964.04
2022-09-01,4035.75
2022-09-02,4106.05
2022-09-05,4188.59
2022-09-06,4175.05
2022-09-07,4219.05
2022-09-08,4291.33
2022-09-09,4323.16
2022-09-12,4352.7
2022-09-13,4306.13
2022-09-14,4359.34
2022-09-15,4400.15
2022-09-16,4415.87
2022-09-19,4383.34
2022-09-20,4349.2
2022-09-21,4365.55
2022-09-22,4392.73
2022-09-23,4369.91
2022-09-26,4339.17
2022-09-27,4344.54
2022-09-28,4361.45
2022-09-29,4346.84
2022-09-30,4341.13
2022-10-03,4202.83
2022-10-04,4017.24
2022-10-05,4052.9
2022-10-06,3997.55
2022-10-07,3939.89
2022-10-11,3797.35
2022-10-12,3852.57
2022-10-13,3995.95
2022-10-14,3997.61
2022-10-17,3941.03
2022-10-18,3895.22
2022-10-19,3891.04
2022-10-20,3825.58
2022-10-21,3809.46
2022-10-25,3745.9
2022-10-26,3787.57
2022-10-27,3880.29
2022-10-28,3840.46
2022-10-31,3779.4
2022-11-01,3798.77
2022-11-02,3794.88
2022-11-03,3763.12
2022-11-04,3756.5
2022-11-08,3660.16
2022-11-09,3672.32
2022-11-10,3674.49
2022-11-11,3713.65
2022-11-14,3699.25
2022-11-15,3685.39
2022-11-16,3585.12
2022-11-17,3568.51
2022-11-18,3456.35
2022-11-21,3443.98
2022-11-22,3551.5
2022-11-23,3615.91
2022-11-24,3543.88
2022-11-25,3624.09
2022-11-28,3727.44
2022-11-29,3764.11
2022-11-30,3888.16
2022-12-01,3917.77
2022-12-02,3930.72
2022-12-05,3986.84
2022-12-06,4021.48
2022-12-08,3997.72
2022-12-09,3990.51
2022-12-12,4000.78
2022-12-13,3985.82
2022-12-14,4015.33
2022-12-15,3992.28
2022-12-16,3951.64
2022-12-19,3912.87
2022-12-20,3845.74
2022-12-21,3819.42
2022-12-22,3801.78
2022-12-23,3795.47
2022-12-27,3824.86
2022-12-28,3812.93
2022-12-29,3826.7
2022-12-30,3847.15
2023-01-02,3859.74
2023-01-03,3847.81
2023-01-04,3822.65
2023-01-05,3788.29
2023-01-09,3775.18
2023-01-10,3744.11
2023-01-11,3745.15
2023-01-12,3719.04
2023-01-13,3680.16
2023-01-17,3748.67
2023-01-18,3736.78
2023-01-19,3763.39
2023-01-20,3844.66
2023-01-23,3926.35
2023-01-24,3906.38
2023-01-25,3912.58
2023-01-26,3901.65
2023-01-27,3912.84
2023-01-30,3885.62
2023-01-31,3881.14
2023-02-02,3926.78
2023-02-03,4060.93
2023-02-06,4036.02
2023-02-07,3989.13
2023-02-08,3990.76
2023-02-09,3977.4
2023-02-10,3969.86
2023-02-13,3898.98
2023-02-14,3830.36
2023-02-15,3817.94
2023-02-16,3923.13
2023-02-17,3895.07
2023-02-20,3974.15
2023-02-21,4004.03
2023-02-22,4009.52
2023-02-23,4066.52
2023-02-24,4077.3
2023-02-27,4042.72
2023-02-28,3906.11
2023-03-01,3912.65
2023-03-02,3939.91
2023-03-03,3969.26
2023-03-07,4009.27
2023-03-08,4015.87
2023-03-09,4027.37
2023-03-10,3989.56
2023-03-13,3945.47
2023-03-14,3962.32
2023-03-15,3983.95
2023-03-16,3983.88
2023-03-17,3998.43
2023-03-20,4042.56
2023-03-21,4021.32
2023-03-22,4025.75
2023-03-23,3987.98
2023-03-24,3985.41
2023-03-27,3943.7
2023-03-28,3924.66
2023-03-29,3911.35
2023-03-30,3880.56
2023-03-31,3903.54
2023-04-03,3896.48
2023-04-04,3869.73
2023-04-06,3911.73
2023-04-10,3953.62
2023-04-11,4008.88
2023-04-12,3995.09
2023-04-17,4008.48
2023-04-18,3991.41
2023-04-19,3958.93
2023-04-20,3955.08
2023-04-21,3943.74
2023-04-24,3913.55
2023-04-25,3883.7
2023-04-26,3871.75
2023-04-27,3834.19
2023-04-28,3823.37
2023-05-02,3707.03
2023-05-03,3750.25
2023-05-04,3759.41
2023-05-08,3781.83
2023-05-09,3785.08
2023-05-10,3769.69
2023-05-11,3779.58
2023-05-12,3761.93
2023-05-15,3745.59
2023-05-16,3717.29
2023-05-17,3722.07
2023-05-18,3707.68
2023-05-19,3675.75
2023-05-22,3639.22
2023-05-23,3635.41
2023-05-24,3694.9
2023-05-25,3671.86
2023-05-26,3660.81
2023-05-29,3609.92
2023-05-30,3587.46
2023-05-31,3598.3
2023-06-01,3662.38
2023-06-02,3698.35
2023-06-05,3698.86
2023-06-06,3685.46
2023-06-08,3685.04
2023-06-09,3692.84
2023-06-12,3776.07
2023-06-13,3816.33
2023-06-14,3876.07
2023-06-15,3863.43
2023-06-16,3851.78
2023-06-19,3826.14
2023-06-20,3834.69
2023-06-21,3884.07
2023-06-22,3890.34
2023-06-23,3889.3
2023-06-26,3901.17
2023-06-27,3872.06
2023-06-28,3901.28
2023-07-04,4128.65
2023-07-05,4168.67
2023-07-06,4183.92
2023-07-07,4229.97
2023-07-10,4235.14
2023-07-11,4236.23
2023-07-12,4302.18
2023-07-13,4300.72
2023-07-14,4328.0
2023-07-17,4363.22
2023-07-18,4356.9
2023-07-19,4370.64
2023-07-20,4415.3
2023-07-21,4445.08
2023-07-24,4441.73
2023-07-25,4427.73
2023-07-26,4402.25
2023-07-27,4483.35
2023-07-28,4496.67
2023-07-31,4537.3
2023-08-02,4545.63
2023-08-03,4583.84
2023-08-04,4602.27
2023-08-07,4593.85
2023-08-08,4600.9
2023-08-09,4581.08
2023-08-10,4580.04
2023-08-11,4567.91
2023-08-14,4516.27
2023-08-15,4473.32
2023-08-16,4530.26
2023-08-17,4528.68
2023-08-18,4521.35
2023-08-21,4489.5
2023-08-22,4468.01
2023-08-23,4504.04
2023-08-24,4469.93
2023-08-25,4449.46
2023-08-28,4433.95
2023-08-29,4435.62
2023-08-31,4441.26
2023-09-01,4449.06
2023-09-04,4515.61
2023-09-05,4533.55
2023-09-06,4495.71
2023-09-07,4504.48
2023-09-08,4545.3
2023-09-11,4522.45
2023-09-12,4513.45
2023-09-13,4535.47
2023-09-14,4566.32
2023-09-15,4547.56
2023-09-18,4511.49
2023-09-19,4479.77
2023-09-20,4488.89
2023-09-21,4463.9
2023-09-22,4489.01
2023-09-25,4489.43
2023-09-26,4503.52
2023-09-27,4537.14
2023-10-02,4484.87
2023-10-03,4433.89
2023-10-04,4450.83
2023-10-05,4453.63
2023-10-06,4434.37
2023-10-09,4372.26
2023-10-10,4372.15
2023-10-11,4316.38
2023-10-12,4359.31
2023-10-13,4362.28
2023-10-16,4336.13
2023-10-17,4315.89
2023-10-18,4283.16
2023-10-19,4279.44
2023-10-20,4360.23
2023-10-23,4369.08
2023-10-24,4324.97
2023-10-25,4285.38
2023-10-26,4252.01
2023-10-27,4305.43
2023-10-30,4302.23
2023-10-31,4296.24
2023-11-01,4330.99
2023-11-02,4348.79
2023-11-03,4337.93
2023-11-06,4343.85
2023-11-07,4385.17
2023-11-08,4392.77
2023-11-09,4380.6
2023-11-10,4373.62
2023-11-13,4376.99
2023-11-14,4335.36
2023-11-15,4314.4
2023-11-16,4291.85
2023-11-17,4280.2
2023-11-20,4255.85
2023-11-21,4237.39
2023-11-22,4257.57
2023-11-23,4243.5
2023-11-24,4241.22
2023-11-27,4225.99
2023-11-28,4219.3
2023-11-29,4241.8
2023-11-30,4260.86
2023-12-01,4296.81
2023-12-04,4308.91
2023-12-05,4278.39
2023-12-06,4279.59
2023-12-07,4280.62
2023-12-08,4306.42
2023-12-11,4334.65
2023-12-12,4336.52
2023-12-13,4328.03
2023-12-14,4301.31
2023-12-15,4280.26
2023-12-21,4237.19
2023-12-22,4232.95
2023-12-29,4248.93
2024-01-02,4251.93
2024-01-03,4262.73
2024-01-04,4270.51
2024-01-05,4278.4
2024-01-08,4284.27
2024-01-09,4286.61
2024-01-10,4269.62
2024-01-11,4250.83
2024-01-12,4247.02
2024-01-16,4231.63
2024-01-17,4142.33
2024-01-18,4111.17
2024-01-19,4096.89
2024-01-22,4078.53
2024-01-23,4033.84
2024-01-24,4031.22
2024-01-26,4048.83
2024-01-29,4036.17
2024-01-30,4039.73
2024-01-31,4045.8
2024-02-01,4065.06
2024-02-02,4078.66
2024-02-06,4101.97
2024-02-07,4102.44
2024-02-08,4102.62
2024-02-09,4109.98
2024-02-12,4121.85
2024-02-13,4114.72
2024-02-14,4103.14
2024-02-15,4113.08
2024-02-16,4126.0
2024-02-19,4148.03
2024-02-20,4147.23
2024-02-21,4150.34
2024-02-22,4173.97
2024-02-26,4156.76
2024-02-27,4156.73
2024-02-28,4173.98
2024-02-29,4186.09
2024-03-01,4215.62
2024-03-04,4279.75
2024-03-05,4294.1
2024-03-06,4313.81
2024-03-07,4408.43
2024-03-11,4444.71
2024-03-12,4462.44
2024-03-13,4494.86
2024-03-14,4496.59
2024-03-15,4495.37
2024-03-18,4492.08
2024-03-19,4482.98
2024-03-20,4474.22
2024-03-21,4452.26
2024-03-22,4490.17
2024-03-25,4473.22
2024-03-26,4514.13
2024-03-27,4536.96
2024-03-28,4534.65
2024-04-05,4604.3
2024-04-10,4696.53
2024-04-15,4714.52
2024-04-16,4643.31
2024-04-17,4665.3
2024-04-18,4664.06
2024-04-19,4670.69
2024-04-22,4718.16
2024-04-24,4764.21
2024-04-25,4807.81
2024-04-26,4842.86
2024-04-29,4862.99
2024-04-30,4893.87
2024-05-02,4893.1
2024-05-03,4907.31
2024-05-06,4912.5
2024-05-07,4915.27
2024-05-08,4901.93
2024-05-09,4909.29
2024-05-10,4941.65
2024-05-13,4927.97
2024-05-14,4875.88
2024-05-15,4844.62
2024-05-16,4841.92
2024-05-17,4867.2
2024-05-20,4825.91
2024-05-21,4821.84
2024-05-22,4874.4
2024-05-27,4857.5
2024-05-28,4824.01
2024-05-29,4785.4
2024-05-30,4806.52
2024-05-31,4780.99
2024-06-03,4749.12
2024-06-04,4776.48
2024-06-05,4805.38
2024-06-06,4849.08
2024-06-07,4844.53
2024-06-10,4863.55
2024-06-11,4869.37
2024-06-12,4867.88
2024-06-13,4856.36
2024-06-14,4834.4
2024-06-18,4816.47
2024-06-19,4803.25
2024-06-20,4802.3
2024-06-24,4803.44
2024-06-25,4801.24
2024-06-26,4795.75
2024-06-27,4771.66
2024-06-28,4760.0
2024-07-01,4745.7
2024-07-02,4752.56
2024-07-03,4718.87
2024-07-04,4681.16
2024-07-05,4686.02
2024-07-08,4644.45
2024-07-09,4622.16
2024-07-10,4632.73
2024-07-11,4627.14
2024-07-12,4651.42
2024-07-15,4675.71
2024-07-16,4696.85
2024-07-17,4673.35
2024-07-18,4648.8
2024-07-19,4634.45
2024-07-22,4568.46
2024-07-23,4592.83
2024-07-24,4626.41
2024-07-25,4602.4
2024-07-26,4601.27
2024-07-29,4592.88
2024-07-30,4546.72
2024-07-31,4504.26
2024-08-01,4519.44
2024-08-02,4526.66
2024-08-05,4455.35
2024-08-06,4463.3
2024-08-07,4463.95
2024-08-08,4454.39
2024-08-09,4468.03
2024-08-12,4474.83
2024-08-13,4498.09
2024-08-14,4526.11
2024-08-15,4563.32
2024-08-16,4550.48
2024-08-20,4544.3
2024-08-21,4537.18
2024-08-22,4531.14
2024-08-23,4499.86
2024-08-26,4439.77
2024-08-27,4402.51
2024-08-28,4341.28
2024-08-29,4335.06
2024-08-30,4320.98
2024-09-02,4254.76
2024-09-03,4230.47
2024-09-04,4294.07
2024-09-05,4277.81
2024-09-06,4271.21
2024-09-09,4229.68
2024-09-10,4230.0
2024-09-11,4222.57
2024-09-12,3939.11
2024-09-13,3973.29
2024-09-18,4017.61
2024-09-19,4044.96
2024-09-20,4065.26
2024-09-23,4099.85
2024-09-24,4196.11
2024-09-25,4319.34
2024-09-26,4310.63
2024-09-27,4347.48
2024-09-30,4381.83
2024-10-01,4407.76
2024-10-02,4380.62
2024-10-03,4376.6
2024-10-04,4414.45
2024-10-07,4438.87
2024-10-08,4445.12
2024-10-09,4445.22
2024-10-10,4443.0
2024-10-11,4495.65
2024-10-14,4491.42
2024-10-15,4514.49
2024-10-16,4523.35
2024-10-18,4533.77
2024-10-21,4536.53
2024-10-22,4536.76
2024-10-23,4546.8
2024-10-24,4578.4
2024-10-25,4598.94
2024-10-28,4647.13
2024-10-29,4671.36
2024-10-30,4677.87
2024-11-01,4714.38
2024-11-04,4709.38
2024-11-05,4694.08
2024-11-06,4660.83
2024-11-07,4668.91
2024-11-08,4689.19
2024-11-11,4712.94
2024-11-12,4751.08
2024-11-13,4800.25
2024-11-14,4820.67
2024-11-18,4828.6
2024-11-19,4785.28
2024-11-20,4786.49
2024-11-21,4731.93
2024-11-22,4744.68
2024-11-25,4678.34
2024-11-26,4714.4
2024-11-27,4733.79
2024-11-28,4777.65
2024-11-29,4782.14
2024-12-02,4802.83
2024-12-03,4846.58
2024-12-04,4900.83
2024-12-05,4922.98
2024-12-06,4949.15
2024-12-09,4998.42
2024-12-10,5046.56
2024-12-11,5082.9
2024-12-12,5129.89
2024-12-13,5172.02
2024-12-16,5237.95
2024-12-18,5273.95
