date,gross_reserves_usd_m,imports_usd_m,exports_usd_m,usd_lkr,import_cover_months,current_account_usd_m,current_account_filled_usd_m,underlying_balance_filled_usd_m,buffer_inflows_usd_m,slepi_user_spec,slepi_adjusted
2005-01-01,2249.0,,,98.9288,,,,,,,
2005-02-01,2293.0,,,99.2726,,,,,,,
2005-03-01,2337.0,,,99.3896,,,,,,,
2005-04-01,2382.0,,,99.671,,,,,,,
2005-05-01,2426.0,,,99.791,,,,,,,
2005-06-01,2470.0,,,99.9455,,,,,,,
2005-07-01,2514.0,,,100.283,,,,,,,
2005-08-01,2558.0,,,100.7383,,,,,,,
2005-09-01,2602.0,,,101.3324,,,,,,,
2005-10-01,2647.0,,,101.4845,,,,,,,
2005-11-01,2691.0,,,101.7995,,,,,,,
2005-12-01,2735.0,,,101.9767,,,,,,,
2006-01-01,2743.0,,,102.016,,,,,,,
2006-02-01,2751.0,,,102.1942,,,,,,,
2006-03-01,2759.0,,,102.6478,,,,,,,
2006-04-01,2767.0,,,102.6345,,,,,,,
2006-05-01,2775.0,,,102.8382,,,,,,,
2006-06-01,2784.0,,,103.5245,,,,,,,
2006-07-01,2792.0,,,103.9565,,,,,,,
2006-08-01,2800.0,,,103.6691,,,,,,,
2006-09-01,2808.0,,,102.595,,,,,,,
2006-10-01,2816.0,,,105.7181,,,,,,,
2006-11-01,2824.0,,,107.72,,,,,,,
2006-12-01,2832.0,,,107.7905,,,,,,,
2007-01-01,2889.0,809.4078342645455,487.4234681377972,108.5219,,,,-461.4367622637989,,,
2007-02-01,2946.0,747.4933008651399,585.7982236391804,108.6842,,,,-282.2759382579198,,,
2007-03-01,3004.0,874.3359661525996,630.6943269616814,109.2941,3.7067548842714206,,,-373.8704151363968,,,
2007-04-01,3061.0,969.4795165992095,531.6992666092641,109.3595,3.5437691015666486,,,-590.8657846999787,,,
2007-05-01,3118.0,1014.3077728947776,637.2478349971178,110.7995,3.272776981020668,,,-522.9966137594212,,,
2007-06-01,3175.0,860.382857133588,667.3012361647559,110.9662,3.3489557617690706,,,-317.3577523843156,,,
2007-07-01,3232.0,830.4256217891368,683.9632990518871,111.6724,3.5843191557795313,,,-265.249767234317,,,
2007-08-01,3290.0,938.1046786205826,652.8681287223121,112.1839,3.7544032109540715,,,-420.3624703940176,,,
2007-09-01,3347.0,1006.3504001983434,719.3911267809434,113.3415,3.6185339419455778,,,-422.28801743049235,,,
2007-10-01,3404.0,1075.7674384981094,624.1546987860158,112.8583,3.3812078220884403,,,-606.3268318708026,,,
2007-11-01,3461.0,1009.2311463627842,577.8998385201782,110.4181,3.3587278725831204,,,-583.6575813508535,,,
2007-12-01,3518.0,1161.1862621074838,841.5319768948182,108.891,3.251201178471526,,,-458.8323510805551,,,
2008-01-01,3443.0,1176.568587970768,552.0744096511238,108.1557,3.086060118262573,,,-799.5623325624409,,,
2008-02-01,3368.0,969.418409750152,639.164335919886,107.827,3.055177097230236,,,-470.6800975896363,,,
2008-03-01,3293.0,1148.5096303178343,677.9507634091372,107.6838,2.9986371562568768,,,-627.5035666578954,,,
2008-04-01,3218.0,1300.4832040782987,608.2140579359377,107.7791,2.8241189577560597,,,-875.316733654117,,,
2008-05-01,3143.0,1233.450914221645,743.8113183015591,107.7705,2.560527911265235,,,-648.8307505000371,,,
2008-06-01,3067.0,1205.204210525531,652.9925131163194,107.7633,2.4607273630580515,,,-718.7697298257859,,,
2008-07-01,2992.0,1264.0946348933142,846.2233781562398,107.6086,2.4241443744962945,,,-568.6128215683024,,,
2008-08-01,2917.0,1271.5511102487849,758.4715842455379,107.7181,2.3393079390264417,,,-675.030362571051,,,
2008-09-01,2842.0,1238.41716734893,648.1663782812277,107.8233,2.2591038352279367,,,-761.2873244367933,,,
2008-10-01,2767.0,1239.6003121533588,659.8740804512345,108.1661,2.213854687893864,,,-749.5236664728405,,,
2008-11-01,2692.0,989.0434339374216,643.7034392363593,109.9594,2.3293504791606647,,,-487.5421476532076,,,
2008-12-01,2617.0,1054.8338038771594,679.949763787516,111.4464,2.3910624880248252,,,-520.5645383106488,,,
2009-01-01,2845.0,682.61380664753,491.12250528325586,113.7685,3.1303972251571457,,-27.53870425665764,-315.5801977345994,288.04149347794174,,
2009-02-01,3073.0,606.3115947182515,524.2484802781544,114.1026,3.9334245511984713,,74.74380140422576,-193.26856809763953,268.0123695018653,,
2009-03-01,3301.0,1023.5566745806851,632.0015886956218,114.2836,4.282411571102379,,-231.32397321692207,-539.1983367523891,307.874363535467,,
2009-04-01,3529.0,620.6460025503133,437.6225719222221,117.3068,4.704258103327046,,-19.514983808298382,-306.1153688051452,286.6003849968468,,
2009-05-01,3757.0,773.3656772212477,538.4531361060348,116.672,4.662122574407997,,-69.29383986069865,-364.11360346921504,294.8197636085164,,
2009-06-01,3985.0,845.0991412943899,565.210780767491,114.8105,5.339172982205813,,-110.29669757037362,-414.3846160951725,304.08791852479885,,
2009-07-01,4213.0,939.2792191444825,652.2373263642176,114.8002,4.941463967427497,,-89.29187215763716,-422.38036391996286,333.0884917623257,,
2009-08-01,4441.0,842.0875177400139,710.3629375690552,114.7148,5.072595882813363,,75.0487587543916,-248.77688797787766,323.82564673226926,,
2009-09-01,4669.0,803.6255402274787,568.2329505461227,114.7667,5.418584853819761,,-48.35571657778513,-364.6501701809576,316.2944536031725,,
2009-10-01,4897.0,1042.957434922112,628.660979308094,114.7838,5.4640388395868795,,-242.88404707897132,-564.6171440077117,321.73309692874034,,
2009-11-01,5126.0,934.7173129335654,612.990058066526,114.4853,5.529068567636887,,-164.9747664984772,-461.149380209349,296.17461371087177,,
2009-12-01,5354.0,1092.3730818030665,723.3783494852621,114.2836,5.23184031363622,,-174.65678232447118,-513.9818574561596,339.3250751316884,,
2010-01-01,5507.0,1237.6522649867331,656.4771475651874,114.3589,5.0604294800374525,,-393.34635258073297,-751.1431356286527,357.7967830479197,,
2010-02-01,5661.0,973.4400220879818,683.0335766681674,114.5079,5.140965048399852,,-65.62976139545168,-426.141039554914,360.51127815946234,,
2010-03-01,5814.0,976.4628079926937,755.9409231632552,114.1039,5.471905419608487,,71.2772790932849,-348.02867442732173,419.30595352060664,,
2010-04-01,5968.0,1001.9664997435898,495.51039563556634,113.8286,6.065309131100964,,-294.1968853571627,-667.6271372362546,373.4302518790919,,
2010-05-01,6121.0,1050.561493653169,558.6548361540848,113.7025,6.062415241266682,,-317.335565376102,-651.3647228156595,334.02915743955754,,
2010-06-01,6274.0,1113.6133375678796,624.4979662227058,113.5605,5.944775685128825,,-264.986785079709,-648.244806751397,383.258021671688,,
2010-07-01,6428.0,1123.5445207668051,879.2830567824942,112.9571,5.865464151719737,,24.198986519928326,-374.56321452109097,398.7622010410193,,
2010-08-01,6581.0,1103.5185693013718,803.0986356591901,112.3968,5.909880956046564,,-55.638664887455036,-437.3334580464759,381.6947931590209,,
2010-09-01,6735.0,1090.3121786553152,713.590895198686,112.3029,6.090658536733702,,-135.21732573943393,-522.6180881004432,387.40076236100924,,
2010-10-01,6888.0,1238.1561552583523,932.4533918349485,111.667,6.021001997601517,,-21.109057572269194,-443.2382576945195,422.1292001222503,,
2010-11-01,7042.0,1112.990994749606,792.4314493061487,111.5155,6.138674899931398,,-30.39662946053909,-459.8441914224807,429.44756196194163,,
2010-12-01,7195.0,1428.7200782807124,730.8555624837272,111.0081,5.710518041072192,,-437.41989847949054,-881.5708698151454,444.1509713356549,,
2011-01-01,7157.0,1567.907689902411,922.9892620840501,110.82,5.22457221425516,,-373.40092856413463,-822.3912152344243,448.99028667028966,0.35043104716429774,0.18275691848286207
2011-02-01,7119.0,1235.8634703714733,816.9552807742292,110.8074,5.045964373287977,,-112.69416450705319,-569.771836914498,457.07767240744477,-0.3438490286187212,-0.3745546400358846
2011-03-01,7081.0,1634.1256642064143,930.7750196394119,110.3022,4.786726875401766,,-311.38978954021457,-887.7029037007472,576.3131141605327,-0.1456204581886854,-0.16440585737892693
2011-04-01,7043.0,1490.3264231450498,748.6356820692486,110.2129,4.845750203233933,,-453.7993796142626,-930.5569417346481,476.75756212038556,0.37767214317717024,0.33976178687063013
2011-05-01,7005.0,1683.2261787866203,836.1273694186206,109.7629,4.371132766519534,,-586.4159648047644,-1048.3751471905794,461.959182385815,0.6680769143866184,0.5505884987628797
2011-06-01,6967.0,1668.6477921008616,820.4107865890929,109.5391,4.3164260664961605,,-594.0832647742664,-1049.6473479745268,455.5640832002605,0.706383265775193,0.6117282228509575
2011-07-01,6929.0,1769.8102606359478,962.1221847896372,109.457,4.058625846563947,,-507.6541366577295,-1004.3244215254834,496.67028486775394,0.5743881859439339,0.4706746515323814
2011-08-01,6891.0,1837.0495435101775,954.1527477935655,109.7139,3.9186750512323854,,-559.554757222521,-1088.3877816962968,528.8330244737758,0.6713213140391909,0.605671149125077
2011-09-01,6853.0,1762.6380317538221,858.3745695451406,110.0529,3.8288496668244276,,-652.2448651811239,-1112.2700360953875,460.0251709142636,0.9484093661208775,0.8672431010918951
2011-10-01,6815.0,1756.9878809580116,889.1348762817661,110.0875,3.8167330029771067,,-583.5500204956593,-1071.572821586064,488.0228010904048,0.6611133818021948,0.6087561093869911
2011-11-01,6777.0,1986.4073019166487,885.7604342675563,111.2205,3.6924949791411357,,-807.6113530667076,-1331.7744894563475,524.1631363896399,1.191743962998139,1.1666996770267746
2011-12-01,6739.0,1875.8120707711691,933.3820328161256,113.8067,3.597838465004631,,-554.1690112714781,-1154.930124034472,600.761112762994,1.120101096022911,1.1635487781540095
2012-01-01,6770.0,1915.0033496667759,888.1768344193363,113.8195,3.51553003511735,,-687.6127999634466,-1249.262955121258,561.6501551578115,0.6155545548311889,0.6400458031304251
2012-02-01,6800.0,1580.669756343379,821.0083740706526,117.281,3.7978323179929148,,-395.35319169951845,-950.6433424344972,555.2901507349787,1.009312727090842,1.0997845158825637
2012-03-01,6831.0,1853.572430961998,860.9534070468782,125.6605,3.831007542719698,,-553.467746154399,-1211.028071328956,657.560325174557,1.4199292397670247,1.553716616881343
2012-04-01,6862.0,1440.3974471538768,747.8077199412343,128.4248,4.223081405746543,,-327.40148793181504,-875.6750580880589,548.2735701562439,0.2598259059315562,0.4037346827129724
2012-05-01,6892.0,1575.0258405028171,805.9587920660201,129.0045,4.246460912039099,,-396.7741563184544,-961.1563774091679,564.3822210907135,0.017517525884219898,0.1212399133132129
2012-06-01,6923.0,1419.0185200287503,755.8097439061191,131.8519,4.683565801676485,,-327.73745985581775,-842.8349635099304,515.0975036541126,0.26305621109553234,0.36275909541160906
2012-07-01,6953.0,1325.0006983966077,794.4485838607419,132.4848,4.829539797664538,,-119.05756997161382,-694.5600727624615,575.5025027908476,-0.7732658727513715,-0.5916875247421699
2012-08-01,6984.0,1750.0125331366398,828.9094751989539,131.9896,4.6621833485528175,,-559.1886360172907,-1131.092228566412,571.9035925491212,0.049474197486611776,0.11419662273645648
2012-09-01,7015.0,1314.42178035095,801.5163159441854,131.5105,4.794466700844553,,-94.76730742098562,-674.8358079675126,580.0685005465269,-1.0048934530857658,-0.8197452591496935
2012-10-01,7045.0,1579.12486874701,770.3680166743912,129.0859,4.551465625948865,,-403.9313667257612,-1005.5190292918313,601.5876625660701,-0.634413247148944,-0.47991371359493284
2012-11-01,7076.0,1918.1156798011084,827.5999432430898,130.234,4.4117809083367385,,-714.4307734990077,-1320.450577504178,606.0198040051703,0.5540584478722069,0.6194588685520486
2012-12-01,7106.0,1519.840615281137,870.9723909491089,128.036,4.249084139537653,,-140.13547067830336,-826.8060379770852,686.6705672987819,-1.1891688092294799,-0.9681915646950864
2013-01-01,7139.0,1532.2395828967108,728.6704873301528,126.72,4.309085703219578,,-348.670373866831,-999.7204962972594,651.0501224304284,-0.6348995014143836,-0.39546664765624173
2013-02-01,7172.0,1433.2484412832089,797.7068428421537,126.7342,4.796972915363744,,-189.09780642355793,-811.9104121232417,622.8126056996838,-0.7094966672512958,-0.5108617339710663
2013-03-01,7205.0,1544.819950858953,832.0258408267106,126.7005,4.792355670526845,,-234.5262773616604,-898.2581882479927,663.7319108863323,-0.6399574251288606,-0.4430582795481394
2013-04-01,7238.0,1525.5540429605205,696.5398243173713,125.9673,4.821452133898725,,-404.1681356721409,-1028.1613812035162,623.9932455313752,-0.44639598725624063,-0.23266198509095598
2013-05-01,7270.0,1548.8009254471533,793.8675557900644,126.2432,4.721622450154521,,-332.2787176481829,-945.3586809207006,613.0799632725177,-0.2781884659291076,-0.13271523147148095
2013-06-01,7303.0,1509.3940455254678,807.6126751415874,127.9125,4.779711963592159,,-236.20926550400418,-885.9488722388365,649.7396067348324,-0.3111989150751944,-0.11429743998073674
2013-07-01,7336.0,1433.0315762055395,859.3002286407439,131.1345,4.9002204116885695,,-72.16240156318872,-742.8229793013579,670.6605777381692,-0.4388621578121433,-0.2104594057027236
2013-08-01,7369.0,1474.908208041011,918.6373789675208,131.9682,5.0046025163420715,,-17.38186308301249,-723.3067602082131,705.9248971252006,-0.9732680871295816,-0.7458450014629927
2013-09-01,7402.0,1486.3308700693876,899.0348928672161,132.3465,5.053398333165902,,-78.62918788926129,-757.9846300880866,679.3554421988254,-0.8522791219022507,-0.6617121790075406
2013-10-01,7434.0,1393.6547102502932,1041.3319298561878,130.9955,5.121135229430043,,221.69684207466196,-495.34704620383,717.043888278492,-1.7904434441511674,-1.5916788366757237
2013-11-01,7005.11,1569.6831663124335,1031.842627143399,131.0895,4.722897634999499,,12.341677050731505,-702.7065944167653,715.0482714674968,-0.8669429957921377,-0.7419748100366992
2013-12-01,7495.27,1551.0887289877007,987.6804415027386,130.7643,4.980878407094711,,78.7062715309587,-731.2845417498013,809.99081328076,-1.3156501948581305,-1.0577722502310332
2014-01-01,8048.58,1655.4543712331217,903.9139666797747,130.6857,5.055401200145775,,-152.76558085032514,-941.5662477021227,788.8006668517976,-0.8037522943512659,-0.5669242540903631
2014-02-01,8259.55,1420.4187569877663,842.3512780193341,130.7968,5.355274317076123,,-19.8083357410369,-747.6696217726096,727.8612860315727,-1.0877216483785084,-0.81938639734758
2014-03-01,8059.724448730886,1672.100925295082,1070.1044568320215,130.5857,5.092524321670943,,43.26927698587156,-774.4158722855755,817.685149271447,-1.0507483241353954,-0.8777704284308685
2014-04-01,8896.731082422368,1444.452689961651,764.2577702006421,130.5936,5.882820316594327,,-128.51433966380466,-861.8209575947728,733.3066179309682,-0.9873865611231079,-0.6828706916182757
2014-05-01,8772.663840758212,1353.193029538538,883.529809367989,130.3833,5.88802758047153,,74.33420257880016,-626.5024716457133,700.8366742245134,-1.2994543859506062,-1.0832487831657172
2014-06-01,9164.004705013178,1439.4000128990126,985.6929784578035,130.2714,6.488486518995476,,140.68415104425935,-608.6676967654728,749.3518478097321,-1.425486223815303,-1.2453174881807696
2014-07-01,8973.741181262614,1845.3214368037534,956.6346767350083,130.2123,5.804596799765002,,-274.9332338720061,-1094.8594230106137,819.9261891386076,-0.5780256170259257,-0.40120592015365675
2014-08-01,9185.637389968864,1724.5032441152289,992.6326904928701,130.1748,5.501232995979446,,-148.13122709535867,-919.5805821281124,771.4493550327537,-0.639463601107194,-0.5083742375316644
2014-09-01,8821.804334906232,1667.4534675979414,902.8373773847655,130.2562,5.053276196952245,,-213.19248701788342,-956.1813890713429,742.9889020534595,-0.4515750805778297,-0.29137532798326227
2014-10-01,8790.920101034802,1750.1833769021541,901.8375575516687,130.5618,5.1287518131786385,,-256.17299983407156,-1049.7689729261465,793.5959730920749,-0.41459123554963256,-0.2195248289642252
2014-11-01,8330.882030365801,1646.8201108412436,921.1614324694976,130.9278,4.934911346168787,,-102.78958310236908,-912.6373565629259,809.8477734605568,-0.6463737775736733,-0.4211242320008075
2014-12-01,8208.411646305334,1797.463646193876,1005.11543783744,131.0786,4.740666232736504,,6.092992565781287,-987.1785266346028,993.2715192003841,-0.9633467202190684,-0.6337202241741721
2015-01-01,7252.428936540833,1681.638791031421,920.4476963793944,131.6075,4.244560194891978,,-169.8697585757052,-952.3531543142982,782.483395738593,-0.2847064076771708,-0.10345488636428257
2015-02-01,7420.4554996301695,1529.5265400541437,907.2515049439392,132.7221,4.44460282442049,,-11.06921609709866,-797.0819202484506,786.012704151352,-0.5516402809361416,-0.3211689896923425
2015-03-01,6819.545505227352,1580.9272446218558,1068.1060192583623,132.95,4.269249016472078,,229.81648939287425,-674.7416511058195,904.5581404986938,-1.1292025154140815,-0.8768261190697938
2015-04-01,7454.631473478869,1490.4509529838303,716.9613847423697,132.9227,4.860760153841309,,-177.59605217836554,-966.0995791528371,788.5035269744716,-0.6474658544249406,-0.28917385220543923
2015-05-01,6845.77,1585.454308617008,886.0799616559248,133.46,4.410145731579784,,-157.3590116075718,-883.2584597802928,725.899448172721,-0.2520689963962432,-0.105786520277063
2015-06-01,7525.485379478358,1678.7413939501657,945.5608430207931,133.9382,4.7482931485723086,,-100.10325916796307,-921.044810952007,820.9415517840439,-0.5017231534126985,-0.3074921909709612
2015-07-01,6808.550649772876,1533.8807808781642,937.1303438840304,133.6818,4.257050094927134,,122.1269416666355,-768.5522033705836,890.6791450372191,-1.062389802979265,-0.745520280838339
2015-08-01,6457.719028229418,1523.3760244315254,802.1047080460835,133.8519,4.090617493840243,,-65.5552970425017,-907.7334519160918,842.1781548735901,-0.6095180098791463,-0.26445418935151144
2015-09-01,6783.679258500682,1582.7227992084577,853.1930077327272,139.2329,4.386018799670017,,-95.15849410340968,-916.9642321656937,821.805738062284,0.39794424417220664,0.664579629786427
2015-10-01,6480.684974502037,1638.2704551726467,850.7400210189741,140.851,4.097921932495917,,-157.40878033372883,-981.7935355228412,824.3847551891124,-0.10986763850050993,0.1440741784158427
2015-11-01,7281.211071319568,1464.8793205654338,838.4221305919958,141.9637,4.661593516381081,,11.61841413527668,-801.7564578707422,813.3748720060189,-0.665211305719065,-0.3655735202947227
2015-12-01,7303.637753940239,1644.7273874133791,820.500899422696,143.335,4.61488629736939,,-62.676932738723394,-1022.8099707961438,960.1330380574204,-0.6002355774342092,-0.1833206976511978
2016-01-01,6294.321468539339,1589.1274650552757,898.5946185751349,143.5505,4.018734346366485,,23.370221137676708,-873.3760120978748,896.7462332355515,-0.6751376664641704,-0.36379445409170735
2016-02-01,6573.369087438172,1439.3103148514124,891.5970221812355,143.639,4.219860962805099,,179.62762920424223,-713.7417088938556,893.3693380980978,-1.0926699049400115,-0.731995633635802
2016-03-01,6221.186356293166,1566.028121829301,949.011635083698,145.1335,4.0621825187183545,,215.3819442858687,-791.2042607707801,1006.5862050566489,-0.8738707255217109,-0.47560321991521615
2016-04-01,6068.525257617199,1460.8906891889208,710.3897803653814,145.2019,4.076274472216364,,-128.44323925269669,-940.4043677488203,811.9611284961236,-0.43999249725338874,-0.06878652388118867
2016-05-01,5645.141094794298,1589.8369421072923,780.1272098015405,145.9081,3.6682519479003672,,-194.81696929712678,-1006.584096140139,811.7671268430122,-0.038562156545855736,0.23778629491141784
2016-06-01,5292.27,1675.8020357763319,900.5619459385096,145.8609,3.359083961877165,,-121.06448979807317,-968.0561970516061,846.9917072535329,-0.14687778814706529,0.06338628321457981
2016-07-01,6489.187703676498,1432.798930567194,891.5439655383419,145.401,4.143411808425578,,225.41584823661447,-706.5230150568902,931.9388632935047,-1.2295642555867783,-0.8418507464644034
2016-08-01,6598.941049091874,1649.0886004680874,866.3099109246001,145.2035,4.161016154852354,,-38.59185310362011,-976.4823479465257,937.8904948429056,-0.6202373619068836,-0.2898046824119359
2016-09-01,6455.718499925342,1508.2611045601425,897.8775700778094,145.4581,4.219287225164935,,48.85580393489988,-783.7903830174473,832.6461869523472,-0.6072330945610178,-0.3824982240159494
2016-10-01,6053.842609846051,1723.5223677947777,855.0431213174927,146.76,3.720959606924067,,-206.67588203584387,-1072.272793479823,865.596911443979,0.10249988720819739,0.3414140547640171
2016-11-01,5644.133101910387,1732.0802257051048,809.6505412056308,147.81,3.4111330076103163,,-278.3124690545461,-1132.5750444774935,854.2625754229474,0.24576547974799026,0.4990019899296192
2016-12-01,6019.035611001512,1816.0953106251125,859.0316990634382,148.8152,3.425292412692165,,-101.02240368129173,-1171.2865700795812,1070.2641663982895,-0.2056500079236933,0.20773841983032337
2017-01-01,5453.161533649116,1798.9439527053685,864.7176173932837,149.8342,3.0594948615778863,,-68.66431772486521,-1145.7605648238039,1077.0962470989386,-0.13602520832449178,0.2825851002924998
2017-02-01,5634.658678738561,1611.1598884326759,867.8069877581088,150.8721,3.234468405306141,,31.97246282862818,-932.4147944045698,964.3872572331979,-0.2907059834867344,0.0669246970272942
2017-03-01,5117.259154753076,1869.3224849354765,1041.818219027803,151.5048,2.9078495495696854,,-34.62343728379233,-1026.4736553538794,991.8502180700871,0.0005609009984405833,0.2028940387787891
2017-04-01,5048.0818935876005,1603.8822114429377,794.6621201873861,151.862,2.9785916072982572,,-220.90697770009695,-1006.036807580669,785.1298298805721,0.24837085313097687,0.4527724898976526
2017-05-01,6759.704093553758,1724.7493989305217,841.2448575017796,152.3909,3.9013642500157553,,-262.3144936032146,-1089.0670798784645,826.7525862752499,0.04818379399082216,0.23643765791153593
2017-06-01,6959.025226455214,1540.9314766078398,987.3032456286518,152.8082,4.287258488380647,,99.28970926717909,-720.3530378769314,819.6427471441104,-0.5963606838849309,-0.47435287234706025
2017-07-01,6710.485696665525,1591.1295797476996,1015.1819586445046,153.5875,4.144995419388022,,265.06167382381966,-745.3001840858137,1010.3618579096334,-0.9435033272239659,-0.6354527111397095
2017-08-01,7693.548007249217,1856.9005983045895,1000.6426914822159,153.0978,4.626342237004026,,-104.6478019359223,-1058.612583879761,953.9647819438386,-0.535908552650457,-0.3530661535369703
2017-09-01,7279.835590729757,1666.6539924369974,1011.0255494559293,152.8125,4.269961945685502,,-27.537252094599467,-834.3621657254065,806.824913630807,-0.4143200155250243,-0.3569979334105281
2017-10-01,7500.7921236637585,1727.2388159062466,975.5798144486419,153.4905,4.285519278382169,,-112.7573635191867,-941.6988075209171,828.9414440017304,-0.1596051235736301,-0.06467070562558216
2017-11-01,7335.117235752753,1940.3833461695779,940.9320110191799,153.5925,4.125274183385057,,-319.6236460926161,-1218.6647794282396,899.0411333356235,0.009211165029121338,0.1589181189424413
2017-12-01,7958.65303040954,2048.499456865169,1019.5029136734678,153.1085,4.176950856348651,,-126.79366251761621,-1251.6884696224195,1124.8948071048032,-0.5046542068892399,-0.21720333920434687
2018-01-01,7669.98,2014.4907176540166,965.3701425744971,153.7452,3.832834975319024,,-96.35698718988624,-1274.18178879594,1177.8248016060538,-0.341207322827379,0.03156588829143053
2018-02-01,7922.369345490189,1977.993103576892,915.650345321389,154.7737,3.9343111778917526,,-275.19603839140814,-1288.960675452753,1013.764637061345,0.049271340543373204,0.3060600960887194
2018-03-01,7319.749709742925,1978.5218342628234,1107.6632607514034,155.6386,3.6776466806767742,,40.83121630575056,-1074.9322487368672,1115.7634650426178,-0.331083287678246,-0.09019552543704296
2018-04-01,9935.768813397091,1793.6278037230775,795.0546716824356,156.1857,5.18375069626361,,-337.83263212934924,-1217.6831817565087,879.8505496271595,-0.17368981148539983,0.06616669793143323
2018-05-01,8808.916585622243,1856.9579551295597,923.7576297403433,157.7527,4.694660622438146,,-321.1989027861903,-1144.6137584184607,823.4148556322705,0.18844781683161013,0.27529558868828663
2018-06-01,9267.017122111823,1819.4798365092513,1024.3682844569344,158.9619,5.0823981690289415,,-191.02466290985103,-990.2672104572125,799.2425475473615,-0.0732176375802191,-0.06571834271589722
2018-07-01,8429.671933126869,1754.4651588528998,1073.1643006891263,159.3548,4.65650298484729,,165.1138377925538,-863.0571027975984,1028.1709405901522,-0.8562329811698115,-0.626308000857797
2018-08-01,8584.53782202296,1887.11736795169,1037.3606140149984,160.3217,4.715861448328391,,-141.0671472171881,-1051.3460228015101,910.278875584322,-0.1911943326182723,-0.09300305954815269
2018-09-01,7164.0793420685,1768.4101377475617,1055.2146080861978,165.2237,3.9726926372800664,,-119.29599451868307,-898.7068687057996,779.4108741871165,0.7068600120417924,0.6778052076603047
2018-10-01,7903.305318148267,1882.4734845031758,979.096089464566,171.3614,4.281313057977287,,-224.76919829688404,-1111.279648494299,886.5104501974149,0.788784185250894,0.8990453182683972
2018-11-01,7005.322478512801,1764.6054092036552,979.5512009150912,176.7275,3.880714615701902,,-56.86821231922124,-979.0257731261153,922.157560806894,0.43098788894404516,0.6021298893571992
2018-12-01,6919.216639148527,1734.5814769958135,1033.3831084516703,180.0794,3.8571088637344464,,174.3612072202012,-885.2972311296859,1059.658438349887,-0.3435158032631242,-0.051609001928213716
2019-01-01,6152.196208752774,1655.458756514842,1038.1468507890256,181.6025,3.580573700996356,,214.13075189194217,-791.534460675496,1005.6652125674382,-0.5480587309848474,-0.3008313604887486
2019-02-01,6035.155009941658,1432.39631128465,981.119883809676,178.3944,3.754422657850334,,369.5710206341827,-605.9509241732964,975.521944807479,-1.6438130948882714,-1.3238141196538349
2019-03-01,7629.241941007436,1729.043562407311,1136.862305459054,178.0952,4.751548159949481,,268.4933949370471,-763.4450744559548,1031.938469393002,-1.0776135514343952,-0.9083145695629498
2019-04-01,7213.972057497156,1595.57292195424,798.1056022403444,174.6432,4.549476131806703,,-124.49514635372452,-992.9003325972457,868.4051862435211,-0.8941014592717146,-0.6263559344721153
2019-05-01,6722.612629789063,1783.6946109147184,961.0197730366248,176.15,3.9480441800063204,,-387.7065818947507,-1021.07563836104,633.3690564662893,0.656929149850631,0.5271550132099915
2019-06-01,8864.984523119312,1399.8439347672734,1083.954426800322,176.4635,5.564832239100694,,200.88085488640792,-454.6243307058548,655.5051855922627,-0.8188214807138042,-1.015428023832175
2019-07-01,8347.063830786541,1715.9194214006632,998.5344346682732,175.8832,5.111012618252996,,-59.63665825330099,-903.3895682556545,843.7529100023535,-0.574453687288516,-0.506168353552656
2019-08-01,8523.712277937197,1573.6060230957069,1032.5052702891876,177.9386,5.453001196042897,,82.52895119568768,-706.3506467781712,788.8795979738588,-0.469438009738939,-0.4671030003193775
2019-09-01,7635.331963594275,1710.5377216240204,953.7545302038528,180.7975,4.581141303571943,,-226.51890029489505,-947.4262900142959,720.9073897194008,0.36102794207989847,0.3315168339170671
2019-10-01,7780.083013603978,1815.72509139126,977.2802613026088,181.3155,4.576637123595227,,-207.85221855989516,-1038.7022983729798,830.8500798130847,-0.07393322553096883,-0.018652443885272516
2019-11-01,7520.452982431865,1741.0910335719382,978.7856206740918,180.3111,4.283243466150156,,-104.75939948077144,-953.5986659545015,848.83926647373,-0.3744033516098799,-0.291191828986331
2019-12-01,7642.393000751939,1784.1899823205383,999.9429518693604,181.1976,4.292670433570398,,142.384402447674,-978.1235628321082,1120.5079652797822,-0.7346132534124836,-0.39588892625378963
2020-01-01,7512.733529432759,1735.327088426726,1004.8850926174435,181.3219,4.284333700849788,,-30.01691179461568,-917.9838341689322,887.9669223743165,-0.3561238104129432,-0.2523543151157593
2020-02-01,7941.515070351391,1562.32383699017,988.5170201257566,181.5016,4.6881721887003085,,63.32632856692919,-742.9073339204307,806.2336624873599,-0.5641005787324694,-0.5113726639131735
2020-03-01,7533.736569408685,1205.0492034876245,656.2184495098973,184.4095,5.0194792149582454,,-126.97039163030604,-714.9907336417247,588.0203420114186,0.05656970723825647,0.1864559869644883
2020-04-01,7209.520101152639,1122.60696271443,282.3103443550165,191.3536,5.5600697910294965,,-665.7528691022374,-1040.7721054995154,375.0192363972781,1.725025013343767,1.9386126574122269
2020-05-01,6499.857251537734,993.8228128748568,586.6872740660409,187.5425,5.870749710429425,,-124.8556097815964,-556.6131422166023,431.75753243500594,-0.8124497524952883,-0.8179823796189806
2020-06-01,6694.648013475818,1055.4512879435238,894.1352989903875,185.8705,6.331871731047237,,290.64578470007336,-281.85221832132436,572.4980030213977,-1.6028669080686586,-1.7155958957198525
2020-07-01,7095.831822594811,1293.6943139058217,1085.021074654558,185.7377,6.367842236864408,,367.3034883659383,-334.7850377520517,702.08852611799,-1.4072876647238914,-1.5219890381478716
2020-08-01,7430.083006707859,1289.0880100856452,947.2286171577184,184.8529,6.126667882733492,,180.80501330020178,-483.6517599299378,664.4567732301396,-1.123239703357376,-1.167757077338619
2020-09-01,6666.320938200717,1524.8849953792833,1000.0421286057492,184.9519,4.86869097706427,,14.471680620452844,-688.1786511430407,702.6503317634936,-0.37874020425430555,-0.4427766571253372
2020-10-01,5855.74394110227,1362.7803874142037,854.2753709427261,184.3767,4.205953804516409,,-39.20365898810496,-669.9172767076417,630.7136177195367,-0.24171631298268093,-0.2641156574858522
2020-11-01,5555.275602812615,1383.7005110189446,783.6559445593846,184.8094,3.9017558370684715,,-160.56330513922217,-772.2341646136277,611.6708594744056,0.16970066061055758,0.17486298123079091
2020-12-01,5664.265569350756,1526.64703331917,964.4508442734063,186.6329,3.976664630558787,,83.33630181520641,-729.9297378409922,813.2660396561986,-0.19809644607604399,-0.11493465686925558
2021-01-01,4841.863004371764,1591.5901970507057,936.6622814854384,190.7628,3.226519300694335,,-153.85642750226305,-833.5791622576497,679.7227347553867,0.8459559030034228,0.7926535432938212
2021-02-01,4582.993424023525,1523.603972592037,951.724574048446,194.2947,2.961966958994092,,-152.29815135265824,-740.7529924985513,588.454841145893,0.9617183463671864,0.8036876909849483
2021-03-01,4055.2,1925.9318375289247,1093.7738520883445,196.8809,2.4132703651312872,,-407.69657383140907,-1031.675276946473,623.978703115064,1.411395434318477,1.1948624975684647
2021-04-01,4470.738472224253,1706.9720121710045,818.1842602092861,196.6659,2.6010268730109853,,-565.3549996931658,-1094.9723051057747,529.6173054126089,1.2167918491451,1.079003537375487
2021-05-01,4032.831217910092,1607.4340540931253,891.7032201204976,196.777,2.308723955562705,,-437.52494320861115,-901.5406651037162,464.015721895105,1.3213112186405007,1.0728321707201574
2021-06-01,4060.0459080962846,1659.2043487791664,1007.0147013013268,197.8595,2.448952915059155,,-347.86334477993046,-830.5185063008054,482.6551615208749,1.2398762012822975,0.9389982358953348
2021-07-01,2805.884166609781,1710.0957416175922,1103.9334293875042,198.88,1.6914008776516938,,-319.4783060581625,-779.0721784374003,459.59387237923784,1.6187765539730439,1.237926601862299
2021-08-01,3543.508985941734,1686.6675039530146,1101.034874644722,199.1268,2.1025702319977686,,-296.3722645535998,-756.1254492200484,459.7531846664486,1.2315952895775255,0.8520072503887991
2021-09-01,2704.1872990039246,1526.032657370234,1034.4575246293707,199.2033,1.6479582044352867,,-262.4593606953729,-650.9941662471667,388.53480555179385,1.4666389016199817,1.0372845052422746
2021-10-01,2269.211946488995,1694.2769255028936,1192.3364394091789,200.083,1.3873380125910062,,-285.8449157123161,-662.5798764374367,376.73496072512063,1.7557006315721837,1.2396346280491515
2021-11-01,1588.37233054694,1764.628143730678,1211.4690722829191,201.214,0.9559030128320684,,-332.9527963998274,-719.828642211959,386.8758458121317,2.016566674410144,1.5153795317406693
2021-12-01,3139.2264604363068,2240.979740627027,1156.2853341767309,201.9533,1.6522578430035408,,-755.5120052955233,-1313.9438776113652,558.4318723158419,1.6632980395897574,1.3847902772061114
2022-01-01,2361.645210710561,1959.383635296777,1102.6034670306735,201.842,1.1877528423614712,,-648.2380930536972,-1059.1963333694916,410.9582403157944,1.8863176878688295,1.5013889302187478
2022-02-01,2311.250466948733,1872.9492863064163,1093.3378369012546,202.0063,1.1416753568389497,,-598.6125351689275,-972.9422152470904,374.3296800781629,1.8923436960087847,1.474635917522184
2022-03-01,1917.0,1818.9123121575756,1058.2320434309793,252.6383,1.0176518204595497,,-472.1444863662859,-951.7821866947443,479.6377003284584,2.9834561010487737,2.6811694628104035
2022-04-01,1812.0,1698.9619799051154,970.9060449924372,320.3267,1.0083802448687367,,-557.714813873049,-915.3168522433438,357.60203837029474,3.172402956155143,2.7977424458159486
2022-05-01,1887.0,1451.4641465787,1048.30075887742,356.2948,1.1391858433268045,,-204.49638461207797,-552.173332979302,347.67694836722404,2.424144933798086,1.9425657325447518
2022-06-01,1854.0,,,356.619,,,,,319.31432808262605,,
2022-07-01,1817.0,,,357.134,,,,,364.499828268528,,
2022-08-01,1717.0,1485.870236308291,1225.3706146436166,356.4891,,,0.5872854469545246,-392.71315910130545,393.30044454826,,
2022-09-01,1779.0,1284.363138823137,1079.8298985077097,358.9229,,,69.684002787265,-330.15761925257243,399.84162203983743,,
2022-10-01,1705.0,1335.6650258777895,,361.8925,1.2457687698124111,,,,410.2536467718218,,
2022-11-01,1806.0,1444.5641504195742,995.3306766048756,362.6885,1.332975014454648,,-138.2811668551131,-603.667444948385,465.38627809327187,0.9251667670316543,0.6407241405797288
2022-12-01,1898.0,1425.5633543297174,1067.5928431750358,363.1862,1.3538470950565478,,101.31044274235768,-501.65970816500743,602.9701509073651,0.37739114352259806,0.20708228120718944
2023-01-01,2121.0,1423.3694642654602,978.1692142738522,363.945,1.4820087322572735,34.289955385669145,34.289955385669145,-556.7000428523404,590.9899982380095,0.41008659266514674,0.2638542038779612
2023-02-01,2219.0,1021.043613690764,981.9602879262028,362.6511,1.7201655143072283,449.74012243588686,449.74012243588686,-119.28194590531712,569.022068341204,-0.7793333591185904,-0.9190732099468106
2023-03-01,2694.0,1449.5424020103417,1037.454601851765,327.4417,2.075524499851085,98.61643211506839,98.61643211506839,-658.5319548073599,757.1483869224282,-1.165323772433011,-1.0763796665996088
2023-04-01,2761.0,1431.1968085591518,848.6106835552755,319.249,2.122875714275661,-36.87531463142409,-36.87531463142409,-639.0823693058223,602.2070546743983,-0.0090274483153499,-0.09318499923335172
2023-05-01,3491.0,1466.26466039326,1019.4882810840828,309.42,2.4092456116632093,-12.534311068355464,-12.534311068355464,-592.2220851658846,579.6877740975291,-0.11617786364325065,-0.27629548796768666
2023-06-01,3724.0,1369.0863464942988,1005.3431602556694,301.6281,2.6185104405844526,109.84466419154182,109.84466419154182,-488.71760909482975,598.5622732863716,-0.3532875177303478,-0.48148085375131494
2023-07-01,3765.0,1387.5562815531268,1020.4368441837172,319.0375,2.674697602506612,340.83337278362,340.83337278362,-419.11392829468093,759.9473010783009,-0.10575372094880403,-0.09492331545371308
2023-08-01,3600.0,1426.0216959381046,1118.6450490874097,320.4726,2.582086240597241,378.8517835302139,378.8517835302139,-330.8202039737855,709.6719875039994,-0.48909763999124334,-0.6166251927138339
2023-09-01,3540.0,1349.281943822426,971.9093413000884,322.4535,2.551130761240865,-114.38651282548744,-114.38651282548744,-748.9433750148719,634.5568621893844,0.16801310647084355,0.25217740579632825
2023-10-01,3569.0,1610.4858515561652,927.9594595076356,324.8257,2.441293641931172,-130.2064912695264,-130.2064912695264,-784.289927026006,654.0834357564796,0.347543712868958,0.27570635505225716
2023-11-01,3571.0,1388.7052070763218,998.9726493735892,327.8855,2.4636234360779103,154.44126843676827,154.44126843676827,-588.1918931865073,742.6331616232756,-0.2472759732430164,-0.16110678268820605
2023-12-01,4392.0,1488.5760792325318,1001.760350345166,326.211,2.9359812118656996,166.49971682479986,166.49971682479986,-672.5044815356066,839.0041983604065,-0.5619112944887661,-0.4086422803678935
2024-01-01,4496.0,1511.787852753663,970.723959801696,320.32,3.0730889791544658,73.00219211175568,73.00219211175568,-756.3557139030122,829.3579060147679,-0.5759141075930367,-0.4103704433524713
2024-02-01,4520.0,1378.4196626938108,1059.318562299895,311.862,3.0967504346354757,394.7008086065341,394.7008086065341,-427.1547923405569,821.855600947091,-1.1523490369715603,-1.061784132644693
2024-03-01,4960.0,1507.6996834532686,1148.4812078626312,304.8286,3.3834274637989763,259.89028776226496,259.89028776226496,-650.8771749729697,910.7674627352346,-0.9918470896185002,-0.7968528701662295
2024-04-01,5471.0,1435.2460605667366,877.5787392596055,298.9677,3.798105102267034,76.09994840073159,76.09994840073159,-693.4504928292372,769.5504412299688,-0.678764884243952,-0.5527883914445426
2024-05-01,5410.0,1404.5956093616087,1011.2546937501978,299.5773,3.733144478861816,147.87627702801274,147.87627702801274,-550.5012084513385,698.3774854793512,-0.4510834182840837,-0.46092647676188425
2024-06-01,5654.0,1446.621209252268,1077.024307218306,303.8889,3.9571088046474348,197.31815659111317,197.31815659111317,-473.37035938244367,670.6885159735568,-0.3388635868128803,-0.4538538851465176
2024-07-01,5652.0,1734.1215798577125,1130.2795584462635,303.2373,3.6978732050947145,125.7878035652966,125.7878035652966,-769.3524572416593,895.1402608069559,-0.47321178616495796,-0.41081551487394263
2024-08-01,5959.0,1654.0274199404437,1231.6821030552203,300.2305,3.6975904183688475,344.06469574584116,344.06469574584116,-515.4793421141763,859.5440378600175,-0.7682187989885235,-0.8062423664232753
2024-09-01,5994.0,1645.7399723713993,1011.7372962546182,300.8865,3.572188441067252,-178.31206599959205,-178.31206599959205,-914.8530052666533,736.5409392670613,0.040004904289163444,0.08283186378530175
2024-10-01,6472.0,1702.3792187489955,1157.9983404190527,293.2764,3.8815335714205146,108.78520777363246,108.78520777363246,-664.5442961007874,773.3295038744199,-0.5693456045405588,-0.6472127329478231
2024-11-01,6451.0,1496.2999021514247,994.1474523394417,291.7826,3.9949062266058792,166.88990572715556,166.88990572715556,-636.0594940981108,802.9493998252664,-0.6522309907627806,-0.5727230432964467
2024-12-01,6122.0,1924.476764720677,1101.7669842074342,291.5843,3.5848997005043164,-508.8884064950571,-508.8884064950571,-1484.772304884841,975.883898389784,0.12199439012294327,0.42856594645750945
2025-01-01,6065.0,1785.5256010888788,1052.790385272612,296.1796047619048,3.4948028492256498,105.44602804794431,105.44602804794431,-868.2357328400792,973.6817608880235,-0.2998570168476622,-0.15993325741829412
2025-02-01,6086.0,1464.2031508791547,1052.93148785808,296.80343529411766,3.5286576733589823,363.4922348339662,363.4922348339662,-552.2024173762468,915.694652210213,-0.9200103225363125,-0.7394474473330063
2025-03-01,6531.0,1637.306801181216,1241.6908589753436,295.90903157894735,4.009178936170025,478.8063882143206,478.8063882143206,-568.5268703282986,1047.3332585426192,-1.1434148498025598,-0.9685772586559449
2025-04-01,6327.0,1685.8880693505237,968.229286514921,298.5311947368421,3.9647841928142227,176.62750433991596,176.62750433991596,-726.1681773102041,902.7956816501201,-0.47650499673203883,-0.40196800029066515
2025-05-01,6286.0,1507.1694013641822,1034.6509985166413,299.4141894736842,3.9040533877993053,171.295914862166,171.295914862166,-634.5230415589656,805.8189564211316,-0.5334775872774445,-0.4687253450018687
2025-06-01,6081.0,1682.0924071759928,1141.831231934451,299.90137,3.7420388002292735,148.71597681735466,148.71597681735466,-656.5361766638184,805.2521534811731,-0.34830054482595557,-0.3946875883971649
2025-07-01,6147.0,1882.2219436931448,1302.1944091206951,301.12173181818184,3.636213956493338,226.725701733169,226.725701733169,-789.0008764744041,1015.7265782075731,-0.49451947546192365,-0.4240294869521263
2025-08-01,6178.0,1696.4865898195253,1282.3296367087296,301.48911499999997,3.523037691210155,375.86655004298973,375.86655004298973,-563.8144919882845,939.6810420312743,-0.6877053562737313,-0.6651322343313901
2025-09-01,6244.0,2048.593970667373,1138.4656329002578,302.1955095238095,3.328770754031011,-193.7574494094315,-193.7574494094315,-1072.395532077477,878.6380826680454,0.13919736465807786,0.12130278415493935
2025-10-01,6216.0,2156.755854772788,1149.8364906123213,303.13050952380956,3.159694489631066,-218.57497446257412,-218.57497446257412,-1116.717943813433,898.142969350859,0.21973902492121208,0.17827274774743967
2025-11-01,6034.0,1778.490946439263,1047.8267117693351,306.3469526315789,3.0251473409969205,67.10394482384709,67.10394482384709,-857.8414557012087,924.9454005250558,-0.1329539509701551,-0.04335063848253465
2025-12-01,6825.0,,,309.2009,,17.578067092793844,17.578067092793844,-1170.1645690481703,1187.7426361409641,,
2026-01-01,,,,309.6541285714286,,369.6992034475834,369.6992034475834,-759.7090907155218,1129.4082941631052,,
2026-02-01,,,,309.36375263157896,,117.20645290332868,117.20645290332868,-963.767531836703,1080.9739847400317,,
2026-03-01,,,,311.9129380952381,,,,,,,
