forecast_origin,forecast_date,horizon,actual,forecast,error,threshold,current_regime
2012-01-01,2012-02-01,1,6800.0,6849.216256272818,-49.2162562728181,-0.12488731558232269,1
2012-01-01,2012-03-01,2,6831.0,6928.122702879717,-97.1227028797166,-0.12488731558232269,1
2012-01-01,2012-04-01,3,6862.0,7015.414820216942,-153.41482021694173,-0.12488731558232269,1
2012-01-01,2012-05-01,4,6892.0,7115.289779794675,-223.28977979467527,-0.12488731558232269,1
2012-01-01,2012-06-01,5,6923.0,7228.644494120708,-305.64449412070826,-0.12488731558232269,1
2012-01-01,2012-07-01,6,6953.0,7355.299818143068,-402.29981814306757,-0.12488731558232269,1
2012-01-01,2012-08-01,7,6984.0,7494.664741217075,-510.66474121707506,-0.12488731558232269,1
2012-01-01,2012-09-01,8,7015.0,7645.92543832276,-630.9254383227599,-0.12488731558232269,1
2012-01-01,2012-10-01,9,7045.0,7808.1335520705015,-763.1335520705015,-0.12488731558232269,1
2012-01-01,2012-11-01,10,7076.0,7980.269807352419,-904.2698073524189,-0.12488731558232269,1
2012-01-01,2012-12-01,11,7106.0,8161.295693846303,-1055.295693846303,-0.12488731558232269,1
2012-01-01,2013-01-01,12,7139.0,8350.195661783477,-1211.1956617834767,-0.12488731558232269,1
2012-04-01,2012-05-01,1,6892.0,7092.159358110468,-200.15935811046802,-0.12488731558232269,1
2012-04-01,2012-06-01,2,6923.0,7430.252680463624,-507.2526804636236,-0.12488731558232269,1
2012-04-01,2012-07-01,3,6953.0,7801.149357118972,-848.1493571189721,-0.12488731558232269,1
2012-04-01,2012-08-01,4,6984.0,8168.06210351178,-1184.0621035117802,-0.12488731558232269,1
2012-04-01,2012-09-01,5,7015.0,8516.096610011584,-1501.0966100115838,-0.12488731558232269,1
2012-04-01,2012-10-01,6,7045.0,8841.02699488885,-1796.0269948888508,-0.12488731558232269,1
2012-04-01,2012-11-01,7,7076.0,9143.72510870767,-2067.7251087076693,-0.12488731558232269,1
2012-04-01,2012-12-01,8,7106.0,9427.478734661785,-2321.478734661785,-0.12488731558232269,1
2012-04-01,2013-01-01,9,7139.0,9696.626210051943,-2557.6262100519434,-0.12488731558232269,1
2012-04-01,2013-02-01,10,7172.0,9955.80561358763,-2783.8056135876304,-0.12488731558232269,1
2012-04-01,2013-03-01,11,7205.0,10209.51868340154,-3004.5186834015403,-0.12488731558232269,1
2012-04-01,2013-04-01,12,7238.0,10461.87629813875,-3223.87629813875,-0.12488731558232269,1
2012-07-01,2012-08-01,1,6984.0,7171.71601078474,-187.71601078474032,-0.11078059468357937,1
2012-07-01,2012-09-01,2,7015.0,7455.434683505499,-440.4346835054994,-0.11078059468357937,1
2012-07-01,2012-10-01,3,7045.0,7748.111489017028,-703.1114890170284,-0.11078059468357937,1
2012-07-01,2012-11-01,4,7076.0,8032.550236864016,-956.5502368640164,-0.11078059468357937,1
2012-07-01,2012-12-01,5,7106.0,8304.006584183477,-1198.0065841834767,-0.11078059468357937,1
2012-07-01,2013-01-01,6,7139.0,8561.69784897519,-1422.6978489751891,-0.11078059468357937,1
2012-07-01,2013-02-01,7,7172.0,8806.50448633949,-1634.5044863394905,-0.11078059468357937,1
2012-07-01,2013-03-01,8,7205.0,9040.159822097748,-1835.1598220977485,-0.11078059468357937,1
2012-07-01,2013-04-01,9,7238.0,9264.81346604496,-2026.8134660449596,-0.11078059468357937,1
2012-07-01,2013-05-01,10,7270.0,9482.753213819622,-2212.753213819622,-0.11078059468357937,1
2012-07-01,2013-06-01,11,7303.0,9696.227813014502,-2393.2278130145023,-0.11078059468357937,1
2012-07-01,2013-07-01,12,7336.0,9907.338697958414,-2571.338697958414,-0.11078059468357937,1
2012-10-01,2012-11-01,1,7076.0,8239.478058620256,-1163.478058620256,-0.12488731558232269,0
2012-10-01,2012-12-01,2,7106.0,8961.23301104796,-1855.2330110479597,-0.12488731558232269,0
2012-10-01,2013-01-01,3,7139.0,9532.540682853478,-2393.540682853478,-0.12488731558232269,0
2012-10-01,2013-02-01,4,7172.0,10231.758290544876,-3059.758290544876,-0.12488731558232269,0
2012-10-01,2013-03-01,5,7205.0,10524.32729154553,-3319.327291545531,-0.12488731558232269,0
2012-10-01,2013-04-01,6,7238.0,10489.171285643868,-3251.171285643868,-0.12488731558232269,0
2012-10-01,2013-05-01,7,7270.0,10338.442817995441,-3068.442817995441,-0.12488731558232269,0
2012-10-01,2013-06-01,8,7303.0,9997.89660380618,-2694.896603806181,-0.12488731558232269,0
2012-10-01,2013-07-01,9,7336.0,9597.832599394136,-2261.832599394136,-0.12488731558232269,0
2012-10-01,2013-08-01,10,7369.0,9326.658765954206,-1957.6587659542056,-0.12488731558232269,0
2012-10-01,2013-09-01,11,7402.0,9226.195500052396,-1824.1955000523958,-0.12488731558232269,0
2012-10-01,2013-10-01,12,7434.0,9349.856745505338,-1915.856745505338,-0.12488731558232269,0
2013-01-01,2013-02-01,1,7172.0,7219.44929510167,-47.44929510167003,-0.12488731558232269,0
2013-01-01,2013-03-01,2,7205.0,7287.423616287746,-82.42361628774597,-0.12488731558232269,0
2013-01-01,2013-04-01,3,7238.0,7374.827707078921,-136.82770707892087,-0.12488731558232269,0
2013-01-01,2013-05-01,4,7270.0,7463.47081185929,-193.47081185928982,-0.12488731558232269,0
2013-01-01,2013-06-01,5,7303.0,7553.720524911785,-250.7205249117851,-0.12488731558232269,0
2013-01-01,2013-07-01,6,7336.0,7645.979549587493,-309.97954958749324,-0.12488731558232269,0
2013-01-01,2013-08-01,7,7369.0,7740.672660707,-371.67266070700043,-0.12488731558232269,0
2013-01-01,2013-09-01,8,7402.0,7837.9968698708035,-435.9968698708035,-0.12488731558232269,0
2013-01-01,2013-10-01,9,7434.0,7938.289405280662,-504.2894052806623,-0.12488731558232269,0
2013-01-01,2013-11-01,10,7005.112547885943,8041.928830948781,-1036.816283062838,-0.12488731558232269,0
2013-01-01,2013-12-01,11,7495.272121523254,8149.304003218644,-654.0318816953895,-0.12488731558232269,0
2013-01-01,2014-01-01,12,8048.583905345139,8260.811490773896,-212.22758542875727,-0.12488731558232269,0
2013-04-01,2013-05-01,1,7270.0,7313.467903948396,-43.46790394839627,-0.14355536625177967,1
2013-04-01,2013-06-01,2,7303.0,7396.3407089241155,-93.34070892411546,-0.14355536625177967,1
2013-04-01,2013-07-01,3,7336.0,7495.1323251087315,-159.1323251087315,-0.14355536625177967,1
2013-04-01,2013-08-01,4,7369.0,7613.820789776975,-244.8207897769753,-0.14355536625177967,1
2013-04-01,2013-09-01,5,7402.0,7752.39550748042,-350.39550748041984,-0.14355536625177967,1
2013-04-01,2013-10-01,6,7434.0,7908.2708238797595,-474.2708238797595,-0.14355536625177967,1
2013-04-01,2013-11-01,7,7005.112547885943,8077.714136778763,-1072.6015888928196,-0.14355536625177967,1
2013-04-01,2013-12-01,8,7495.272121523254,8256.89689936295,-761.6247778396955,-0.14355536625177967,1
2013-04-01,2014-01-01,9,8048.583905345139,8442.506898558619,-393.92299321347946,-0.14355536625177967,1
2013-04-01,2014-02-01,10,8259.552166921556,8632.00405994777,-372.45189302621475,-0.14355536625177967,1
2013-04-01,2014-03-01,11,8059.724448730886,8823.640568660663,-763.9161199297769,-0.14355536625177967,1
2013-04-01,2014-04-01,12,8896.731082422368,9016.353936250389,-119.6228538280211,-0.14355536625177967,1
2013-07-01,2013-08-01,1,7369.0,7420.101341018448,-51.10134101844778,-0.16944709440122052,1
2013-07-01,2013-09-01,2,7402.0,7540.803014475958,-138.80301447595775,-0.16944709440122052,1
2013-07-01,2013-10-01,3,7434.0,7688.432666294017,-254.4326662940166,-0.16944709440122052,1
2013-07-01,2013-11-01,4,7005.112547885943,7854.074984270092,-848.9624363841485,-0.16944709440122052,1
2013-07-01,2013-12-01,5,7495.272121523254,8030.613246985481,-535.341125462227,-0.16944709440122052,1
2013-07-01,2014-01-01,6,8048.583905345139,8212.96123949228,-164.37733414714148,-0.16944709440122052,1
2013-07-01,2014-02-01,7,8259.552166921556,8397.835385437844,-138.2832185162879,-0.16944709440122052,1
2013-07-01,2014-03-01,8,8059.724448730886,8583.34963081387,-523.625182082983,-0.16944709440122052,1
2013-07-01,2014-04-01,9,8896.731082422368,8768.59794006665,128.13314235571852,-0.16944709440122052,1
2013-07-01,2014-05-01,10,8772.663840758212,8953.302747982669,-180.6389072244565,-0.16944709440122052,1
2013-07-01,2014-06-01,11,9164.004705013178,9137.553260837116,26.45144417606207,-0.16944709440122052,1
2013-07-01,2014-07-01,12,8973.741181262614,9321.628350581226,-347.887169318612,-0.16944709440122052,1
2013-10-01,2013-11-01,1,7005.112547885943,7492.954206203152,-487.8416583172093,-0.14355536625177967,1
2013-10-01,2013-12-01,2,7495.272121523254,7557.859847739075,-62.58772621582102,-0.14355536625177967,1
2013-10-01,2014-01-01,3,8048.583905345139,7631.998794027803,416.58511131733576,-0.14355536625177967,1
2013-10-01,2014-02-01,4,8259.552166921556,7719.370132394939,540.1820345266169,-0.14355536625177967,1
2013-10-01,2014-03-01,5,8059.724448730886,7821.673860872195,238.05058785869096,-0.14355536625177967,1
2013-10-01,2014-04-01,6,8896.731082422368,7938.215002185263,958.5160802371047,-0.14355536625177967,1
2013-10-01,2014-05-01,7,8772.663840758212,8066.743361798801,705.9204789594114,-0.14355536625177967,1
2013-10-01,2014-06-01,8,9164.004705013178,8204.388061783819,959.6166432293594,-0.14355536625177967,1
2013-10-01,2014-07-01,9,8973.741181262614,8348.351194712297,625.3899865503172,-0.14355536625177967,1
2013-10-01,2014-08-01,10,9185.637359336446,8496.296078727837,689.3412806086089,-0.14355536625177967,1
2013-10-01,2014-09-01,11,8821.804336421244,8646.486040754891,175.31829566635315,-0.14355536625177967,1
2013-10-01,2014-10-01,12,8790.920103836674,8797.762947112802,-6.842843276128406,-0.14355536625177967,1
2014-01-01,2014-02-01,1,8259.552166921556,8470.900394918117,-211.34822799656104,-0.16944709440122052,0
2014-01-01,2014-03-01,2,8059.724448730886,8741.591038330196,-681.8665895993099,-0.16944709440122052,0
2014-01-01,2014-04-01,3,8896.731082422368,9010.842265461775,-114.11118303940748,-0.16944709440122052,0
2014-01-01,2014-05-01,4,8772.663840758212,9224.596560846932,-451.9327200887201,-0.16944709440122052,0
2014-01-01,2014-06-01,5,9164.004705013178,9443.66873361337,-279.66402860019116,-0.16944709440122052,0
2014-01-01,2014-07-01,6,8973.741181262614,9666.601807084495,-692.8606258218806,-0.16944709440122052,0
2014-01-01,2014-08-01,7,9185.637359336446,9899.96031561316,-714.3229562767137,-0.16944709440122052,0
2014-01-01,2014-09-01,8,8821.804336421244,10140.350389024552,-1318.5460526033075,-0.16944709440122052,0
2014-01-01,2014-10-01,9,8790.920103836674,10387.59422519448,-1596.6741213578061,-0.16944709440122052,0
2014-01-01,2014-11-01,10,8330.88205481358,10641.166117452987,-2310.2840626394063,-0.16944709440122052,0
2014-01-01,2014-12-01,11,8208.41,10901.393317460233,-2692.9833174602336,-0.16944709440122052,0
2014-01-01,2015-01-01,12,7252.429999999999,11168.51216986882,-3916.0821698688205,-0.16944709440122052,0
2014-04-01,2014-05-01,1,8772.663840758212,9729.481960456043,-956.8181196978312,-0.16139538581982915,0
2014-04-01,2014-06-01,2,9164.004705013178,10106.239674328415,-942.2349693152373,-0.16139538581982915,0
2014-04-01,2014-07-01,3,8973.741181262614,10365.445411068502,-1391.7042298058877,-0.16139538581982915,0
2014-04-01,2014-08-01,4,9185.637359336446,10508.91601689614,-1323.2786575596947,-0.16139538581982915,0
2014-04-01,2014-09-01,5,8821.804336421244,10641.753402166265,-1819.9490657450206,-0.16139538581982915,0
2014-04-01,2014-10-01,6,8790.920103836674,10786.403241124759,-1995.4831372880853,-0.16139538581982915,0
2014-04-01,2014-11-01,7,8330.88205481358,10961.09430995842,-2630.212255144839,-0.16139538581982915,0
2014-04-01,2014-12-01,8,8208.41,11163.813430270326,-2955.4034302703258,-0.16139538581982915,0
2014-04-01,2015-01-01,9,7252.429999999999,11390.814558074277,-4138.384558074277,-0.16139538581982915,0
2014-04-01,2015-02-01,10,7420.4554996301695,11636.509928342035,-4216.0544287118655,-0.16139538581982915,0
2014-04-01,2015-03-01,11,6819.545505227352,11896.595251298515,-5077.049746071163,-0.16139538581982915,0
2014-04-01,2015-04-01,12,7454.631473478869,12167.72676803187,-4713.095294553,-0.16139538581982915,0
2014-07-01,2014-08-01,1,9185.637359336446,9078.49877497229,107.13858436415649,-0.16103392509282388,1
2014-07-01,2014-09-01,2,8821.804336421244,9205.601357486768,-383.79702106552395,-0.16103392509282388,1
2014-07-01,2014-10-01,3,8790.920103836674,9336.729879476403,-545.8097756397292,-0.16103392509282388,1
2014-07-01,2014-11-01,4,8330.88205481358,9471.746265683914,-1140.8642108703334,-0.16103392509282388,1
2014-07-01,2014-12-01,5,8208.41,9611.422299287608,-1403.0122992876077,-0.16103392509282388,1
2014-07-01,2015-01-01,6,7252.429999999999,9755.97876173025,-2503.5487617302506,-0.16103392509282388,1
2014-07-01,2015-02-01,7,7420.4554996301695,9905.199398505478,-2484.7438988753083,-0.16103392509282388,1
2014-07-01,2015-03-01,8,6819.545505227352,10058.66650713527,-3239.121001907919,-0.16103392509282388,1
2014-07-01,2015-04-01,9,7454.631473478869,10215.927228629826,-2761.295755150956,-0.16103392509282388,1
2014-07-01,2015-05-01,10,6845.77,10376.58380520613,-3530.8138052061295,-0.16103392509282388,1
2014-07-01,2015-06-01,11,7525.485379478358,10540.32974949135,-3014.844370012992,-0.16103392509282388,1
2014-07-01,2015-07-01,12,6808.550649772876,10706.953562495488,-3898.402912722612,-0.16103392509282388,1
2014-10-01,2014-11-01,1,8330.88205481358,8854.884940190854,-524.0028853772728,-0.16103392509282388,1
2014-10-01,2014-12-01,2,8208.41,8930.61854057545,-722.2085405754497,-0.16103392509282388,1
2014-10-01,2015-01-01,3,7252.429999999999,9014.887375208235,-1762.4573752082351,-0.16103392509282388,1
2014-10-01,2015-02-01,4,7420.4554996301695,9109.920461771973,-1689.4649621418039,-0.16103392509282388,1
2014-10-01,2015-03-01,5,6819.545505227352,9215.950224991395,-2396.404719764043,-0.16103392509282388,1
2014-10-01,2015-04-01,6,7454.631473478869,9331.626964599316,-1876.9954911204468,-0.16103392509282388,1
2014-10-01,2015-05-01,7,6845.77,9454.96673950874,-2609.1967395087395,-0.16103392509282388,1
2014-10-01,2015-06-01,8,7525.485379478358,9583.977193040293,-2058.4918135619355,-0.16103392509282388,1
2014-10-01,2015-07-01,9,6808.550649772876,9716.970304765535,-2908.419654992659,-0.16103392509282388,1
2014-10-01,2015-08-01,10,6457.719028229418,9852.667825589764,-3394.9487973603464,-0.16103392509282388,1
2014-10-01,2015-09-01,11,6783.679258500682,9990.189810636915,-3206.510552136233,-0.16103392509282388,1
2014-10-01,2015-10-01,12,6480.684974502037,10128.988592562646,-3648.3036180606086,-0.16103392509282388,1
2015-01-01,2015-02-01,1,7420.4554996301695,6931.642469932347,488.81302969782246,-0.16103392509282388,1
2015-01-01,2015-03-01,2,6819.545505227352,6728.356925403174,91.1885798241783,-0.16103392509282388,1
2015-01-01,2015-04-01,3,7454.631473478869,6565.849221548108,888.782251930761,-0.16103392509282388,1
2015-01-01,2015-05-01,4,6845.77,6442.659861590135,403.1101384098656,-0.16103392509282388,1
2015-01-01,2015-06-01,5,7525.485379478358,6361.622695605371,1163.862683872987,-0.16103392509282388,1
2015-01-01,2015-07-01,6,6808.550649772876,6320.4236489921395,488.1270007807361,-0.16103392509282388,1
2015-01-01,2015-08-01,7,6457.719028229418,6313.140410684876,144.57861754454188,-0.16103392509282388,1
2015-01-01,2015-09-01,8,6783.679258500682,6332.567831259069,451.11142724161346,-0.16103392509282388,1
2015-01-01,2015-10-01,9,6480.684974502037,6371.718714842792,108.96625965924522,-0.16103392509282388,1
2015-01-01,2015-11-01,10,7281.211071319568,6424.557586777856,856.6534845417118,-0.16103392509282388,1
2015-01-01,2015-12-01,11,7303.637753940239,6486.24234374898,817.3954101912595,-0.16103392509282388,1
2015-01-01,2016-01-01,12,6294.321468539339,6553.095999467288,-258.77453092794894,-0.16103392509282388,1
2015-04-01,2015-05-01,1,6845.77,7353.137304552813,-507.36730455281213,-0.16103392509282388,1
2015-04-01,2015-06-01,2,7525.485379478358,7274.804024876642,250.6813546017156,-0.16103392509282388,1
2015-04-01,2015-07-01,3,6808.550649772876,7212.039226868961,-403.48857709608546,-0.16103392509282388,1
2015-04-01,2015-08-01,4,6457.719028229418,7172.151728612442,-714.432700383024,-0.16103392509282388,1
2015-04-01,2015-09-01,5,6783.679258500682,7155.091999175765,-371.4127406750822,-0.16103392509282388,1
2015-04-01,2015-10-01,6,6480.684974502037,7158.007503138902,-677.3225286368652,-0.16103392509282388,1
2015-04-01,2015-11-01,7,7281.211071319568,7177.066389239236,104.14468208033213,-0.16103392509282388,1
2015-04-01,2015-12-01,8,7303.637753940239,7208.440531441708,95.19722249853112,-0.16103392509282388,1
2015-04-01,2016-01-01,9,6294.321468539339,7248.762867684133,-954.4413991447946,-0.16103392509282388,1
2015-04-01,2016-02-01,10,6573.369087438172,7295.2863616422355,-721.9172742040637,-0.16103392509282388,1
2015-04-01,2016-03-01,11,6221.186356293166,7345.884654568562,-1124.6982982753962,-0.16103392509282388,1
2015-04-01,2016-04-01,12,6068.525257617199,7398.978620696887,-1330.4533630796886,-0.16103392509282388,1
2015-07-01,2015-08-01,1,6457.719028229418,6834.1247894904045,-376.40576126098676,-0.16103392509282388,1
2015-07-01,2015-09-01,2,6783.679258500682,6608.572896294312,175.10636220637025,-0.16103392509282388,1
2015-07-01,2015-10-01,3,6480.684974502037,6455.501885658603,25.183088843434234,-0.16103392509282388,1
2015-07-01,2015-11-01,4,7281.211071319568,6294.587492043442,986.6235792761263,-0.16103392509282388,1
2015-07-01,2015-12-01,5,7303.637753940239,6155.0181429611,1148.619610979139,-0.16103392509282388,1
2015-07-01,2016-01-01,6,6294.321468539339,6028.345233808681,265.9762347306578,-0.16103392509282388,1
2015-07-01,2016-02-01,7,6573.369087438172,5914.6653800046015,658.7037074335703,-0.16103392509282388,1
2015-07-01,2016-03-01,8,6221.186356293166,5810.618297656183,410.56805863698264,-0.16103392509282388,1
2015-07-01,2016-04-01,9,6068.525257617199,5713.814538045054,354.7107195721446,-0.16103392509282388,1
2015-07-01,2016-05-01,10,5645.141094794298,5621.958028450989,23.183066343308383,-0.16103392509282388,1
2015-07-01,2016-06-01,11,5292.27,5533.26544913934,-240.99544913933914,-0.16103392509282388,1
2015-07-01,2016-07-01,12,6489.187703676498,5446.355902017061,1042.8318016594367,-0.16103392509282388,1
2015-10-01,2015-11-01,1,7281.211071319568,6425.740992267292,855.4700790522757,-0.16139538581982915,1
2015-10-01,2015-12-01,2,7303.637753940239,6316.653484382385,986.9842695578545,-0.16139538581982915,1
2015-10-01,2016-01-01,3,6294.321468539339,6239.875967100248,54.44550143909055,-0.16139538581982915,1
2015-10-01,2016-02-01,4,6573.369087438172,6166.715549010466,406.6535384277058,-0.16139538581982915,1
2015-10-01,2016-03-01,5,6221.186356293166,6102.058941999036,119.12741429413018,-0.16139538581982915,1
2015-10-01,2016-04-01,6,6068.525257617199,6041.625945831231,26.899311785968166,-0.16139538581982915,1
2015-10-01,2016-05-01,7,5645.141094794298,5984.421644169257,-339.28054937495926,-0.16139538581982915,1
2015-10-01,2016-06-01,8,5292.27,5929.048023868738,-636.7780238687374,-0.16139538581982915,1
2015-10-01,2016-07-01,9,6489.187703676498,5874.675319058149,614.5123846183487,-0.16139538581982915,1
2015-10-01,2016-08-01,10,6598.941049091874,5820.661234793919,778.2798142979555,-0.16139538581982915,1
2015-10-01,2016-09-01,11,6455.718499925342,5766.575447344988,689.1430525803544,-0.16139538581982915,1
2015-10-01,2016-10-01,12,6053.842609846051,5712.122310001797,341.72029984425444,-0.16139538581982915,1
2016-01-01,2016-02-01,1,6573.369087438172,6181.470380777659,391.8987066605132,-0.020534035351638114,1
2016-01-01,2016-03-01,2,6221.186356293166,6107.226460365746,113.9598959274199,-0.020534035351638114,1
2016-01-01,2016-04-01,3,6068.525257617199,6013.5588761719555,54.966381445243314,-0.020534035351638114,1
2016-01-01,2016-05-01,4,5645.141094794298,5922.536369343461,-277.39527454916333,-0.020534035351638114,1
2016-01-01,2016-06-01,5,5292.27,5835.512494634964,-543.2424946349638,-0.020534035351638114,1
2016-01-01,2016-07-01,6,6489.187703676498,5750.248830246708,738.93887342979,-0.020534035351638114,1
2016-01-01,2016-08-01,7,6598.941049091874,5665.221275637401,933.7197734544734,-0.020534035351638114,1
2016-01-01,2016-09-01,8,6455.718499925342,5579.423140610819,876.295359314523,-0.020534035351638114,1
2016-01-01,2016-10-01,9,6053.842609846051,5492.194775953412,561.647833892639,-0.020534035351638114,1
2016-01-01,2016-11-01,10,5644.133101910387,5403.147239903688,240.98586200669888,-0.020534035351638114,1
2016-01-01,2016-12-01,11,6019.035611001512,5312.085419816844,706.9501911846683,-0.020534035351638114,1
2016-01-01,2017-01-01,12,5453.161533649116,5218.940273674298,234.22125997481817,-0.020534035351638114,1
2016-04-01,2016-05-01,1,5645.141094794298,5964.260927110286,-319.1198323159879,-0.020534035351638114,1
2016-04-01,2016-06-01,2,5292.27,5831.67066478103,-539.4006647810293,-0.020534035351638114,1
2016-04-01,2016-07-01,3,6489.187703676498,5697.752546741893,791.4351569346054,-0.020534035351638114,1
2016-04-01,2016-08-01,4,6598.941049091874,5567.024710806114,1031.9163382857605,-0.020534035351638114,1
2016-04-01,2016-09-01,5,6455.718499925342,5438.9927488901285,1016.7257510352138,-0.020534035351638114,1
2016-04-01,2016-10-01,6,6053.842609846051,5312.458721046514,741.3838887995371,-0.020534035351638114,1
2016-04-01,2016-11-01,7,5644.133101910387,5186.032550607734,458.100551302653,-0.020534035351638114,1
2016-04-01,2016-12-01,8,6019.035611001512,5058.482853492991,960.5527575085207,-0.020534035351638114,1
2016-04-01,2017-01-01,9,5453.161533649116,4928.885357359564,524.2761762895516,-0.020534035351638114,1
2016-04-01,2017-02-01,10,5634.658678738561,4796.626753747048,838.0319249915137,-0.020534035351638114,1
2016-04-01,2017-03-01,11,5117.259154753076,4661.349330431,455.9098243220751,-0.020534035351638114,1
2016-04-01,2017-04-01,12,5048.0818935876005,4522.881665254979,525.200228332621,-0.020534035351638114,1
2016-07-01,2016-08-01,1,6598.941049091874,6883.469482838678,-284.5284337468038,-0.020534035351638114,0
2016-07-01,2016-09-01,2,6455.718499925342,7158.744564848091,-703.0260649227484,-0.020534035351638114,0
2016-07-01,2016-10-01,3,6053.842609846051,7392.017627230322,-1338.175017384271,-0.020534035351638114,0
2016-07-01,2016-11-01,4,5644.133101910387,7604.93050277174,-1960.7974008613528,-0.020534035351638114,0
2016-07-01,2016-12-01,5,6019.035611001512,7807.509542925888,-1788.4739319243763,-0.020534035351638114,0
2016-07-01,2017-01-01,6,5453.161533649116,8004.9998291736265,-2551.8382955245106,-0.020534035351638114,0
2016-07-01,2017-02-01,7,5634.658678738561,8200.849036079206,-2566.1903573406444,-0.020534035351638114,0
2016-07-01,2017-03-01,8,5117.259154753076,8397.620068657121,-3280.3609139040454,-0.020534035351638114,0
2016-07-01,2017-04-01,9,5048.0818935876005,8597.378084143542,-3549.2961905559414,-0.020534035351638114,0
2016-07-01,2017-05-01,10,6759.704093553758,8801.883389468765,-2042.179295915007,-0.020534035351638114,0
2016-07-01,2017-06-01,11,6959.025226455214,9012.700839950057,-2053.6756134948437,-0.020534035351638114,0
2016-07-01,2017-07-01,12,6710.485696665525,9231.267410484055,-2520.78171381853,-0.020534035351638114,0
2016-10-01,2016-11-01,1,5644.133101910387,5998.387408301347,-354.25430639095975,-0.16103392509282388,1
2016-10-01,2016-12-01,2,6019.035611001512,5864.300212649446,154.7353983520661,-0.16103392509282388,1
2016-10-01,2017-01-01,3,5453.161533649116,5764.242200551382,-311.0806669022659,-0.16103392509282388,1
2016-10-01,2017-02-01,4,5634.658678738561,5667.22056994708,-32.56189120851832,-0.16103392509282388,1
2016-10-01,2017-03-01,5,5117.259154753076,5579.010760768759,-461.75160601568314,-0.16103392509282388,1
2016-10-01,2017-04-01,6,5048.0818935876005,5495.436520892453,-447.35462730485233,-0.16103392509282388,1
2016-10-01,2017-05-01,7,6759.704093553758,5415.19033162267,1344.513761931088,-0.16103392509282388,1
2016-10-01,2017-06-01,8,6959.025226455214,5336.641634049037,1622.3835924061768,-0.16103392509282388,1
2016-10-01,2017-07-01,9,6710.485696665525,5258.705698372018,1451.7799982935076,-0.16103392509282388,1
2016-10-01,2017-08-01,10,7693.548007249217,5180.5636130580515,2512.984394191166,-0.16103392509282388,1
2016-10-01,2017-09-01,11,7279.835590729757,5101.658219022952,2178.1773717068054,-0.16103392509282388,1
2016-10-01,2017-10-01,12,7500.7921236637585,5021.6157992670205,2479.176324396738,-0.16103392509282388,1
2017-01-01,2017-02-01,1,5634.658678738561,5404.97565466469,229.6830240738709,-0.14355536625177967,1
2017-01-01,2017-03-01,2,5117.259154753076,5224.804282309162,-107.5451275560863,-0.14355536625177967,1
2017-01-01,2017-04-01,3,5048.0818935876005,5089.043516826434,-40.961623238833454,-0.14355536625177967,1
2017-01-01,2017-05-01,4,6759.704093553758,4949.293852882753,1810.4102406710053,-0.14355536625177967,1
2017-01-01,2017-06-01,5,6959.025226455214,4816.704576184997,2142.320650270217,-0.14355536625177967,1
2017-01-01,2017-07-01,6,6710.485696665525,4686.052377885123,2024.4333187804023,-0.14355536625177967,1
2017-01-01,2017-08-01,7,7693.548007249217,4556.70333874057,3136.8446685086474,-0.14355536625177967,1
2017-01-01,2017-09-01,8,7279.835590729757,4427.135132664811,2852.7004580649464,-0.14355536625177967,1
2017-01-01,2017-10-01,9,7500.7921236637585,4296.448584410418,3204.34353925334,-0.14355536625177967,1
2017-01-01,2017-11-01,10,7335.117235752753,4163.921419631377,3171.195816121376,-0.14355536625177967,1
2017-01-01,2017-12-01,11,7958.65303040954,4029.0650842900245,3929.587946119516,-0.14355536625177967,1
2017-01-01,2018-01-01,12,7669.98,3891.5432270953615,3778.436772904638,-0.14355536625177967,1
2017-04-01,2017-05-01,1,6759.704093553758,4814.303437287589,1945.4006562661689,-0.08582387468333286,1
2017-04-01,2017-06-01,2,6959.025226455214,4597.747784488827,2361.2774419663865,-0.08582387468333286,1
2017-04-01,2017-07-01,3,6710.485696665525,4370.851953905491,2339.633742760034,-0.08582387468333286,1
2017-04-01,2017-08-01,4,7693.548007249217,4146.981797881178,3546.5662093680394,-0.08582387468333286,1
2017-04-01,2017-09-01,5,7279.835590729757,3923.6754955186825,3356.160095211075,-0.08582387468333286,1
2017-04-01,2017-10-01,6,7500.7921236637585,3700.4913500401385,3800.30077362362,-0.08582387468333286,1
2017-04-01,2017-11-01,7,7335.117235752753,3475.4920154886913,3859.6252202640617,-0.08582387468333286,1
2017-04-01,2017-12-01,8,7958.65303040954,3246.979596446111,4711.6734339634295,-0.08582387468333286,1
2017-04-01,2018-01-01,9,7669.98,3013.414946978054,4656.5650530219455,-0.08582387468333286,1
2017-04-01,2018-02-01,10,7922.369345490189,2773.592437441706,5148.776908048483,-0.08582387468333286,1
2017-04-01,2018-03-01,11,7319.749709742925,2526.608927341327,4793.140782401598,-0.08582387468333286,1
2017-04-01,2018-04-01,12,9935.768813397091,2271.821891029197,7663.946922367894,-0.08582387468333286,1
2017-07-01,2017-08-01,1,7693.548007249217,6752.371506562279,941.1765006869382,-0.08582387468333286,1
2017-07-01,2017-09-01,2,7279.835590729757,6748.498411917144,531.3371788126133,-0.08582387468333286,1
2017-07-01,2017-10-01,3,7500.7921236637585,6751.207784922981,749.5843387407776,-0.08582387468333286,1
2017-07-01,2017-11-01,4,7335.117235752753,6756.603074941606,578.5141608111471,-0.08582387468333286,1
2017-07-01,2017-12-01,5,7958.65303040954,6764.354198027071,1194.2988323824693,-0.08582387468333286,1
2017-07-01,2018-01-01,6,7669.98,6773.820792620021,896.1592073799784,-0.08582387468333286,1
2017-07-01,2018-02-01,7,7922.369345490189,6784.419848857153,1137.9494966330358,-0.08582387468333286,1
2017-07-01,2018-03-01,8,7319.749709742925,6795.6781928025075,524.0715169404175,-0.08582387468333286,1
2017-07-01,2018-04-01,9,9935.768813397091,6807.245586223344,3128.5232271737477,-0.08582387468333286,1
2017-07-01,2018-05-01,10,8808.916585622243,6818.882511839081,1990.0340737831611,-0.08582387468333286,1
2017-07-01,2018-06-01,11,9267.017122111823,6830.437956457137,2436.579165654686,-0.08582387468333286,1
2017-07-01,2018-07-01,12,8429.671933126869,6841.825771187467,1587.846161939402,-0.08582387468333286,1
2017-10-01,2017-11-01,1,7335.117235752753,7924.11001748239,-588.9927817296366,-0.135831252879981,0
2017-10-01,2017-12-01,2,7958.65303040954,8180.14268729252,-221.48965688297994,-0.135831252879981,0
2017-10-01,2018-01-01,3,7669.98,8581.515809740693,-911.5358097406934,-0.135831252879981,0
2017-10-01,2018-02-01,4,7922.369345490189,8899.079026845027,-976.7096813548387,-0.135831252879981,0
2017-10-01,2018-03-01,5,7319.749709742925,9307.31222817941,-1987.5625184364844,-0.135831252879981,0
2017-10-01,2018-04-01,6,9935.768813397091,9681.100359026039,254.66845437105258,-0.135831252879981,0
2017-10-01,2018-05-01,7,8808.916585622243,10120.78557893734,-1311.8689933150981,-0.135831252879981,0
2017-10-01,2018-06-01,8,9267.017122111823,10558.73103899831,-1291.713916886487,-0.135831252879981,0
2017-10-01,2018-07-01,9,8429.671933126869,11053.155540769669,-2623.4836076428,-0.135831252879981,0
2017-10-01,2018-08-01,10,8584.53782202296,11568.347517279439,-2983.8096952564792,-0.135831252879981,0
2017-10-01,2018-09-01,11,7164.0793420685,12139.063565390185,-4974.984223321684,-0.135831252879981,0
2017-10-01,2018-10-01,12,7903.305318148267,12747.691502966816,-4844.386184818549,-0.135831252879981,0
2018-01-01,2018-02-01,1,7922.369345490189,7920.864809602295,1.5045358878933257,-0.135831252879981,0
2018-01-01,2018-03-01,2,7319.749709742925,8151.75972033857,-832.0100105956453,-0.135831252879981,0
2018-01-01,2018-04-01,3,9935.768813397091,8415.477219517918,1520.291593879174,-0.135831252879981,0
2018-01-01,2018-05-01,4,8808.916585622243,8676.882920090933,132.03366553130945,-0.135831252879981,0
2018-01-01,2018-06-01,5,9267.017122111823,8946.9551328876,320.061989224223,-0.135831252879981,0
2018-01-01,2018-07-01,6,8429.671933126869,9222.405046843212,-792.7331137163437,-0.135831252879981,0
2018-01-01,2018-08-01,7,8584.53782202296,9507.10752773409,-922.5697057111302,-0.135831252879981,0
2018-01-01,2018-09-01,8,7164.0793420685,9802.365560952034,-2638.2862188835334,-0.135831252879981,0
2018-01-01,2018-10-01,9,7903.305318148267,10110.476698836439,-2207.1713806881717,-0.135831252879981,0
2018-01-01,2018-11-01,10,7005.322478512801,10433.220851017293,-3427.898372504492,-0.135831252879981,0
2018-01-01,2018-12-01,11,6919.216639148527,10772.481399780283,-3853.264760631756,-0.135831252879981,0
2018-01-01,2019-01-01,12,6152.196208752774,11130.029524730257,-4977.833315977483,-0.135831252879981,0
2018-04-01,2018-05-01,1,8808.916585622243,9180.956025705196,-372.03944008295366,-0.135831252879981,1
2018-04-01,2018-06-01,2,9267.017122111823,9499.6578647555,-232.64074264367628,-0.135831252879981,1
2018-04-01,2018-07-01,3,8429.671933126869,9469.508349857315,-1039.8364167304462,-0.135831252879981,1
2018-04-01,2018-08-01,4,8584.53782202296,9553.872870197096,-969.3350481741363,-0.135831252879981,1
2018-04-01,2018-09-01,5,7164.0793420685,9605.130479736752,-2441.0511376682516,-0.135831252879981,1
2018-04-01,2018-10-01,6,7903.305318148267,9671.391125506496,-1768.0858073582285,-0.135831252879981,1
2018-04-01,2018-11-01,7,7005.322478512801,9736.967932336742,-2731.6454538239404,-0.135831252879981,1
2018-04-01,2018-12-01,8,6919.216639148527,9806.486081620455,-2887.2694424719275,-0.135831252879981,1
2018-04-01,2019-01-01,9,6152.196208752774,9877.959641193193,-3725.763432440419,-0.135831252879981,1
2018-04-01,2019-02-01,10,6035.155009941658,9951.57627274256,-3916.4212628009027,-0.135831252879981,1
2018-04-01,2019-03-01,11,7629.241941007436,10026.902125778317,-2397.6601847708807,-0.135831252879981,1
2018-04-01,2019-04-01,12,7213.972057497156,10103.789829920268,-2889.817772423112,-0.135831252879981,1
2018-07-01,2018-08-01,1,8584.53782202296,8803.465932342595,-218.92811031963538,-0.135831252879981,1
2018-07-01,2018-09-01,2,7164.0793420685,8745.55388905668,-1581.47454698818,-0.135831252879981,1
2018-07-01,2018-10-01,3,7903.305318148267,8850.44198121147,-947.1366630632028,-0.135831252879981,1
2018-07-01,2018-11-01,4,7005.322478512801,8895.69155583491,-1890.3690773221088,-0.135831252879981,1
2018-07-01,2018-12-01,5,6919.216639148527,8962.460468504345,-2043.243829355818,-0.135831252879981,1
2018-07-01,2019-01-01,6,6152.196208752774,9020.601271983473,-2868.405063230699,-0.135831252879981,1
2018-07-01,2019-02-01,7,6035.155009941658,9081.366029163582,-3046.2110192219243,-0.135831252879981,1
2018-07-01,2019-03-01,8,7629.241941007436,9140.846100770159,-1511.6041597627227,-0.135831252879981,1
2018-07-01,2019-04-01,9,7213.972057497156,9200.747408540681,-1986.775351043525,-0.135831252879981,1
2018-07-01,2019-05-01,10,6722.612629789063,9260.676048985115,-2538.0634191960517,-0.135831252879981,1
2018-07-01,2019-06-01,11,8864.984523119312,9320.968750479906,-455.98422736059365,-0.135831252879981,1
2018-07-01,2019-07-01,12,8347.063830786541,9381.646866969779,-1034.5830361832377,-0.135831252879981,1
2018-10-01,2018-11-01,1,7005.322478512801,7604.812216798085,-599.4897382852832,-0.135831252879981,1
2018-10-01,2018-12-01,2,6919.216639148527,7885.525984895317,-966.3093457467903,-0.135831252879981,1
2018-10-01,2019-01-01,3,6152.196208752774,8022.607608329708,-1870.411399576934,-0.135831252879981,1
2018-10-01,2019-02-01,4,6035.155009941658,8237.288618376338,-2202.1336084346804,-0.135831252879981,1
2018-10-01,2019-03-01,5,7629.241941007436,8408.04939205835,-778.8074510509141,-0.135831252879981,1
2018-10-01,2019-04-01,6,7213.972057497156,8565.280721331386,-1351.3086638342302,-0.135831252879981,1
2018-10-01,2019-05-01,7,6722.612629789063,8691.992088836018,-1969.3794590469543,-0.135831252879981,1
2018-10-01,2019-06-01,8,8864.984523119312,8796.663081040015,68.32144207929741,-0.135831252879981,1
2018-10-01,2019-07-01,9,8347.063830786541,8881.331445919586,-534.2676151330452,-0.135831252879981,1
2018-10-01,2019-08-01,10,8523.712277937197,8951.736992169208,-428.0247142320113,-0.135831252879981,1
2018-10-01,2019-09-01,11,7635.331963594275,9011.984936409848,-1376.6529728155729,-0.135831252879981,1
2018-10-01,2019-10-01,12,7780.083013603978,9065.915816230892,-1285.8328026269146,-0.135831252879981,1
2019-01-01,2019-02-01,1,6035.155009941658,6402.020202277785,-366.8651923361267,-0.135831252879981,1
2019-01-01,2019-03-01,2,7629.241941007436,6357.860611451493,1271.381329555943,-0.135831252879981,1
2019-01-01,2019-04-01,3,7213.972057497156,6484.201286409415,729.7707710877412,-0.135831252879981,1
2019-01-01,2019-05-01,4,6722.612629789063,6567.972187641348,154.64044214771548,-0.135831252879981,1
2019-01-01,2019-06-01,5,8864.984523119312,6672.457859051265,2192.5266640680475,-0.135831252879981,1
2019-01-01,2019-07-01,6,8347.063830786541,6760.844960470158,1586.218870316383,-0.135831252879981,1
2019-01-01,2019-08-01,7,8523.712277937197,6841.280210686116,1682.4320672510803,-0.135831252879981,1
2019-01-01,2019-09-01,8,7635.331963594275,6908.236333259708,727.0956303345674,-0.135831252879981,1
2019-01-01,2019-10-01,9,7780.083013603978,6964.032566247963,816.050447356015,-0.135831252879981,1
2019-01-01,2019-11-01,10,7520.452982431865,7009.349246603299,511.10373582856573,-0.135831252879981,1
2019-01-01,2019-12-01,11,7642.393000751939,7046.193288900089,596.1997118518502,-0.135831252879981,1
2019-01-01,2020-01-01,12,7512.733529432759,7076.240324357922,436.4932050748366,-0.135831252879981,1
2019-04-01,2019-05-01,1,6722.612629789063,7475.6976056615185,-753.0849758724553,-0.135831252879981,0
2019-04-01,2019-06-01,2,8864.984523119312,7748.9882512811655,1115.9962718381466,-0.135831252879981,0
2019-04-01,2019-07-01,3,8347.063830786541,7966.086228079943,380.9776027065982,-0.135831252879981,0
2019-04-01,2019-08-01,4,8523.712277937197,8150.709214772305,373.0030631648915,-0.135831252879981,0
2019-04-01,2019-09-01,5,7635.331963594275,8324.832757904616,-689.500794310341,-0.135831252879981,0
2019-04-01,2019-10-01,6,7780.083013603978,8495.057524695863,-714.9745110918857,-0.135831252879981,0
2019-04-01,2019-11-01,7,7520.452982431865,8664.71072003061,-1144.2577375987457,-0.135831252879981,0
2019-04-01,2019-12-01,8,7642.393000751939,8835.529664478563,-1193.1366637266237,-0.135831252879981,0
2019-04-01,2020-01-01,9,7512.733529432759,9008.877676884344,-1496.144147451585,-0.135831252879981,0
2019-04-01,2020-02-01,10,7941.515070351391,9185.80437194084,-1244.2893015894488,-0.135831252879981,0
2019-04-01,2020-03-01,11,7533.736569408685,9367.203522862723,-1833.466953454038,-0.135831252879981,0
2019-04-01,2020-04-01,12,7209.520101152639,9553.85144376355,-2344.3313426109107,-0.135831252879981,0
2019-07-01,2019-08-01,1,8523.712277937197,8862.053186255005,-338.3409083178085,-0.135831252879981,1
2019-07-01,2019-09-01,2,7635.331963594275,9010.13942842345,-1374.807464829175,-0.135831252879981,1
2019-07-01,2019-10-01,3,7780.083013603978,9280.058146293472,-1499.9751326894939,-0.135831252879981,1
2019-07-01,2019-11-01,4,7520.452982431865,9468.11320772345,-1947.6602252915854,-0.135831252879981,1
2019-07-01,2019-12-01,5,7642.393000751939,9643.525945497842,-2001.132944745903,-0.135831252879981,1
2019-07-01,2020-01-01,6,7512.733529432759,9780.454606789617,-2267.7210773568586,-0.135831252879981,1
2019-07-01,2020-02-01,7,7941.515070351391,9893.099365678912,-1951.5842953275214,-0.135831252879981,1
2019-07-01,2020-03-01,8,7533.736569408685,9982.555239099958,-2448.8186696912735,-0.135831252879981,1
2019-07-01,2020-04-01,9,7209.520101152639,10055.332947741412,-2845.812846588773,-0.135831252879981,1
2019-07-01,2020-05-01,10,6499.857251537734,10115.5118367943,-3615.654585256566,-0.135831252879981,1
2019-07-01,2020-06-01,11,6694.648013475818,10167.237683793743,-3472.589670317925,-0.135831252879981,1
2019-07-01,2020-07-01,12,7095.831822594811,10213.607605303128,-3117.775782708318,-0.135831252879981,1
2019-10-01,2019-11-01,1,7520.452982431865,7866.209522707881,-345.7565402760156,-0.135831252879981,1
2019-10-01,2019-12-01,2,7642.393000751939,8082.394223380566,-440.00122262862624,-0.135831252879981,1
2019-10-01,2020-01-01,3,7512.733529432759,8293.40239161787,-780.6688621851117,-0.135831252879981,1
2019-10-01,2020-02-01,4,7941.515070351391,8509.687753463837,-568.1726831124461,-0.135831252879981,1
2019-10-01,2020-03-01,5,7533.736569408685,8706.821049889302,-1173.0844804806175,-0.135831252879981,1
2019-10-01,2020-04-01,6,7209.520101152639,8884.09551518389,-1674.575414031251,-0.135831252879981,1
2019-10-01,2020-05-01,7,6499.857251537734,9038.823086541794,-2538.96583500406,-0.135831252879981,1
2019-10-01,2020-06-01,8,6694.648013475818,9172.77547095787,-2478.127457482052,-0.135831252879981,1
2019-10-01,2020-07-01,9,7095.831822594811,9288.03874218592,-2192.206919591109,-0.135831252879981,1
2019-10-01,2020-08-01,10,7430.083006707859,9387.405996502745,-1957.3229897948859,-0.135831252879981,1
2019-10-01,2020-09-01,11,6666.320938200717,9473.582263483042,-2807.261325282325,-0.135831252879981,1
2019-10-01,2020-10-01,12,5855.74394110227,9549.112113156545,-3693.3681720542754,-0.135831252879981,1
2020-01-01,2020-02-01,1,7941.515070351391,7769.3000641367125,172.2150062146784,-0.135831252879981,1
2020-01-01,2020-03-01,2,7533.736569408685,7907.849416473905,-374.1128470652202,-0.135831252879981,1
2020-01-01,2020-04-01,3,7209.520101152639,8086.3257960443825,-876.8056948917438,-0.135831252879981,1
2020-01-01,2020-05-01,4,6499.857251537734,8235.683672584093,-1735.8264210463594,-0.135831252879981,1
2020-01-01,2020-06-01,5,6694.648013475818,8375.3711650927,-1680.7231516168822,-0.135831252879981,1
2020-01-01,2020-07-01,6,7095.831822594811,8497.241379780258,-1401.4095571854477,-0.135831252879981,1
2020-01-01,2020-08-01,7,7430.083006707859,8605.345795072082,-1175.2627883642235,-0.135831252879981,1
2020-01-01,2020-09-01,8,6666.320938200717,8700.47974757809,-2034.1588093773735,-0.135831252879981,1
2020-01-01,2020-10-01,9,5855.74394110227,8785.020424442355,-2929.276483340085,-0.135831252879981,1
2020-01-01,2020-11-01,10,5555.275602812615,8860.783374188568,-3305.507771375953,-0.135831252879981,1
2020-01-01,2020-12-01,11,5664.265569350756,8929.576289542752,-3265.3107201919966,-0.135831252879981,1
2020-01-01,2021-01-01,12,4841.863004371764,8992.90306908069,-4151.040064708926,-0.135831252879981,1
2020-04-01,2020-05-01,1,6499.857251537734,7029.032645111283,-529.1753935735496,-0.135831252879981,1
2020-04-01,2020-06-01,2,6694.648013475818,7060.373694764232,-365.7256812884143,-0.135831252879981,1
2020-04-01,2020-07-01,3,7095.831822594811,7176.4753748293915,-80.64355223458097,-0.135831252879981,1
2020-04-01,2020-08-01,4,7430.083006707859,7337.860174222924,92.22283248493477,-0.135831252879981,1
2020-04-01,2020-09-01,5,6666.320938200717,7510.5386302760335,-844.2176920753163,-0.135831252879981,1
2020-04-01,2020-10-01,6,5855.74394110227,7682.140605266065,-1826.3966641637953,-0.135831252879981,1
2020-04-01,2020-11-01,7,5555.275602812615,7845.384836210242,-2290.1092333976267,-0.135831252879981,1
2020-04-01,2020-12-01,8,5664.265569350756,7997.91607244712,-2333.6505030963644,-0.135831252879981,1
2020-04-01,2021-01-01,9,4841.863004371764,8139.050569296864,-3297.1875649250997,-0.135831252879981,1
2020-04-01,2021-02-01,10,4582.993424023525,8269.204148032784,-3686.210724009259,-0.135831252879981,1
2020-04-01,2021-03-01,11,4055.2,8389.184498499293,-4333.984498499293,-0.135831252879981,1
2020-04-01,2021-04-01,12,4470.738472224253,8499.975287015974,-4029.2368147917205,-0.135831252879981,1
2020-07-01,2020-08-01,1,7430.083006707859,7193.1181056497935,236.96490105806515,-0.135831252879981,0
2020-07-01,2020-09-01,2,6666.320938200717,7263.829531812043,-597.5085936113255,-0.135831252879981,0
2020-07-01,2020-10-01,3,5855.74394110227,7329.6287873709925,-1473.8848462687229,-0.135831252879981,0
2020-07-01,2020-11-01,4,5555.275602812615,7390.605223731014,-1835.329620918399,-0.135831252879981,0
2020-07-01,2020-12-01,5,5664.265569350756,7447.308044885012,-1783.0424755342565,-0.135831252879981,0
2020-07-01,2021-01-01,6,4841.863004371764,7500.650004737318,-2658.7870003655544,-0.135831252879981,0
2020-07-01,2021-02-01,7,4582.993424023525,7551.147232519892,-2968.1538084963668,-0.135831252879981,0
2020-07-01,2021-03-01,8,4055.2,7599.262296419238,-3544.062296419238,-0.135831252879981,0
2020-07-01,2021-04-01,9,4470.738472224253,7645.356378633652,-3174.6179064093985,-0.135831252879981,0
2020-07-01,2021-05-01,10,4032.831217910092,7689.734274376273,-3656.9030564661807,-0.135831252879981,0
2020-07-01,2021-06-01,11,4060.0459080962846,7732.651969536651,-3672.606061440367,-0.135831252879981,0
2020-07-01,2021-07-01,12,2805.884166609781,7774.328325691824,-4968.4441590820425,-0.135831252879981,0
2020-10-01,2020-11-01,1,5555.275602812615,6320.145457965997,-764.8698551533816,-0.135831252879981,1
2020-10-01,2020-12-01,2,5664.265569350756,6206.317527823472,-542.0519584727163,-0.135831252879981,1
2020-10-01,2021-01-01,3,4841.863004371764,6282.336520496376,-1440.4735161246117,-0.135831252879981,1
2020-10-01,2021-02-01,4,4582.993424023525,6272.517987366711,-1689.524563343186,-0.135831252879981,1
2020-10-01,2021-03-01,5,4055.2,6291.859830867101,-2236.659830867101,-0.135831252879981,1
2020-10-01,2021-04-01,6,4470.738472224253,6300.156016208413,-1829.4175439841601,-0.135831252879981,1
2020-10-01,2021-05-01,7,4032.831217910092,6314.577934744877,-2281.746716834785,-0.135831252879981,1
2020-10-01,2021-06-01,8,4060.0459080962846,6329.01194865117,-2268.9660405548857,-0.135831252879981,1
2020-10-01,2021-07-01,9,2805.884166609781,6345.731987454594,-3539.8478208448128,-0.135831252879981,1
2020-10-01,2021-08-01,10,3543.508985941734,6363.536565161356,-2820.0275792196217,-0.135831252879981,1
2020-10-01,2021-09-01,11,2704.1872990039246,6382.48691406205,-3678.2996150581257,-0.135831252879981,1
2020-10-01,2021-10-01,12,2269.211946488995,6402.166698257104,-4132.954751768109,-0.135831252879981,1
2021-01-01,2021-02-01,1,4582.993424023525,4935.588941885631,-352.59551786210613,-0.135831252879981,1
2021-01-01,2021-03-01,2,4055.2,4802.673801165329,-747.473801165329,-0.135831252879981,1
2021-01-01,2021-04-01,3,4470.738472224253,4784.611061226151,-313.8725890018977,-0.135831252879981,1
2021-01-01,2021-05-01,4,4032.831217910092,4733.367149346559,-700.5359314364669,-0.135831252879981,1
2021-01-01,2021-06-01,5,4060.0459080962846,4696.0740594083145,-636.0281513120299,-0.135831252879981,1
2021-01-01,2021-07-01,6,2805.884166609781,4653.16820170583,-1847.2840350960491,-0.135831252879981,1
2021-01-01,2021-08-01,7,3543.508985941734,4611.065903897132,-1067.5569179553977,-0.135831252879981,1
2021-01-01,2021-09-01,8,2704.1872990039246,4567.1900449967,-1863.002745992775,-0.135831252879981,1
2021-01-01,2021-10-01,9,2269.211946488995,4522.443752792984,-2253.231806303989,-0.135831252879981,1
2021-01-01,2021-11-01,10,1588.37233054694,4476.519145990853,-2888.1468154439126,-0.135831252879981,1
2021-01-01,2021-12-01,11,3139.2264604363068,4429.570545188006,-1290.344084751699,-0.135831252879981,1
2021-01-01,2022-01-01,12,2361.645210710561,4381.584105494807,-2019.9388947842458,-0.135831252879981,1
2021-04-01,2021-05-01,1,4032.831217910092,4399.043723194223,-366.2125052841311,-0.135831252879981,1
2021-04-01,2021-06-01,2,4060.0459080962846,4380.953449221721,-320.9075411254362,-0.135831252879981,1
2021-04-01,2021-07-01,3,2805.884166609781,4306.372074874358,-1500.487908264577,-0.135831252879981,1
2021-04-01,2021-08-01,4,3543.508985941734,4240.948747656032,-697.4397617142977,-0.135831252879981,1
2021-04-01,2021-09-01,5,2704.1872990039246,4168.327980726597,-1464.1406817226725,-0.135831252879981,1
2021-04-01,2021-10-01,6,2269.211946488995,4096.9092402756505,-1827.6972937866553,-0.135831252879981,1
2021-04-01,2021-11-01,7,1588.37233054694,4024.3242217498046,-2435.9518912028643,-0.135831252879981,1
2021-04-01,2021-12-01,8,3139.2264604363068,3951.564476656491,-812.3380162201843,-0.135831252879981,1
2021-04-01,2022-01-01,9,2361.645210710561,3878.189165986052,-1516.543955275491,-0.135831252879981,1
2021-04-01,2022-02-01,10,2311.250466948733,3804.221505167545,-1492.9710382188118,-0.135831252879981,1
2021-04-01,2022-03-01,11,1917.0,3729.5084459740647,-1812.5084459740647,-0.135831252879981,1
2021-04-01,2024-01-01,12,4496.0,3653.9751266796666,842.0248733203334,-0.135831252879981,1
2021-07-01,2021-08-01,1,3543.508985941734,3056.9625553158876,486.54643062584637,-0.135831252879981,1
2021-07-01,2021-09-01,2,2704.1872990039246,2713.289131722646,-9.101832718721198,-0.135831252879981,1
2021-07-01,2021-10-01,3,2269.211946488995,2588.6590446180926,-319.4470981290974,-0.135831252879981,1
2021-07-01,2021-11-01,4,1588.37233054694,2376.6115273269425,-788.2391967800024,-0.135831252879981,1
2021-07-01,2021-12-01,5,3139.2264604363068,2195.3248340062564,943.9016264300503,-0.135831252879981,1
2021-07-01,2022-01-01,6,2361.645210710561,1999.8352387829582,361.8099719276029,-0.135831252879981,1
2021-07-01,2022-02-01,7,2311.250466948733,1807.0604881953514,504.18997875338164,-0.135831252879981,1
2021-07-01,2022-03-01,8,1917.0,1610.1899985213568,306.81000147864324,-0.135831252879981,1
2021-07-01,2024-01-01,9,4496.0,1411.4662490373848,3084.533750962615,-0.135831252879981,1
2021-07-01,2024-02-01,10,4520.0,1209.7127522290684,3310.2872477709316,-0.135831252879981,1
2021-07-01,2024-03-01,11,4960.0,1005.1045016489625,3954.8954983510375,-0.135831252879981,1
2021-07-01,2024-04-01,12,5471.0,797.3458301720202,4673.65416982798,-0.135831252879981,1
2021-10-01,2021-11-01,1,1588.37233054694,2189.248937814431,-600.876607267491,-0.135831252879981,1
2021-10-01,2021-12-01,2,3139.2264604363068,1923.591746979484,1215.6347134568227,-0.135831252879981,1
2021-10-01,2022-01-01,3,2361.645210710561,1714.886315278898,646.758895431663,-0.135831252879981,1
2021-10-01,2022-02-01,4,2311.250466948733,1477.3831356006885,833.8673313480444,-0.135831252879981,1
2021-10-01,2022-03-01,5,1917.0,1247.9556404725517,669.0443595274483,-0.135831252879981,1
2021-10-01,2024-01-01,6,4496.0,1012.767692646772,3483.232307353228,-0.135831252879981,1
2021-10-01,2024-02-01,7,4520.0,777.1198006431841,3742.880199356816,-0.135831252879981,1
2021-10-01,2024-03-01,8,4960.0,538.5077070683656,4421.492292931634,-0.135831252879981,1
2021-10-01,2024-04-01,9,5471.0,297.4573471612457,5173.542652838754,-0.135831252879981,1
2021-10-01,2024-05-01,10,5410.0,53.336435673943924,5356.663564326056,-0.135831252879981,1
2021-10-01,2024-06-01,11,5654.0,-193.97079247273723,5847.970792472737,-0.135831252879981,1
2021-10-01,2024-07-01,12,5652.0,-444.72146187187536,6096.721461871875,-0.135831252879981,1
2022-01-01,2022-02-01,1,2311.250466948733,2642.4837606030196,-331.2332936542866,-0.135831252879981,1
2022-01-01,2022-03-01,2,1917.0,2383.654973977318,-466.65497397731815,-0.135831252879981,1
2022-01-01,2024-01-01,3,4496.0,2313.654392345721,2182.345607654279,-0.135831252879981,1
2022-01-01,2024-02-01,4,4520.0,2155.5997628175573,2364.4002371824427,-0.135831252879981,1
2022-01-01,2024-03-01,5,4960.0,2030.867826874055,2929.132173125945,-0.135831252879981,1
2022-01-01,2024-04-01,6,5471.0,1891.6119797869142,3579.388020213086,-0.135831252879981,1
2022-01-01,2024-05-01,7,5410.0,1757.9870131528623,3652.0129868471377,-0.135831252879981,1
2022-01-01,2024-06-01,8,5654.0,1621.6332095732105,4032.3667904267895,-0.135831252879981,1
2022-01-01,2024-07-01,9,5652.0,1485.8080307658238,4166.191969234176,-0.135831252879981,1
2022-01-01,2024-08-01,10,5959.0,1348.980378506134,4610.019621493866,-0.135831252879981,1
2022-01-01,2024-09-01,11,5994.0,1211.6197579057298,4782.38024209427,-0.135831252879981,1
2022-01-01,2024-10-01,12,6472.0,1073.4052954608087,5398.594704539191,-0.135831252879981,1
