date,const_mean,const_lower_16,const_upper_84,const_lower_5,const_upper_95,gross_reserves_usd_m_lag1_mean,gross_reserves_usd_m_lag1_lower_16,gross_reserves_usd_m_lag1_upper_84,gross_reserves_usd_m_lag1_lower_5,gross_reserves_usd_m_lag1_upper_95,exports_usd_m_lag1_mean,exports_usd_m_lag1_lower_16,exports_usd_m_lag1_upper_84,exports_usd_m_lag1_lower_5,exports_usd_m_lag1_upper_95,imports_usd_m_lag1_mean,imports_usd_m_lag1_lower_16,imports_usd_m_lag1_upper_84,imports_usd_m_lag1_lower_5,imports_usd_m_lag1_upper_95,remittances_usd_m_lag1_mean,remittances_usd_m_lag1_lower_16,remittances_usd_m_lag1_upper_84,remittances_usd_m_lag1_lower_5,remittances_usd_m_lag1_upper_95
2009-02-01,-6530.432553674198,-6530.5348483931775,-6530.330347893592,-6530.591832473401,-6530.253710850329,-4860021.961359817,-4860022.049961617,-4860021.879560729,-4860022.099571622,-4860021.799794329,442281.05077706143,442280.9956518794,442281.10616429587,442280.9612677323,442281.14252650196,3149950.715363809,3149950.647052192,3149950.7859190125,3149950.593031839,3149950.825550536,-126144.90974529932,-126144.92506324606,-126144.89501326106,-126144.93673167207,-126144.8830852184
2009-03-01,-6600.399664914559,-6600.498811510089,-6600.3066664287335,-6600.562513999124,-6600.233006436279,-4908967.298632192,-4908967.38799839,-4908967.204818242,-4908967.433361389,-4908967.155458991,443273.59103066946,443273.5374243817,443273.6422519835,443273.51184552285,443273.6776049819,3179345.451631092,3179345.381465803,3179345.5199947804,3179345.3458935483,3179345.5588631113,-84330.82380600405,-84330.83786864189,-84330.80924496743,-84330.84684156756,-84330.79987206138
2009-04-01,-6670.780706481171,-6670.883390252204,-6670.677061641446,-6670.939495069377,-6670.62059938423,-4958011.423533368,-4958011.5277653085,-4958011.333883232,-4958011.585265599,-4958011.25867695,441882.67693827883,441882.6263056704,441882.725120091,441882.59555130405,441882.76047702256,3215698.768331102,3215698.699724366,3215698.8387578684,3215698.6571394065,3215698.873411186,-83191.36711742199,-83191.38287654184,-83191.35178582536,-83191.39175128342,-83191.34179958109
2009-05-01,-6741.420225556708,-6741.5160783675265,-6741.323742665213,-6741.587224576772,-6741.2639601509745,-5007128.897149828,-5007128.984532991,-5007128.808712019,-5007129.055494667,-5007128.743939273,447220.1008551899,447220.04813196126,447220.1524997209,447220.01360143296,447220.19424282905,3244709.7544294265,3244709.6842290424,3244709.825435165,3244709.632881646,3244709.874308039,-134676.49986153483,-134676.5122466881,-134676.48803019908,-134676.52001502353,-134676.48050177624
2009-06-01,-6812.656257672186,-6812.751332459159,-6812.5576569580435,-6812.824982204064,-6812.497023557052,-5056408.182936721,-5056408.281285814,-5056408.094652619,-5056408.356483093,-5056408.022937853,450441.8088742705,450441.75337767025,450441.8618662252,450441.71688253473,450441.89553192357,3273561.344095716,3273561.2703846805,3273561.4187567467,3273561.224661671,3273561.4667549473,-102530.43576893174,-102530.44934176946,-102530.4228756665,-102530.45719621227,-102530.41502383062
2009-07-01,-6884.086785118227,-6884.190062893954,-6883.983212293768,-6884.255574270042,-6883.918328200681,-5105738.274936695,-5105738.364731501,-5105738.180772992,-5105738.418180282,-5105738.123346431,454273.08666773885,454273.03562636685,454273.1363347813,454273.0053856666,454273.16781630996,3302972.165838451,3302972.091058077,3302972.23577772,3302972.0456925067,3302972.2876878097,-85281.1723628588,-85281.18515884207,-85281.15923315429,-85281.1936137257,-85281.1523495869
2009-08-01,-6955.578983075977,-6955.681600803305,-6955.475115660778,-6955.735265106233,-6955.4180505014465,-5155085.362008386,-5155085.462136377,-5155085.268205152,-5155085.515669665,-5155085.202553043,460715.36128096946,460715.3080838176,460715.4157576201,460715.27735854406,460715.4473132825,3330635.952051229,3330635.8906712113,3330636.019504128,3330635.8362816833,3330636.0661639045,-65390.185954819266,-65390.19843374147,-65390.17391228336,-65390.20402704326,-65390.162446309754
2009-09-01,-7027.495803166803,-7027.587569701112,-7027.403224829406,-7027.65257726912,-7027.34251699502,-5204560.262709601,-5204560.361910614,-5204560.165914308,-5204560.444422461,-5204560.10000124,466713.1684245869,466713.1127012267,466713.22343054763,466713.08073191793,466713.2608385197,3355731.710084787,3355731.6420118646,3355731.782328535,3355731.5956330025,3355731.8322079177,-34154.33044012267,-34154.3424540288,-34154.31743774383,-34154.350504751535,-34154.30975668247
2009-10-01,-7099.749312388736,-7099.848524664624,-7099.654261610523,-7099.905991433232,-7099.593417915535,-5254135.537164281,-5254135.629604959,-5254135.444075753,-5254135.691627959,-5254135.377313996,467723.41804177844,467723.36786796845,467723.4677837288,467723.33469881694,467723.498084685,3390415.1057288777,3390415.0398924914,3390415.169080842,3390414.9961781735,3390415.215560557,-70980.24723917415,-70980.25790936973,-70980.23604019335,-70980.26337538655,-70980.2295987256
2009-11-01,-7172.14193287287,-7172.238109778032,-7172.043456836417,-7172.298085997363,-7171.977503463383,-5303746.791563174,-5303746.886660902,-5303746.694544226,-5303746.948207373,-5303746.63791057,468287.30185367266,468287.2492763065,468287.35381790943,468287.2115451405,468287.3799714232,3425223.505526021,3425223.432888905,3425223.5765965786,3425223.3880651873,3425223.616772166,-48918.55736573782,-48918.569923663985,-48918.54536776209,-48918.57760167112,-48918.538312565615
2009-12-01,-7244.237456579543,-7244.343728210012,-7244.127798071118,-7244.418388249498,-7244.066739175385,-5353272.816084362,-5353272.912440464,-5353272.722159259,-5353272.966943195,-5353272.656389077,472119.465197854,472119.41455100494,472119.5114249525,472119.376196788,472119.5499125979,3454950.114829064,3454950.044474469,3454950.1886816258,3454950.0007716375,3454950.2310562143,-16323.248222634025,-16323.259184588924,-16323.237681952056,-16323.265510733629,-16323.23038177199
2010-01-01,-7315.360706455348,-7315.474359833526,-7315.245993215362,-7315.533715260769,-7315.174570011265,-5402547.931484132,-5402548.035232391,-5402547.83745605,-5402548.100643542,-5402547.7656637635,479555.073275057,479555.0271742197,479555.12187279714,479554.99515072466,479555.1601740938,3487447.237468413,3487447.168958585,3487447.302904898,3487447.1307489853,3487447.3478230964,-8789.677276602257,-8789.689469006096,-8789.665447186566,-8789.697637781599,-8789.659540005021
2010-02-01,-7386.146119645677,-7386.260372292095,-7386.035232127571,-7386.331542856371,-7385.975272030065,-5451717.915965077,-5451718.00569178,-5451717.820629391,-5451718.06075325,-5451717.772020329,483395.7419019309,483395.69245587,483395.79279499484,483395.6575430361,483395.8225123019,3523782.7557590078,3523782.6869853633,3523782.820002406,3523782.6507285363,3523782.864896501,-42353.02141651307,-42353.03289899282,-42353.00984496592,-42353.04064124674,-42353.00266724604
2010-03-01,-7456.409373096115,-7456.511727099826,-7456.302636310671,-7456.589419658653,-7456.242656860637,-5500727.167880634,-5500727.2578701,-5500727.07716225,-5500727.326843827,-5500727.0121671315,496068.2991894915,496068.24876601243,496068.35130243865,496068.21780133544,496068.38343228865,3549592.652881975,3549592.587226703,3549592.7208098643,3549592.541604596,3549592.773036662,-36873.86956944867,-36873.87973866169,-36873.85898468655,-36873.88621851274,-36873.85229372383
2010-04-01,-7526.457620694254,-7526.561521351678,-7526.3495936889585,-7526.6322725284945,-7526.27676512247,-5549667.15357628,-5549667.250369788,-5549667.053825292,-5549667.3155205585,-5549666.987976683,509458.9288024863,509458.8813861634,509458.9773975055,509458.83995804394,509459.00763292087,3581000.3762669195,3581000.308080606,3581000.442471797,3581000.259897761,3581000.494642834,-77348.52406251845,-77348.53368428824,-77348.51320992126,-77348.5409844997,-77348.50740560683
2010-05-01,-7598.0057818658415,-7598.110521687307,-7597.903032792009,-7598.185860667605,-7597.840636071407,-5599169.222381209,-5599169.320404261,-5599169.122891312,-5599169.380943364,-5599169.066378671,508349.7461731174,508349.6895607434,508349.7976566596,508349.6509183003,508349.83171338437,3621542.624800787,3621542.558941428,3621542.699314987,3621542.5106397676,3621542.7395690503,-122857.6018866125,-122857.61133250108,-122857.59301719336,-122857.61756675306,-122857.58541081075
2010-06-01,-7669.468517646023,-7669.575354406316,-7669.358197805915,-7669.641072395852,-7669.287596273592,-5648641.393595723,-5648641.4901689645,-5648641.293786649,-5648641.5611442225,-5648641.23176833,512372.6689963796,512372.6190674096,512372.7203168982,512372.590783147,512372.7481856827,3655764.2998037846,3655764.226594143,3655764.369638457,3655764.179561815,3655764.4130618987,-65117.90173998341,-65117.91132824333,-65117.89193369784,-65117.91679519602,-65117.885957730374
2010-07-01,-7739.702906712984,-7739.810148781004,-7739.60526678492,-7739.869017291419,-7739.509098775056,-5697745.503172751,-5697745.607223194,-5697745.398080318,-5697745.665478456,-5697745.336071724,524251.3801421957,524251.32604311395,524251.4306069475,524251.29954990046,524251.47213393654,3689305.006162992,3689304.936689072,3689305.0715729604,3689304.892398021,3689305.1241775434,-73527.39399612272,-73527.40337137556,-73527.38450554635,-73527.40907624371,-73527.37795364366
2010-08-01,-7809.955163484312,-7810.063143729442,-7809.838381872913,-7810.131907369758,-7809.770551178068,-5746848.316137525,-5746848.416516481,-5746848.231570664,-5746848.482957035,-5746848.159423426,537263.371134569,537263.3177227351,537263.4197980531,537263.2799138755,537263.4571829187,3716709.059871661,3716708.9978425885,3716709.1254607397,3716708.9445980964,3716709.161839387,8551.903669659958,8551.893578947476,8551.914458043679,8551.88545466735,8551.922185507643
2010-09-01,-7880.482806144737,-7880.585764462317,-7880.384250430048,-7880.642014646715,-7880.301579515864,-5796052.153337272,-5796052.259681705,-5796052.0397160575,-5796052.32258299,-5796051.978589225,543085.9459775104,543085.8977749638,543085.9961631485,543085.8652624777,543086.028300602,3755120.126475444,3755120.0577746243,3755120.1944424706,3755120.008572772,3755120.2416014606,-1427.4969368280006,-1427.5062057805574,-1427.4879423847183,-1427.51189648474,-1427.4813257088529
2010-10-01,-7950.793642030715,-7950.9067809055605,-7950.675715028938,-7950.974557965647,-7950.604175805367,-5845178.98289058,-5845179.08179172,-5845178.884012624,-5845179.141849652,-5845178.810105915,550347.8945581873,550347.8416987198,550347.9495944107,550347.8051858349,550347.975259339,3796158.8587315413,3796158.787440174,3796158.9344037604,3796158.7344398564,3796158.9770034985,-37600.902020631875,-37600.9116972961,-37600.89230711759,-37600.91744251881,-37600.88546301582
2010-11-01,-8020.908818085257,-8021.0181361383975,-8020.792150960759,-8021.103247825426,-8020.713582803908,-5894240.795405625,-5894240.897577451,-5894240.690148114,-5894240.958166512,-5894240.625964301,562126.0748252121,562126.0266337676,562126.126986882,562125.9910509842,562126.1556607059,3832871.9595836247,3832871.890004842,3832872.026669172,3832871.846759284,3832872.073246919,5552.536383869413,5552.5260766728325,5552.547557800811,5552.519123529081,5552.553739736143
2010-12-01,-8091.5130501043495,-8091.620576174664,-8091.388871245644,-8091.700838467676,-8091.330037849107,-5943490.512711857,-5943490.611855348,-5943490.411019746,-5943490.682996736,-5943490.3350795135,567806.916384459,567806.8662569234,567806.9649334259,567806.8351040118,567806.9985235092,3875947.1982853427,3875947.1318905647,3875947.2635285514,3875947.091015663,3875947.307141816,-24504.628568577737,-24504.638075035877,-24504.61883014512,-24504.643867445335,-24504.61372336479
2011-01-01,-8162.23815698699,-8162.344566577196,-8162.1267870212305,-8162.425047920267,-8162.055236762217,-5992779.604533871,-5992779.712545259,-5992779.502961445,-5992779.767218616,-5992779.435277184,569375.7400309317,569375.6891705513,569375.7903331243,569375.659382194,569375.8231303714,3925923.5155607387,3925923.4462781437,3925923.5819493276,3925923.3895517155,3925923.6239504702,-32740.44682674868,-32740.457055132825,-32740.436796295406,-32740.463379786997,-32740.4310086434
2011-02-01,-8232.041744112365,-8232.145910227884,-8231.949359006541,-8232.22797138837,-8231.858110906747,-6041725.463887062,-6041725.5661381995,-6041725.366660479,-6041725.630928129,-6041725.289073468,581826.873359862,581826.825313908,581826.9200452553,581826.7879264981,581826.9537029738,3965963.830340405,3965963.7612467315,3965963.9043011605,3965963.7041649204,3965963.9526458713,24055.867412414187,24055.854785095617,24055.879815519966,24055.848015465068,24055.88699391994
2011-03-01,-8301.046053434346,-8301.15335743148,-8300.935776046259,-8301.22103392757,-8300.879236873541,-6090374.368464276,-6090374.466462793,-6090374.271335472,-6090374.52595968,-6090374.198653514,598944.1788760296,598944.1274739467,598944.2257768768,598944.1024923247,598944.2582326831,4005595.7854759246,4005595.7193967593,4005595.8556478294,4005595.6775045865,4005595.895633229,-25891.88635409818,-25891.89599747636,-25891.876338383332,-25891.90283244483,-25891.868544298173
2011-04-01,-8370.068076153606,-8370.178127847626,-8369.956900946638,-8370.247162001617,-8369.89138293302,-6139028.483242553,-6139028.575639602,-6139028.3785827635,-6139028.651153394,-6139028.311403721,614509.4983874641,614509.4470596327,614509.5480795816,614509.420183186,614509.5788628461,4056531.996591376,4056531.929129596,4056532.066251506,4056531.8803584673,4056532.1087407214,-77986.09683878646,-77986.1087781341,-77986.084614092,-77986.1145843282,-77986.07665207156
2011-05-01,-8441.280517033323,-8441.403284832337,-8441.157213300232,-8441.465312840497,-8441.090390201794,-6188784.855931523,-6188784.962230762,-6188784.753358817,-6188785.026719517,-6188784.677308188,612784.260391811,612784.2195603113,612784.3036962007,612784.1851135559,612784.3311933707,4100202.816638541,4100202.7467465233,4100202.8822572487,4100202.7016465343,4100202.9310479164,-54225.92759643467,-54225.93963842681,-54225.916145967225,-54225.94570334715,-54225.90772080519
2011-06-01,-8512.117837902193,-8512.240793681261,-8512.005676529014,-8512.312899072134,-8511.933028460928,-6238386.289080466,-6238386.392192196,-6238386.189779145,-6238386.44827813,-6238386.118406624,618364.3414912849,618364.2910363455,618364.3895548293,618364.2613849458,618364.4196770401,4143335.2850432717,4143335.2126489333,4143335.351431372,4143335.176539878,4143335.3991850954,-16668.511675118145,-16668.52368384483,-16668.498992973837,-16668.530052817398,-16668.492081221153
2011-07-01,-8582.52138569757,-8582.624565297601,-8582.420943274903,-8582.698970693225,-8582.358772360867,-6287809.891427355,-6287810.004453842,-6287809.786120602,-6287810.062231784,-6287809.720565141,626416.499580562,626416.4517333995,626416.5485035478,626416.426662778,626416.5758660472,4184491.9364807736,4184491.8685775334,4184492.0035604322,4184491.824681342,4184492.053536728,-5092.701861256771,-5092.714251818396,-5092.690796446086,-5092.722662513892,-5092.681900930851
2011-08-01,-8652.340454179548,-8652.45186692113,-8652.226458853764,-8652.51373512198,-8652.158132707733,-6336993.367746624,-6336993.472613878,-6336993.267933093,-6336993.537101168,-6336993.202822662,639247.9733134065,639247.9229318723,639248.023250557,639247.8924499719,639248.0602699781,4223890.322998728,4223890.250383036,4223890.3958892245,4223890.211226172,4223890.432826809,36799.30031576793,36799.28717704585,36799.31313156757,36799.27833377658,36799.320826235045
2011-09-01,-8721.870984903366,-8721.98803760221,-8721.757147778564,-8722.062735948848,-8721.678296275515,-6386061.909598652,-6386062.016736233,-6386061.796282832,-6386062.077628847,-6386061.726913719,651284.9180824524,651284.8655327071,651284.9677811034,651284.8324742866,651285.0053061818,4269149.415145915,4269149.339096838,4269149.487934822,4269149.285487094,4269149.53526392,1300.144359526799,1300.1318409422709,1300.1576955727242,1300.1232035998182,1300.166871993252
2011-10-01,-8792.253480355368,-8792.365957411694,-8792.145549489836,-8792.428499603071,-8792.075589224341,-6435521.194124468,-6435521.2958651995,-6435521.096020737,-6435521.3610585965,-6435521.027555156,651352.7501150034,651352.6980897011,651352.8026292366,651352.6640310283,651352.8372261539,4311327.349045479,4311327.277322825,4311327.423514446,4311327.230947053,4311327.464315858,24338.426173432064,24338.41339116608,24338.439045043302,24338.406294752087,24338.449060010946
2011-11-01,-8861.619774863062,-8861.744171656548,-8861.496846790225,-8861.827611925488,-8861.435018898004,-6484568.714370335,-6484568.828796625,-6484568.615580163,-6484568.898074638,-6484568.525019398,662699.7888559066,662699.7424419441,662699.8367911328,662699.7062280773,662699.8703491201,4353753.522169677,4353753.448109313,4353753.597318942,4353753.407582735,4353753.644111887,20813.211214518855,20813.19829664122,20813.223663181223,20813.19170116129,20813.230059915717
2011-12-01,-8930.585377890091,-8930.702522179346,-8930.47067588904,-8930.768275782275,-8930.401948584733,-6533450.42626735,-6533450.530507443,-6533450.322543347,-6533450.607793231,-6533450.244105398,668083.3522201288,668083.3049376213,668083.3995360588,668083.272702339,668083.4383209288,4402945.712284895,4402945.648766297,4402945.779862438,4402945.590995604,4402945.826813479,15202.99259123977,15202.97987827767,15203.00608934998,15202.969716228761,15203.016257018828
2012-01-01,-8998.493637893038,-8998.61417320007,-8998.37227542581,-8998.70034441723,-8998.293037876894,-6581870.890285285,-6581870.993482958,-6581870.780142835,-6581871.062635517,-6581870.724213814,692650.1523839415,692650.1054511898,692650.1995190168,692650.0757845195,692650.2351240797,4443235.341524436,4443235.274865551,4443235.414306294,4443235.225947593,4443235.459075458,-37625.707988829796,-37625.72138628058,-37625.695120099896,-37625.72993531482,-37625.68737554124
2012-02-01,-9067.72931360753,-9067.841758609224,-9067.617332834512,-9067.92501161395,-9067.526425819746,-6630962.105776083,-6630962.218912571,-6630961.999870603,-6630962.288774573,-6630961.9331111405,694834.1911563922,694834.1431381728,694834.2413126348,694834.1114078568,694834.2701551488,4484382.593757645,4484382.521066479,4484382.670401713,4484382.472129925,4484382.711551186,-19103.713690634668,-19103.726997569272,-19103.70036507961,-19103.735501909494,-19103.69130716918
2012-03-01,-9136.431467921273,-9136.541571663367,-9136.319257309313,-9136.642204821672,-9136.241112003821,-6679803.418250725,-6679803.525961104,-6679803.305726595,-6679803.594160518,-6679803.235191802,711398.9854894907,711398.9376901546,711399.0374290798,711398.902504573,711399.0745265849,4518890.7605125,4518890.680135967,4518890.832903588,4518890.634272994,4518890.887095451,-53340.86568171789,-53340.87719778811,-53340.85460823061,-53340.88382365193,-53340.84713961722
2012-04-01,-9204.983699534614,-9205.092493167136,-9204.871738016831,-9205.17069530147,-9204.793215721102,-6728566.461911813,-6728566.571144404,-6728566.352939037,-6728566.640798859,-6728566.280311077,726169.7019083232,726169.6523279201,726169.7539695294,726169.6242011721,726169.785065469,4565137.700459996,4565137.6261309385,4565137.771043556,4565137.582855629,4565137.809833128,-124189.2061418992,-124189.21859234011,-124189.19367599468,-124189.22758964184,-124189.18559780018
2012-05-01,-9275.318051812628,-9275.437762941272,-9275.207508711344,-9275.521808332682,-9275.128842751361,-6778344.527239419,-6778344.628878621,-6778344.424101985,-6778344.690513978,-6778344.36272616,731478.7444361325,731478.6959892755,731478.7961253178,731478.6608229151,731478.8291515996,4594889.044914097,4594888.974215104,4594889.118498775,4594888.930368599,4594889.154189189,-93422.10439667739,-93422.1155066106,-93422.09252541573,-93422.12390406625,-93422.08429468708
2012-06-01,-9345.336926126527,-9345.457824479916,-9345.215251126709,-9345.531998452432,-9345.142460139698,-6827974.670085461,-6827974.770276397,-6827974.569441981,-6827974.831723545,-6827974.488225124,740170.0147356823,740169.9632197603,740170.066375493,740169.9291601307,740170.1014110637,4632653.949495602,4632653.88224294,4632654.018617342,4632653.824546764,4632654.060440689,-99083.35442731844,-99083.36514357624,-99083.34282885886,-99083.37468448571,-99083.33462587792
2012-07-01,-9415.97146234489,-9416.088334526208,-9415.856770210317,-9416.170224688829,-9415.775742245074,-6877911.301663629,-6877911.406783264,-6877911.19507042,-6877911.473475384,-6877911.121137163,744503.2985862796,744503.246172882,744503.347233059,744503.214572623,744503.3809277035,4665943.096188245,4665943.027760841,4665943.169217515,4665942.988352961,4665943.21373007,-67487.8448943576,-67487.85538362,-67487.83361765736,-67487.8628268651,-67487.82785053586
2012-08-01,-9485.722433860215,-9485.833830960186,-9485.604294723405,-9485.90850566668,-9485.526742610782,-6927447.160604354,-6927447.262108451,-6927447.047433047,-6927447.335273702,-6927446.977058069,758077.3889110424,758077.3400803787,758077.4410399296,758077.3103773269,758077.4683430338,4701790.110904981,4701790.0386223225,4701790.182617106,4701789.990323707,4701790.223518229,-77725.45768323644,-77725.46814571222,-77725.44779235932,-77725.47348420664,-77725.44061633956
2012-09-01,-9555.770835909567,-9555.892416767341,-9555.651847088255,-9555.976955479322,-9555.574469214385,-6977131.343506159,-6977131.450826446,-6977131.242502249,-6977131.498835835,-6977131.167078773,759949.830138485,759949.7816589562,759949.8792628972,759949.753195702,759949.9067667627,4750307.37718621,4750307.303832527,4750307.451914776,4750307.257350972,4750307.4958692435,-61552.854394980975,-61552.86651153915,-61552.841686165935,-61552.87532537911,-61552.83326483383
2012-10-01,-9625.023905395157,-9625.150355414456,-9624.912053411743,-9625.219959928756,-9624.849671880982,-7026416.997766431,-7026417.095705611,-7026416.898194514,-7026417.173308635,-7026416.8352799015,786082.470453223,786082.4203365544,786082.5170308432,786082.3887558797,786082.5501864669,4781385.783797114,4781385.709778704,4781385.856867609,4781385.660419724,4781385.890041761,-109917.11276512139,-109917.12454673274,-109917.10104475229,-109917.1307232615,-109917.09412795618
2012-11-01,-9695.370051455084,-9695.489209925756,-9695.245869197423,-9695.56166860175,-9695.187199968295,-7076269.530970097,-7076269.6514034355,-7076269.416954571,-7076269.718784417,-7076269.355815313,794351.6698413104,794351.6218665538,794351.7195591789,794351.5941909064,794351.7450670648,4829683.747715187,4829683.684461904,4829683.812028311,4829683.638429469,4829683.865753808,-117292.67066631596,-117292.68164476528,-117292.65904905168,-117292.68910409734,-117292.65217013138
2012-12-01,-9766.185889937387,-9766.298907329645,-9766.060623259862,-9766.385153506377,-9765.996456562649,-7126362.403155014,-7126362.504940036,-7126362.294202394,-7126362.583433807,-7126362.234658188,798671.7960469746,798671.7491375592,798671.842540321,798671.7165858372,798671.8748326696,4875106.391830607,4875106.3210070785,4875106.466844683,4875106.269119098,4875106.5078130895,-45128.85578673165,-45128.868652614445,-45128.84341674166,-45128.874888659026,-45128.83237262187
2013-01-01,-9835.262288636717,-9835.38595116683,-9835.141617300214,-9835.468080912779,-9835.044437587356,-7175603.2884861715,-7175603.391594708,-7175603.17998296,-7175603.468002483,-7175603.10953642,839812.0135106936,839811.9646223951,839812.0639791748,839811.9280489731,839812.0979236653,4902400.902686528,4902400.826756409,4902400.976769759,4902400.790999162,4902401.013615909,-108023.35281707905,-108023.36414188094,-108023.3411691913,-108023.37131512654,-108023.33352996278
2013-02-01,-9906.225239515616,-9906.349989394774,-9906.107108425662,-9906.423115199275,-9906.036364832271,-7225886.680422749,-7225886.792661977,-7225886.572224025,-7225886.86257033,-7225886.504439234,851064.8246474162,851064.7769375431,851064.8748209258,851064.7445561226,851064.9081796551,4942119.016705622,4942118.947939014,4942119.0864686575,4942118.902400613,4942119.129613128,-108700.30384230238,-108700.31514596778,-108700.29310805425,-108700.32177841573,-108700.28665939272
2013-03-01,-9976.81432337673,-9976.934977474453,-9976.690261819684,-9977.008320780094,-9976.614934800424,-7275978.602919557,-7275978.713953279,-7275978.490776748,-7275978.795270658,-7275978.428104608,873662.7468849105,873662.6966916873,873662.7935979794,873662.6672094162,873662.8358528905,4974870.777911015,4974870.70512764,4974870.851216655,4974870.671652114,4974870.893741119,-48587.45043932384,-48587.461591778716,-48587.43959587544,-48587.46929470753,-48587.43429440431
2013-04-01,-10046.456187564469,-10046.584362945063,-10046.342647977235,-10046.66826837785,-10046.261252864097,-7325630.410876242,-7325630.518144233,-7325630.308274232,-7325630.580241925,-7325630.2409010595,898428.1648784399,898428.1163294119,898428.2152362484,898428.0834898123,898428.2431057214,5017743.944237934,5017743.868855568,5017744.023124361,5017743.825181807,5017744.0677488055,-71820.01058090001,-71820.02172142827,-71819.99914819853,-71820.02816845993,-71819.99235452495
2013-05-01,-10116.19805935474,-10116.315834321122,-10116.086506445765,-10116.393323911752,-10116.00087738549,-7375333.265845485,-7375333.3745284425,-7375333.1502063675,-7375333.444040721,-7375333.098371272,917332.9518276394,917332.8982787331,917333.0009428158,917332.8669854429,917333.0349984342,5062873.386687979,5062873.314977739,5062873.4645669805,5062873.27225562,5062873.509137187,-128202.06220205652,-128202.07232114443,-128202.05085148237,-128202.07894951131,-128202.0440827286
2013-06-01,-10185.6263386905,-10185.753093669735,-10185.50012531062,-10185.822678677332,-10185.425112434525,-7424876.314427718,-7424876.422666706,-7424876.199864175,-7424876.491549715,-7424876.146425581,941724.5459306989,941724.5012062858,941724.5940948564,941724.4630093296,941724.6248174685,5100379.95860358,5100379.887586904,5100380.027936828,5100379.847515829,5100380.073758587,-82663.6307125498,-82663.64153030157,-82663.62042725115,-82663.64915676748,-82663.61298050817
2013-07-01,-10254.535056344766,-10254.65334141332,-10254.415589146083,-10254.739603787839,-10254.32834450339,-7474146.354141596,-7474146.462419504,-7474146.246889199,-7474146.528341892,-7474146.166230177,968151.9640638008,968151.9173585887,968152.0120533437,968151.8825227567,968152.0449678934,5137874.839171586,5137874.767507105,5137874.909706695,5137874.729650485,5137874.955856878,-91889.13107639625,-91889.14245108774,-91889.11985987738,-91889.14824450691,-91889.11229119106
2013-08-01,-10323.375481480816,-10323.507215185753,-10323.253582011692,-10323.563899659028,-10323.173779707095,-7523386.373092861,-7523386.478590178,-7523386.269545257,-7523386.534652971,-7523386.213369204,995029.4447867676,995029.3900988977,995029.4955402319,995029.3652753227,995029.5306214227,5172457.925010725,5172457.851136784,5172457.9999826765,5172457.812836213,5172458.035134482,-69967.36734170227,-69967.37863728634,-69967.35748813814,-69967.38498436914,-69967.34959072676
2013-09-01,-10392.161045824238,-10392.298273157872,-10392.028078720045,-10392.368050937173,-10391.940989991612,-7572594.274689852,-7572594.38346042,-7572594.157171234,-7572594.46193102,-7572594.090500173,1020284.1978712028,1020284.1470012614,1020284.2496866961,1020284.1158338764,1020284.276629637,5211508.613783075,5211508.542598211,5211508.67954861,5211508.490299334,5211508.73445072,-54506.87030860411,-54506.88142421282,-54506.85873718815,-54506.88876037328,-54506.85282722259
2013-10-01,-10460.98823219292,-10461.107819441499,-10460.86961781644,-10461.190587357709,-10460.778978895085,-7621827.693068784,-7621827.803918102,-7621827.579547658,-7621827.859653266,-7621827.513467628,1045144.7044436496,1045144.6580739907,1045144.7522183179,1045144.6234091477,1045144.7838433167,5252969.095264433,5252969.030065514,5252969.165194536,5252968.980015679,5252969.213246626,-76257.82291463435,-76257.8339690936,-76257.81182016453,-76257.84196743264,-76257.80480008194
2013-11-01,-10530.01901395191,-10530.132133273024,-10529.90557951018,-10530.207343970664,-10529.828818427486,-7671177.823173974,-7671177.9380330555,-7671177.708802088,-7671178.015860538,-7671177.6315325415,1078342.469214456,1078342.4203265607,1078342.517827808,1078342.3849050445,1078342.5506357257,5285900.501010606,5285900.4387770165,5285900.568432013,5285900.394833228,5285900.620049771,-33544.60029083616,-33544.610523200034,-33544.590053774344,-33544.61614060427,-33544.58222644139
2013-12-01,-10600.297182084376,-10600.413263786504,-10600.167716054068,-10600.505768687164,-10600.096154894583,-7721233.359161166,-7721233.472388549,-7721233.25460441,-7721233.544079294,-7721233.165736077,1099070.7675475474,1099070.7195617831,1099070.815919075,1099070.6871850337,1099070.8464345427,5338349.102179912,5338349.033567526,5338349.16835535,5338348.991974481,5338349.212922191,-23657.7770835325,-23657.789161753473,-23657.763833092657,-23657.79819143932,-23657.75651289933
2014-01-01,-10671.912182369015,-10672.0308457357,-10671.78060152512,-10672.116136288127,-10671.70680949176,-7772053.074621715,-7772053.185982429,-7772052.9519529585,-7772053.261590535,-7772052.89793537,1120698.6447796843,1120698.5962281057,1120698.6960299301,1120698.5667413387,1120698.7250162724,5383424.170734051,5383424.101551578,5383424.237524559,5383424.051018272,5383424.279906218,-71963.92533608548,-71963.93699703003,-71963.914188157,-71963.9454539782,-71963.9045262293
2014-02-01,-10745.447660224441,-10745.578320626446,-10745.318743282101,-10745.652181206277,-10745.247303267703,-7824019.793397027,-7824019.914143073,-7824019.677239232,-7824019.975473447,-7824019.59341788,1126439.2209745874,1126439.1672017945,1126439.2724376633,1126439.1395747717,1126439.3058514788,5427731.413306393,5427731.3455622075,5427731.482308636,5427731.297866108,5427731.519311656,-41117.44530283852,-41117.45549994929,-41117.43575489044,-41117.46321886322,-41117.42882403799
2014-03-01,-10817.952393245801,-10818.077160040159,-10817.8245009134,-10818.163124635103,-10817.750961850297,-7875428.019374433,-7875428.126914643,-7875427.917168123,-7875428.194224135,-7875427.834907771,1147313.3417718234,1147313.291979459,1147313.3947675175,1147313.2578034352,1147313.4242365276,5461410.686553745,5461410.623093527,5461410.75050561,5461410.572234774,5461410.802433173,-19898.86941554717,-19898.87864381918,-19898.860367655318,-19898.8846744193,-19898.85532296196
2014-04-01,-10888.326577193917,-10888.448997651052,-10888.202707856733,-10888.52279703422,-10888.13979622678,-7925761.914466304,-7925762.021860966,-7925761.808758157,-7925762.107129534,-7925761.724744475,1179981.1301083288,1179981.0826623829,1179981.1830722864,1179981.0421285091,1179981.2144006386,5505009.028997349,5505008.961046802,5505009.095833,5505008.919379114,5505009.144056939,-25244.418685668366,-25244.42930242843,-25244.40711284373,-25244.437114069056,-25244.3993771205
2014-05-01,-10960.810257038229,-10960.943854360006,-10960.684743142621,-10961.03677920106,-10960.597694016438,-7977370.403246628,-7977370.517060838,-7977370.295833364,-7977370.586307043,-7977370.2259287685,1187399.7082578223,1187399.6536648402,1187399.760334846,1187399.6221008732,1187399.7904658434,5543617.288922779,5543617.219700417,5543617.360978172,5543617.1747569395,5543617.404292783,-95269.8734280915,-95269.88255707691,-95269.86432341255,-95269.88765418749,-95269.85872030555
2014-06-01,-11031.817868666401,-11031.934199070722,-11031.69953818955,-11032.0225444621,-11031.59892873358,-8028171.019607126,-8028171.132141915,-8028170.91386834,-8028171.194096697,-8028170.847756553,1211469.4145024754,1211469.3699996762,1211469.463736845,1211469.3343011315,1211469.5019229031,5576839.249964273,5576839.175749109,5576839.324525847,5576839.134317002,5576839.373821995,-60200.29207935741,-60200.30060651699,-60200.28332620516,-60200.30766386903,-60200.27874467453
2014-07-01,-11102.752010846389,-11102.882082161887,-11102.634031422542,-11102.960704116062,-11102.550198002997,-8078920.324953134,-8078920.44341656,-8078920.205848739,-8078920.50932073,-8078920.135625519,1232078.1857756602,1232078.135348723,1232078.2346654139,1232078.1087472828,1232078.268387916,5618460.674113272,5618460.603884113,5618460.741315593,5618460.567806919,5618460.78249894,-30789.95874160877,-30789.96767629973,-30789.95014143083,-30789.972626073304,-30789.94510941221
2014-08-01,-11173.926168360882,-11174.051011167165,-11173.811273527872,-11174.121719048602,-11173.715816042022,-8129815.887618685,-8129816.007088083,-8129815.768005295,-8129816.076679072,-8129815.701761389,1242748.7404611446,1242748.6931167645,1242748.7865352733,1242748.6630745614,1242748.8135907296,5678756.930111166,5678756.861574373,5678756.998380849,5678756.824331056,5678757.03727963,-31296.606816912765,-31296.61717689366,-31296.595927332914,-31296.623035942277,-31296.589141330616
2014-09-01,-11245.159694144042,-11245.28669059923,-11245.035221986198,-11245.374509192074,-11244.947802901897,-8180749.041387199,-8180749.160743112,-8180748.914948417,-8180749.235928801,-8180748.845236423,1261779.4763335052,1261779.4253956014,1261779.526956177,1261779.3860143523,1261779.5591451288,5715090.87040618,5715090.805679612,5715090.934791897,5715090.749392257,5715090.982642106,39831.83966868187,39831.82988858617,39831.84966182197,39831.824038816165,39831.85609191019
2014-10-01,-11314.503398230956,-11314.632509419665,-11314.368305861686,-11314.718663989228,-11314.28831924577,-8230640.836052971,-8230640.953425724,-8230640.708727954,-8230641.035458485,-8230640.644134001,1286342.6554104553,1286342.6068049748,1286342.706727651,1286342.568692262,1286342.7442637256,5762303.738347042,5762303.669798099,5762303.805679617,5762303.627280063,5762303.8567872085,-24711.32071188856,-24711.33053260814,-24711.311431181286,-24711.334993074834,-24711.305125873405
2014-11-01,-11383.170672913146,-11383.290596736098,-11383.052433868781,-11383.380977315013,-11382.970480047807,-8280145.889285222,-8280145.997878381,-8280145.77768225,-8280146.0828594705,-8280145.703834246,1309073.4796270437,1309073.4277589829,1309073.5273629462,1309073.3974187707,1309073.5596715077,5810539.485259281,5810539.411715015,5810539.556241209,5810539.3805810455,5810539.599824476,-41225.43753238439,-41225.44841237477,-41225.428484359174,-41225.45351407751,-41225.42086852554
2014-12-01,-11450.909410709379,-11451.035123678424,-11450.784256362062,-11451.11636315647,-11450.680823011446,-8329099.973187216,-8329100.0780110955,-8329099.870849177,-8329100.155040735,-8329099.800553054,1341537.7387727974,1341537.6855980344,1341537.7883629564,1341537.6520573592,1341537.8229604375,5854209.226417438,5854209.154481336,5854209.296466107,5854209.113183345,5854209.332474952,-62096.24857583028,-62096.2593777372,-62096.23794216334,-62096.26513704373,-62096.23160561129
2015-01-01,-11518.908651046351,-11519.039062653197,-11518.78476397323,-11519.133278822932,-11518.7061125641,-8378200.238295251,-8378200.352995819,-8378200.12375752,-8378200.44228112,-8378200.046736612,1372732.3213958112,1372732.274905091,1372732.3668208478,1372732.2448439293,1372732.4041749716,5904263.380336037,5904263.299901298,5904263.449743038,5904263.26858949,5904263.505805469,-105548.08912007025,-105548.09967924503,-105548.07782101951,-105548.10630679945,-105548.0702797856
2015-02-01,-11590.02684760821,-11590.157769042075,-11589.902690833278,-11590.221834056514,-11589.813880951579,-8429520.72966543,-8429520.847801551,-8429520.614989288,-8429520.913767476,-8429520.531202234,1375547.2642909845,1375547.2113183439,1375547.3185405736,1375547.1773372279,1375547.3506933344,5944149.403701189,5944149.337206039,5944149.467720963,5944149.285264037,5944149.5141924685,51166.71355175443,51166.70232876428,51166.72508818255,51166.69468725071,51166.73311784766
2015-03-01,-11659.445829686918,-11659.575845867485,-11659.319849434314,-11659.666092222185,-11659.233745247186,-8479956.18419831,-8479956.298386494,-8479956.063982341,-8479956.367854234,-8479956.006455695,1402265.772341376,1402265.7217604218,1402265.821656944,1402265.6842288112,1402265.8614813625,5977671.880358168,5977671.809623931,5977671.950788108,5977671.752543714,5977671.997137905,56364.64321961061,56364.633108347865,56364.65335839737,56364.626081999566,56364.660309583654
2015-04-01,-11726.505634274898,-11726.639646557156,-11726.374311328922,-11726.720289677354,-11726.286419580912,-8529179.085507888,-8529179.19771538,-8529178.973017417,-8529179.282927545,-8529178.905470269,1450491.2829637798,1450491.2323652646,1450491.3325715696,1450491.2041252397,1450491.366700479,6023395.1473989,6023395.0740153175,6023395.22426057,6023395.033845929,6023395.271259896,-37105.45499240611,-37105.46650393701,-37105.44293387963,-37105.47454342837,-37105.434870797435
2015-05-01,-11797.96005924958,-11798.079981486973,-11797.821975881832,-11798.186761549117,-11797.737386805515,-8581234.699375376,-8581234.803907657,-8581234.58192805,-8581234.90989141,-8581234.505258717,1444135.8484375244,1444135.7952901148,1444135.89841696,1444135.7664943542,1444135.9293443535,6075550.560319911,6075550.490250536,6075550.627030779,6075550.450863448,6075550.668895053,-128253.89713556747,-128253.90706137974,-128253.88714294798,-128253.91353668414,-128253.8802152
2015-06-01,-11868.427133762487,-11868.55902633013,-11868.296364395532,-11868.630789054856,-11868.223431840634,-8632716.719945578,-8632716.828868281,-8632716.606682295,-8632716.903269019,-8632716.54102541,1458672.2112106588,1458672.1590322605,1458672.2646120214,1458672.1277678013,1458672.2931028306,6120453.966282876,6120453.895281192,6120454.02958455,6120453.852955741,6120454.0721749505,17138.872187463443,17138.86016077582,17138.883402251166,17138.852294775126,17138.890586208774
2015-07-01,-11937.64969672037,-11937.775985326549,-11937.517466014584,-11937.8558046995,-11937.440728753581,-8683524.67663546,-8683524.795533331,-8683524.562249701,-8683524.86164933,-8683524.487550423,1484363.8010377432,1484363.7505012637,1484363.8508742673,1484363.7230597239,1484363.8817272354,6166260.35826244,6166260.288161301,6166260.43070182,6166260.246747193,6166260.475230866,-36061.25436774451,-36061.26573026147,-36061.24368617051,-36061.27368968281,-36061.23574415638
2015-08-01,-12007.01946149699,-12007.144156881226,-12006.882395608023,-12007.247674368431,-12006.804703180249,-8734429.014400233,-8734429.126250908,-8734428.90830856,-8734429.192105545,-8734428.825912394,1509584.1923870358,1509584.1373109235,1509584.239222459,1509584.1130921743,1509584.2788904852,6211103.433308152,6211103.364517504,6211103.504752852,6211103.311141227,6211103.546385833,-25344.533070631187,-25344.54498861143,-25344.521203212917,-25344.552850347016,-25344.51291979955
2015-09-01,-12077.539376841753,-12077.666012846676,-12077.40730003631,-12077.761798698313,-12077.330874826352,-8786020.079086192,-8786020.188442282,-8786019.968498344,-8786020.2660509,-8786019.90030588,1517489.959719493,1517489.9122859004,1517490.0095289738,1517489.8753425505,1517490.0398354926,6267361.438704733,6267361.368776234,6267361.504537211,6267361.322973305,6267361.559498711,-57257.21415782514,-57257.22477444137,-57257.202740414825,-57257.233130422865,-57257.19708998834
2015-10-01,-12148.246377431638,-12148.381895904758,-12148.117633545353,-12148.449817976902,-12148.01981592447,-8837716.317679225,-8837716.448015833,-8837716.196935644,-8837716.529296266,-8837716.100184955,1533160.5942122394,1533160.5404034597,1533160.6452076004,1533160.512979185,1533160.682440672,6314721.715741343,6314721.646573462,6314721.78181522,6314721.6068361765,6314721.83284581,-34662.595809755156,-34662.60690268226,-34662.58486112793,-34662.61430697507,-34662.578185187434
2015-11-01,-12218.621751464825,-12218.761243194882,-12218.487692081613,-12218.853088869731,-12218.398896914796,-8889221.444654848,-8889221.558086092,-8889221.333156826,-8889221.627074994,-8889221.265576841,1551029.8078772088,1551029.7565603533,1551029.8588144681,1551029.726896777,1551029.8951483916,6365018.1504949005,6365018.0780356405,6365018.220158424,6365018.036750457,6365018.259554083,-63765.57122928314,-63765.58275076505,-63765.55995496513,-63765.590868811385,-63765.55268469269
2015-12-01,-12290.356557444095,-12290.479772792556,-12290.225758999255,-12290.558507320211,-12290.154154898364,-8941546.32917318,-8941546.450270895,-8941546.205124939,-8941546.523993863,-8941546.123848261,1563761.6122969338,1563761.5668029396,1563761.659828441,1563761.5379140296,1563761.6914732389,6394062.785903225,6394062.719046395,6394062.8607902685,6394062.663028454,6394062.901724624,-24582.522402563034,-24582.532404968086,-24582.5120768615,-24582.540788198345,-24582.505447043433
2016-01-01,-12360.181761303922,-12360.309995774387,-12360.049767682744,-12360.405414080993,-12359.96113677047,-8992778.087471813,-8992778.193570714,-8992777.968055129,-8992778.279741278,-8992777.884605505,1576177.7888806206,1576177.7379244694,1576177.8397400002,1576177.7079418562,1576177.8727173838,6448522.1505799685,6448522.0865650335,6448522.2154824445,6448522.0435866285,6448522.266951767,-65927.49119366235,-65927.50122603594,-65927.47967451514,-65927.50867469437,-65927.47194970354
2016-02-01,-12428.942648571787,-12429.079303509328,-12428.808301431156,-12429.174784259807,-12428.729395870489,-9043345.04265996,-9043345.158001488,-9043344.931884084,-9043345.229363373,-9043344.867026964,1600625.6701313113,1600625.6208426615,1600625.7211487428,1600625.591822483,1600625.7555761465,6493411.656399803,6493411.590801858,6493411.7273801835,6493411.545071111,6493411.766005635,35635.16006355785,35635.148251752515,35635.17214515043,35635.14094455964,35635.17900335145
2016-03-01,-12497.513075117193,-12497.645355100043,-12497.376548075878,-12497.741005053807,-12497.279186782851,-9093811.990679054,-9093812.104787324,-9093811.871729137,-9093812.1792025,-9093811.7985998,1626876.832957333,1626876.783228485,1626876.88300131,1626876.745644539,1626876.917780633,6529303.911215014,6529303.838175197,6529303.983713855,6529303.792471067,6529304.027211802,44920.918783049536,44920.908610771825,44920.92863017921,44920.90266602029,44920.93564834699
2016-04-01,-12564.301416949007,-12564.430687185228,-12564.17441003021,-12564.50068282531,-12564.083989616827,-9143289.089538537,-9143289.223061046,-9143288.958751863,-9143289.301093435,-9143288.890003474,1663834.9867131547,1663834.9345942284,1663835.04185455,1663834.898042617,1663835.063286376,6591184.403226063,6591184.332317384,6591184.471312853,6591184.29481292,6591184.512428869,-91332.52228146596,-91332.53447150499,-91332.5102491482,-91332.54191467937,-91332.50141942408
2016-05-01,-12635.031254749303,-12635.165008738755,-12634.892994107293,-12635.245011489542,-12634.803240616486,-9195431.525458405,-9195431.64163373,-9195431.405493394,-9195431.715939907,-9195431.327718304,1655570.2598645852,1655570.2085818127,1655570.309725295,1655570.1769293956,1655570.3438991394,6650922.515203571,6650922.448720281,6650922.575626476,6650922.402907239,6650922.628977184,-106111.09113208744,-106111.10309630992,-106111.07876132944,-106111.11036077107,-106111.07263845744
2016-06-01,-12704.623483515817,-12704.761359062326,-12704.495142127751,-12704.842476054178,-12704.398277657781,-9246916.674476577,-9246916.794416498,-9246916.560215048,-9246916.864612412,-9246916.488561267,1673074.9873884232,1673074.939097571,1673075.0363165054,1673074.9070640013,1673075.0723136342,6710516.703733834,6710516.634257836,6710516.77735564,6710516.590473836,6710516.816420499,-84626.22959873434,-84626.24148158715,-84626.21802723,-84626.24855603487,-84626.21145559745
2016-07-01,-12774.979455910996,-12775.116789037278,-12774.844771553526,-12775.188741252347,-12774.740244772347,-9298853.89984506,-9298854.031714821,-9298853.764734006,-9298854.102880983,-9298853.696904637,1702609.9376886422,1702609.8897978005,1702609.9836616425,1702609.8579336412,1702610.0124520191,6754136.1472456455,6754136.077403499,6754136.213846733,6754136.036876294,6754136.263419517,-75488.34938539876,-75488.3618734783,-75488.33631766152,-75488.37011460667,-75488.32637805697
2016-08-01,-12850.10937009389,-12850.242233920522,-12849.982600809572,-12850.349275340017,-12849.882572103445,-9353867.001662541,-9353867.137497729,-9353866.876235181,-9353867.213481167,-9353866.81448336,1697951.2365973752,1697951.1870166538,1697951.285778793,1697951.1580116795,1697951.3206266372,6754709.980123048,6754709.916514894,6754710.047311157,6754709.873291947,6754710.087786066,43637.90867067165,43637.89771362828,43637.92028738259,43637.890133793546,43637.92608710727
2016-09-01,-12923.219069251703,-12923.346192482457,-12923.086178157986,-12923.458448462434,-12922.998749090943,-9407720.231996393,-9407720.349857112,-9407720.112858433,-9407720.447250722,-9407720.022200549,1693039.6143145766,1693039.5624880057,1693039.666664036,1693039.5332590358,1693039.6951389348,6801534.250788186,6801534.178167312,6801534.325268232,6801534.1350910915,6801534.37781054,-11945.472681998968,-11945.483768518481,-11945.460838975563,-11945.489951953316,-11945.452119775182
2016-10-01,-12995.415229026674,-12995.560274580701,-12995.27648877672,-12995.650275160891,-12995.161275006201,-9461023.897024965,-9461024.011455681,-9461023.78430377,-9461024.095590461,-9461023.71380867,1706519.4866081125,1706519.4382788043,1706519.5349429736,1706519.4042507159,1706519.5628263415,6836073.161040397,6836073.091184939,6836073.234925284,6836073.049271874,6836073.271724425,53079.3888931762,53079.378377083936,53079.40030667094,53079.37126315672,53079.40831364618
2016-11-01,-13066.009243344126,-13066.158754241555,-13065.867556554918,-13066.230458395192,-13065.7800665503,-9513391.502075743,-9513391.627020849,-9513391.37416696,-9513391.703706289,-9513391.305541826,1708873.7252790923,1708873.6777722202,1708873.7722175722,1708873.6471649904,1708873.80080042,6908277.196130908,6908277.116186893,6908277.276514784,6908277.071726224,6908277.31413942,4838.743703451207,4838.730975938847,4838.7561644900925,4838.722002544032,4838.76379159416
2016-12-01,-13136.537117878363,-13136.690265129611,-13136.39563505769,-13136.755114111585,-13136.316625827212,-9565711.22805584,-9565711.344283639,-9565711.105845056,-9565711.422835838,-9565711.015159793,1713258.9971403002,1713258.9471744988,1713259.0455338084,1713258.9134141016,1713259.0764824154,6968263.825288306,6968263.761053895,6968263.887076162,6968263.712748389,6968263.930185854,30431.339668076893,30431.326302517384,30431.352011554998,30431.31813522154,30431.359187439335
2017-01-01,-13205.554109428742,-13205.6893906785,-13205.413348004537,-13205.796023168426,-13205.336242825959,-9617185.941525795,-9617186.057823746,-9617185.823887445,-9617186.12661179,-9617185.749449769,1750068.6389166832,1750068.590147618,1750068.684617174,1750068.5579863572,1750068.7140272516,7018294.280905381,7018294.215089524,7018294.344141906,7018294.169770216,7018294.392200483,-97035.06194757209,-97035.07556420313,-97035.04792647812,-97035.08457586274,-97035.03851510135
2017-02-01,-13276.491040302231,-13276.622903716094,-13276.366028736653,-13276.702453908452,-13276.280538617484,-9669970.71176515,-9669970.828848613,-9669970.598927211,-9669970.91414533,-9669970.507525492,1770995.7926788176,1770995.7448046561,1770995.8365732336,1770995.7196889566,1770995.8659910816,7064345.850216489,7064345.780807974,7064345.920360182,7064345.743480774,7064345.963598164,-98495.94947300936,-98495.96274504602,-98495.93590753201,-98495.97258145848,-98495.92778703803
2017-03-01,-13350.993230952012,-13351.118866549681,-13350.863749786044,-13351.231555793054,-13350.775305498286,-9725137.044868922,-9725137.160675809,-9725136.933657095,-9725137.24800444,-9725136.8544996,1781136.8767855237,1781136.8280429668,1781136.9280161404,1781136.7951203592,1781136.9581098508,7081948.180604419,7081948.110054877,7081948.250157345,7081948.062753597,7081948.293146482,23833.656703311637,23833.645541901496,23833.66929529625,23833.636903827664,23833.676831524666
2017-04-01,-13425.722608566342,-13425.865042119469,-13425.57498940331,-13425.967104315034,-13425.500464359204,-9780455.948346037,-9780456.06378008,-9780455.824430449,-9780456.164357102,-9780455.740325917,1791690.0849245677,1791690.0407392713,1791690.1297200897,1791690.0105804936,1791690.1552608577,7130501.078640338,7130501.007578705,7130501.149565155,7130500.965167269,7130501.188563611,86483.84169608088,86483.82685142067,86483.85770821215,86483.81441526656,86483.86529060903
2017-05-01,-13505.917147704602,-13506.064189718149,-13505.770083187652,-13506.161970625706,-13505.688503796267,-9839273.05869403,-9839273.180050356,-9839272.93991371,-9839273.263320332,-9839272.8566442,1743134.3660526173,1743134.3168562255,1743134.414734815,1743134.2863011677,1743134.4513617249,7138781.015520809,7138780.946370234,7138781.089998791,7138780.902446031,7138781.121709813,139600.48779825994,139600.47503189853,139600.5021381245,139600.46570644726,139600.50871587865
2017-06-01,-13584.836408377041,-13584.976636387175,-13584.695487732391,-13585.074555729769,-13584.620339663912,-9897469.097761186,-9897469.227218809,-9897468.978125649,-9897469.298674759,-9897468.88778187,1734603.483812683,1734603.4346276005,1734603.5383199845,1734603.4052038298,1734603.5633720572,7129513.313421564,7129513.243444285,7129513.379875975,7129513.203508555,7129513.432547612,21046.946946071508,21046.936101881765,21046.957424805838,21046.930279468605,21046.964197065226
2017-07-01,-13662.252678090652,-13662.391781234155,-13662.125205255774,-13662.461337022516,-13662.018118272517,-9954771.113118602,-9954771.243968338,-9954770.99118922,-9954771.315210942,-9954770.88960153,1752208.6584224333,1752208.6073490966,1752208.7119030782,1752208.5729537213,1752208.7438363251,7114287.387867788,7114287.316385308,7114287.456081226,7114287.275501233,7114287.498097864,94742.24979477248,94742.23978155229,94742.26034951075,94742.23190077516,94742.26639130367
2017-08-01,-13739.160387863054,-13739.290569304669,-13739.025047310752,-13739.372609536002,-13738.934582534865,-10011766.078708148,-10011766.198220732,-10011765.95313717,-10011766.280020405,-10011765.87378196,1760672.0462366939,1760671.99879799,1760672.092998638,1760671.9716184677,1760672.123849818,7141747.78459469,7141747.718435717,7141747.852746647,7141747.669726799,7141747.899339801,42812.59206212823,42812.58089493058,42812.602907376815,42812.57325957993,42812.6106186521
2017-09-01,-13819.369336832759,-13819.504436396011,-13819.232219653855,-13819.605611841365,-13819.128025404241,-10070830.30010609,-10070830.421791194,-10070830.180783652,-10070830.517111793,-10070830.083884211,1725923.3801510606,1725923.3365363562,1725923.4245792266,1725923.303152795,1725923.4597124627,7173923.861709586,7173923.793539774,7173923.9260408925,7173923.746788652,7173923.982336994,106631.19926882791,106631.18918158779,106631.20973061601,106631.18291886542,106631.21594886064
2017-10-01,-13897.616600756848,-13897.762123054632,-13897.466235939342,-13897.860254292087,-13897.381087945534,-10128736.979432924,-10128737.094334709,-10128736.868228106,-10128737.177448504,-10128736.784218306,1730716.1500644146,1730716.0975754529,1730716.1957449354,1730716.0712140033,1730716.2364100087,7188709.068848001,7188709.000556065,7188709.1421630625,7188708.943724122,7188709.180445492,174075.70456167654,174075.69435416727,174075.71475965824,174075.68723488908,174075.72244923282
2017-11-01,-13974.44022272693,-13974.583141310335,-13974.298974632586,-13974.661473776523,-13974.218219873697,-10185870.88799632,-10185871.008090893,-10185870.766481226,-10185871.096176378,-10185870.68484532,1727598.3783590337,1727598.3293277149,1727598.4284934057,1727598.294873175,1727598.4583540638,7226768.451244722,7226768.386864426,7226768.515400253,7226768.349048408,7226768.558129735,134725.33576367615,134725.32618544035,134725.34514731608,134725.31856731584,134725.3525545655
2017-12-01,-14049.348756660811,-14049.47917157323,-14049.199344406312,-14049.578113194399,-14049.120732452524,-10241953.587287258,-10241953.710164886,-10241953.46579409,-10241953.802065816,-10241953.379972573,1724898.848189817,1724898.8045386572,1724898.889876794,1724898.7781828423,1724898.923837403,7286999.567699233,7286999.498470103,7286999.634909557,7286999.45224776,7286999.684837295,55941.22434705361,55941.21336628409,55941.23417632202,55941.20665895359,55941.24283464529
2018-01-01,-14123.68647465411,-14123.82538961541,-14123.550145158293,-14123.923874247945,-14123.461792366892,-10297706.016937578,-10297706.137181293,-10297705.891803237,-10297706.211706355,-10297705.819915056,1741730.4231628445,1741730.376621172,1741730.4713976514,1741730.3490449237,1741730.5013374346,7322111.149653075,7322111.083910987,7322111.215022167,7322111.041590397,7322111.252411534,-7678.119423331632,-7678.130079191302,-7678.109041904433,-7678.137089949856,-7678.10138141525
2018-02-01,-14198.722698478563,-14198.8542673392,-14198.57256462818,-14198.94828063966,-14198.496032196934,-10353921.180574177,-10353921.299409304,-10353921.059156785,-10353921.391000558,-10353920.979084078,1756130.977004616,1756130.929504091,1756131.0225629632,1756130.8947074604,1756131.0516979597,7359813.279105852,7359813.207324748,7359813.348540053,7359813.16425986,7359813.38637313,-147971.39172472924,-147971.40383298183,-147971.38021301493,-147971.40999806047,-147971.37304435653
2018-03-01,-14278.740291840775,-14278.882682310743,-14278.594326038365,-14278.990779708773,-14278.504914299661,-10413780.643154811,-10413780.773832211,-10413780.520490477,-10413780.844169067,-10413780.434352795,1722025.3535231194,1722025.3082100989,1722025.4017387992,1722025.2752497108,1722025.4340529225,7374161.005919535,7374160.931200349,7374161.0794215435,7374160.897282139,7374161.118767033,36637.32884911233,36637.31821241093,36637.33872047393,36637.31347271436,36637.34622871811
2018-04-01,-14355.753337927626,-14355.894316905955,-14355.615322799806,-14355.97896656442,-14355.523503840794,-10471920.347671792,-10471920.467498247,-10471920.223961089,-10471920.552320668,-10471920.16576818,1754012.0030404849,1754011.9557276217,1754012.0508861614,1754011.9202534885,1754012.0799250791,7391748.384465022,7391748.316892478,7391748.455189456,7391748.279266783,7391748.490809575,-43021.758054000595,-43021.7696190605,-43021.74674651823,-43021.7781428223,-43021.73805172384
2018-05-01,-14440.407167077301,-14440.545087766095,-14440.266637039,-14440.644700208573,-14440.174760357486,-10535226.052602882,-10535226.17835503,-10535225.93500954,-10535226.24892698,-10535225.847974783,1680950.0146197008,1680949.9652346633,1680950.0663071063,1680949.9315838255,1680950.097154902,7360683.987917584,7360683.9232190335,7360684.058308832,7360683.862791344,7360684.098743249,-39905.96247598121,-39905.97039997809,-39905.95493618299,-39905.975093572335,-39905.94945136735
2018-06-01,-14518.022245043569,-14518.178621378298,-14517.882614811362,-14518.241739098288,-14517.783115970089,-10594736.707363846,-10594736.823388027,-10594736.59383696,-10594736.923181726,-10594736.508724054,1668371.3437847649,1668371.2952620299,1668371.3921216328,1668371.2666412177,1668371.418514902,7366769.507974568,7366769.43508469,7366769.581731076,7366769.3922963515,7366769.622544939,-44925.93997077788,-44925.94795976216,-44925.93181614522,-44925.95439342622,-44925.925769046284
2018-07-01,-14595.659305582612,-14595.794914399481,-14595.514011023146,-14595.916507364775,-14595.425138212306,-10654248.74174473,-10654248.856214654,-10654248.62706642,-10654248.943555178,-10654248.531926656,1644301.3776034182,1644301.3219728891,1644301.4288588082,1644301.29158614,1644301.4638691265,7352820.002870756,7352819.94079477,7352820.065847422,7352819.896548187,7352820.104114877,79752.43357337595,79752.42502928914,79752.44146697316,79752.41942653788,79752.44686965251
2018-08-01,-14669.337292659202,-14669.477957209878,-14669.19769031737,-14669.579881093417,-14669.099136407267,-10711701.856599763,-10711701.97905896,-10711701.730602205,-10711702.053939795,-10711701.658959668,1649695.4600196534,1649695.4099828862,1649695.5090382625,1649695.3814284138,1649695.5449593868,7364111.480682141,7364111.4130384065,7364111.552797157,7364111.360615404,7364111.594290142,-42518.04904172354,-42518.058291131914,-42518.039994157916,-42518.06414971418,-42518.03418769259
2018-09-01,-14746.351015443448,-14746.506016107392,-14746.20072864011,-14746.60707565955,-14746.09475589051,-10771195.088012148,-10771195.208606172,-10771194.970294058,-10771195.282457773,-10771194.893024543,1603250.7484651946,1603250.697181389,1603250.8006705958,1603250.6631313951,1603250.820472791,7379746.22642303,7379746.163847126,7379746.292651247,7379746.118005141,7379746.335482177,58673.13894672004,58673.12991936015,58673.14781020416,58673.12289113458,58673.15462608441
2018-10-01,-14820.324380202175,-14820.473752975986,-14820.180290831919,-14820.57516330305,-14820.084348796081,-10829079.705471478,-10829079.826239718,-10829079.5733314,-10829079.913576327,-10829079.49296619,1596049.395509287,1596049.3483295678,1596049.4459616186,1596049.313056197,1596049.4728469653,7398763.896972535,7398763.829359936,7398763.962289099,7398763.779460274,7398764.001096576,96867.05700617844,96867.0464621907,96867.06814246993,96867.0405914719,96867.07461543164
2018-11-01,-14894.05035480145,-14894.20876690996,-14893.90872111414,-14894.290706447577,-14893.81384048471,-10886841.635815041,-10886841.757241866,-10886841.510877116,-10886841.816595709,-10886841.432249535,1573677.5012609803,1573677.4537396731,1573677.5465373225,1573677.4205169547,1573677.5813717218,7416261.632188856,7416261.564824529,7416261.698765024,7416261.523248974,7416261.753300029,-114095.3132424169,-114095.3233409354,-114095.30339906143,-114095.32980393914,-114095.29631911388
2018-12-01,-14967.714199210799,-14967.85588234996,-14967.561794479794,-14967.948623317785,-14967.48040256474,-10944559.465497186,-10944559.587538816,-10944559.338436063,-10944559.674414752,-10944559.251545165,1561451.0636062198,1561451.017154656,1561451.1097247861,1561450.9869274807,1561451.1394371672,7425031.213598539,7425031.14520582,7425031.28290118,7425031.0943072615,7425031.325695858,-86992.60433526008,-86992.61466789921,-86992.59368418461,-86992.62238712965,-86992.58627611886
2019-01-01,-15041.725020518285,-15041.87545368845,-15041.571662304323,-15041.981393041196,-15041.442027509855,-11002470.106221413,-11002470.228094032,-11002469.986809498,-11002470.327559954,-11002469.900084417,1557685.9258532813,1557685.8764772187,1557685.9725808243,1557685.844650124,1557686.005899103,7424808.559165138,7424808.492208464,7424808.629972033,7424808.439668894,7424808.669509368,-116276.455921666,-116276.46773209715,-116276.44415746906,-116276.47430011774,-116276.43679660466
2019-02-01,-15117.682853638675,-15117.825538085102,-15117.53088882748,-15117.937210230359,-15117.410409124215,-11061523.094322816,-11061523.215409296,-11061522.96949792,-11061523.287237026,-11061522.878013484,1544261.6192865716,1544261.5711417722,1544261.665415306,1544261.5376252707,1544261.6960484884,7424302.180535649,7424302.112263554,7424302.247149567,7424302.069138643,7424302.291080911,-91551.68466879174,-91551.69702959707,-91551.67320603694,-91551.7052180569,-91551.6643053221
2019-03-01,-15196.944247428719,-15197.091037655804,-15196.79070148302,-15197.187743419016,-15196.718130616326,-11122378.692622976,-11122378.81524274,-11122378.569045126,-11122378.90400317,-11122378.480206253,1518724.285417232,1518724.237569346,1518724.3346480117,1518724.205047791,1518724.3664155737,7389569.217003086,7389569.156110973,7389569.281259067,7389569.110940563,7389569.324666803,-98796.84658774134,-98796.85749599893,-98796.83555530502,-98796.86426747861,-98796.82847942028
2019-04-01,-15278.38022336741,-15278.534717695478,-15278.23510964017,-15278.629727554331,-15278.131389086742,-11184318.617037904,-11184318.74323673,-11184318.480612306,-11184318.819101771,-11184318.399252037,1467784.5016104043,1467784.4559973674,1467784.546046388,1467784.4242780213,1467784.5768607417,7372129.552398281,7372129.487213233,7372129.618219607,7372129.441365333,7372129.654750966,-121799.38507764954,-121799.39513966984,-121799.37502288652,-121799.40269841414,-121799.36784224554
2019-05-01,-15359.427392216989,-15359.583348132883,-15359.281578036402,-15359.666731933276,-15359.17012513667,-11246035.320826165,-11246035.439090239,-11246035.205421688,-11246035.516030638,-11246035.13024081,1411451.1758336944,1411451.129850476,1411451.2242302967,1411451.1001004942,1411451.252775674,7385866.104199225,7385866.039809281,7385866.169032061,7385866.002462943,7385866.2089763675,-380321.034885936,-380321.04445417784,-380321.02498695423,-380321.0499348045,-380321.0198090035
2019-06-01,-15439.877888385601,-15440.023210620975,-15439.732373987812,-15440.15526196616,-15439.62938544759,-11307423.63102626,-11307423.760671506,-11307423.501796892,-11307423.823306305,-11307423.410359483,1384749.1201747907,1384749.0709715106,1384749.1665532824,1384749.04456295,1384749.1973206012,7387639.3113729255,7387639.241189598,7387639.379443279,7387639.194132655,7387639.420677046,-311602.20906088484,-311602.2200598959,-311602.19833924534,-311602.22623781854,-311602.1916749702
2019-07-01,-15523.840654597918,-15523.991212573032,-15523.705964358467,-15524.063610467418,-15523.60042645816,-11370791.480619287,-11370791.605702983,-11370791.347203666,-11370791.711527884,-11370791.263242597,1356468.1201903007,1356468.0754636943,1356468.1642530235,1356468.0413539207,1356468.193144801,7275676.423918461,7275676.357010189,7275676.4880558625,7275676.316782378,7275676.52846891,-182531.19822086426,-182531.2057529827,-182531.1904670356,-182531.21133641523,-182531.18521414985
2019-08-01,-15603.536592354274,-15603.687136553099,-15603.383360871156,-15603.792364670699,-15603.29799181061,-11431861.347268824,-11431861.475527115,-11431861.223993238,-11431861.562799836,-11431861.131284764,1321155.0990601068,1321155.0485466802,1321155.145364152,1321155.0247049863,1321155.183367429,7301064.541570874,7301064.472129245,7301064.608891633,7301064.437697996,7301064.66214063,-393380.88908988197,-393380.8979411588,-393380.88015952456,-393380.9025239884,-393380.873603587
2019-09-01,-15685.58730932258,-15685.740386459629,-15685.448762008826,-15685.832743457995,-15685.30278585902,-11494405.194414627,-11494405.319885714,-11494405.07606391,-11494405.396626538,-11494404.982114976,1285226.4454822147,1285226.3969948418,1285226.4948079388,1285226.369319427,1285226.528944621,7270896.673402039,7270896.603470407,7270896.7385778185,7270896.571388364,7270896.790979581,-208796.9467032611,-208796.95464849166,-208796.9388906307,-208796.95958719088,-208796.93407239017
2019-10-01,-15763.885134462118,-15764.034852533283,-15763.72707654126,-15764.140089704959,-15763.639363363844,-11555011.574973568,-11555011.699377542,-11555011.445745457,-11555011.777860403,-11555011.368224977,1255709.1940714428,1255709.152344011,1255709.2408528042,1255709.1164353902,1255709.2659778898,7303155.3410392925,7303155.272295137,7303155.411510823,7303155.22694067,7303155.44824908,-271609.127471378,-271609.1360077995,-271609.11811590585,-271609.1434165843,-271609.1126445613
2019-11-01,-15840.819009572993,-15840.974043509152,-15840.666082401438,-15841.076216787204,-15840.568467981988,-11614910.411148697,-11614910.547028521,-11614910.284475425,-11614910.638015658,-11614910.209820421,1247666.7594558632,1247666.7148884598,1247666.8024935673,1247666.6833655036,1247666.8247740907,7313595.393550173,7313595.323351123,7313595.463854891,7313595.2866941625,7313595.502448071,-403493.47562415747,-403493.4849226112,-403493.4655231885,-403493.49182608275,-403493.45866177836
2019-12-01,-15920.165630485424,-15920.329299181485,-15919.99572856397,-15920.432362758891,-15919.914003492564,-11676271.17615366,-11676271.304699006,-11676271.046843585,-11676271.398173168,-11676270.958457896,1215670.956996829,1215670.9101452122,1215671.003963664,1215670.885298246,1215671.0293757322,7294372.426746236,7294372.359636528,7294372.4931805115,7294372.315424955,7294372.528719662,-261135.5125294804,-261135.52242671867,-261135.50303222987,-261135.5290922501,-261135.49635190953
2020-01-01,-15996.834241940476,-15996.9997511946,-15996.67834734707,-15997.077283448227,-15996.572118974827,-11736256.954581028,-11736257.077591866,-11736256.826339897,-11736257.17274466,-11736256.745187225,1221683.0126584033,1221682.964493386,1221683.061143208,1221682.9384048088,1221683.0877796973,7285002.3166738115,7285002.248560508,7285002.382751643,7285002.212928526,7285002.421233643,-517371.40844559815,-517371.4177288087,-517371.3987727543,-517371.4252926943,-517371.39298432786
2020-02-01,-16079.150095889137,-16079.300482216431,-16079.000486936473,-16079.400017454194,-16078.910546301604,-11799992.141463587,-11799992.272052327,-11799992.015364088,-11799992.35521533,-11799991.927945,1176401.1849939267,1176401.140336769,1176401.2334327688,1176401.1030836347,1176401.2572074297,7244164.868622904,7244164.803771455,7244164.931335743,7244164.758622564,7244164.971579453,-393597.7217363454,-393597.73103792506,-393597.7118222048,-393597.73732960725,-393597.7056149704
2020-03-01,-16163.44627352978,-16163.600419318878,-16163.298355185249,-16163.699301235925,-16163.180029917019,-11864886.149686256,-11864886.281431675,-11864886.020914478,-11864886.373579444,-11864885.936282828,1126001.5282238298,1126001.4829341073,1126001.5746133353,1126001.4520420334,1126001.6130178743,7163791.037921523,7163790.973036203,7163791.103372068,7163790.926219484,7163791.152489111,-335608.943866076,-335608.95225035766,-335608.9357828037,-335608.95761074085,-335608.9302886259
2020-04-01,-16246.453669764947,-16246.608863409123,-16246.315308951926,-16246.700783342298,-16246.210477420695,-11929094.653045649,-11929094.779615754,-11929094.523633426,-11929094.853767624,-11929094.441891152,1062159.4568849048,1062159.4064968438,1062159.5018648258,1062159.3778333056,1062159.5354984854,7098571.567973923,7098571.499180685,7098571.636841473,7098571.451162793,7098571.688753657,-584143.2837033251,-584143.2913913524,-584143.2763159282,-584143.295520165,-584143.2717075085
2020-05-01,-16327.46374892742,-16327.615904846245,-16327.30499822751,-16327.721418038947,-16327.214495824675,-11992310.41594788,-11992310.54395594,-11992310.28099889,-11992310.609831506,-11992310.211295424,972570.9216079378,972570.8751981407,972570.9661261616,972570.8450729867,972570.9926363837,7059965.210233766,7059965.146747038,7059965.273854901,7059965.108947157,7059965.318479728,-685923.4988975732,-685923.5059789377,-685923.4921539929,-685923.5092693646,-685923.4877613024
2020-06-01,-16396.768342788808,-16396.924555671998,-16396.617823042678,-16397.01355654425,-16396.52029738966,-12051146.340125712,-12051146.480530795,-12051146.205654621,-12051146.551589916,-12051146.103828602,992091.4907769847,992091.4495568193,992091.5366745811,992091.4161479037,992091.5691544298,7014709.780523539,7014709.714181024,7014709.84588938,7014709.678805159,7014709.891907841,-547249.0570670511,-547249.064117681,-547249.0500742485,-547249.0686134326,-547249.0443402381
2020-07-01,-16460.56674293694,-16460.708710202096,-16460.42307819837,-16460.821880483683,-16460.30884597742,-12107609.77295301,-12107609.912554178,-12107609.64642434,-12107610.00788924,-12107609.577267056,1019130.2619449683,1019130.2152183271,1019130.309311959,1019130.1862757845,1019130.3334195052,6986367.226301143,6986367.161052533,6986367.291700564,6986367.1157598905,6986367.343809994,-499508.61742022156,-499508.6259242043,-499508.6087214909,-499508.6308145481,-499508.603046814
2020-08-01,-16525.712998549316,-16525.856459606126,-16525.5649719761,-16525.972025913,-16525.47816392739,-12164834.526964547,-12164834.664950863,-12164834.388109159,-12164834.745428052,-12164834.296991192,1008791.8998630496,1008791.8548881348,1008791.9450342307,1008791.825266538,1008791.9753903974,6998232.112980814,6998232.051237773,6998232.172481711,6998232.011233051,6998232.220468776,-502188.30461705313,-502188.3135417322,-502188.29550562205,-502188.3208112526,-502188.28907974384
2020-09-01,-16596.313785336275,-16596.47162259447,-16596.155318045312,-16596.562689673454,-16596.063862140716,-12225889.709456557,-12225889.830969265,-12225889.585093044,-12225889.925766986,-12225889.500965457,945975.2613623353,945975.2176169477,945975.3078793556,945975.1867293523,945975.3352950454,7001526.407221509,7001526.345773119,7001526.476870049,7001526.296866721,7001526.512968435,-432113.27581767977,-432113.28394213214,-432113.2674356797,-432113.29014781635,-432113.26183367585
2020-10-01,-16663.550673854355,-16663.689908817872,-16663.406231280504,-16663.83467486775,-16663.302141554082,-12284707.884040698,-12284708.000728764,-12284707.755366044,-12284708.079363523,-12284707.673212873,921778.281428124,921778.2339424773,921778.3295251965,921778.2074908342,921778.3594199397,7067845.245440287,7067845.180100631,7067845.308396502,7067845.148315735,7067845.3478630725,-447927.93059134175,-447927.94060015987,-447927.92072189,-447927.947498105,-447927.91372164176
2020-11-01,-16732.643988666983,-16732.79785020385,-16732.49028431096,-16732.89306797401,-16732.387665404123,-12344834.173690239,-12344834.312852787,-12344834.038205197,-12344834.412879867,-12344833.958417738,887050.5650714631,887050.5199061794,887050.607682335,887050.4956705003,887050.6378756148,7089732.749680189,7089732.6934132995,7089732.806129884,7089732.654195506,7089732.848413459,-405880.9211187966,-405880.93123005575,-405880.9110853329,-405880.9377428596,-405880.9039655103
2020-12-01,-16801.228237746607,-16801.383552984338,-16801.069128508047,-16801.494647145755,-16800.968561189417,-12404645.049735796,-12404645.181831043,-12404644.908582142,-12404645.287527606,-12404644.816283844,855542.8212882137,855542.773901025,855542.8674733073,855542.7455715457,855542.89744011,7125635.586451862,7125635.522570294,7125635.649916465,7125635.487461789,7125635.695924555,-382283.878853739,-382283.88953242986,-382283.8679268685,-382283.89546637685,-382283.8625676883
2021-01-01,-16866.178256114265,-16866.333523534024,-16866.014427439077,-16866.41833333223,-16865.91578244086,-12462221.004893964,-12462221.138683267,-12462220.876112118,-12462221.214766398,-12462220.791233486,908416.1374439468,908416.094463562,908416.1845900394,908416.0648927651,908416.2105615521,7176347.434725059,7176347.367550816,7176347.500485916,7176347.328305816,7176347.539630288,-555703.2977385104,-555703.3101004747,-555703.2858939976,-555703.3192171275,-555703.2779084744
2021-02-01,-16938.983356321125,-16939.13951970101,-16938.829839951326,-16939.228680999317,-16938.73968499493,-12526198.081823088,-12526198.221394222,-12526197.947720291,-12526198.315996952,-12526197.855089394,866467.4691810627,866467.4228938043,866467.5140690485,866467.3992317928,866467.5391270191,7259510.124213425,7259510.058847053,7259510.190176952,7259510.023660138,7259510.22328313,-269753.91763081955,-269753.93138744007,-269753.90340316313,-269753.939584239,-269753.8963362645
2021-03-01,-17016.243567643724,-17016.388851765398,-17016.090022424763,-17016.494874029195,-17015.975193452316,-12593183.278252948,-12593183.403101485,-12593183.145954186,-12593183.492798572,-12593183.068739636,824629.6152566716,824629.5751746158,824629.6581762191,824629.5374513475,824629.6846289958,7306913.821910244,7306913.7627587,7306913.889419816,7306913.712541861,7306913.929903041,138663.4222245375,138663.4107808056,138663.43453847404,138663.400918824,138663.44219723964
2021-04-01,-17093.070491336865,-17093.240929022373,-17092.91972507046,-17093.354608686648,-17092.816488331915,-12659907.714982491,-12659907.83804379,-12659907.57807762,-12659907.952123625,-12659907.48788053,767817.3695299693,767817.3238804268,767817.4135366391,767817.2984161131,767817.4454839202,7452298.084460236,7452298.016362772,7452298.148376292,7452297.979823651,7452298.189833887,269397.863597522,269397.84900344943,269397.87702282594,269397.8395318528,269397.8859520216
2021-05-01,-17179.48197304671,-17179.64433705873,-17179.31925157187,-17179.73433110296,-17179.230443346885,-12732491.803628206,-12732491.933182599,-12732491.670592168,-12732492.019214714,-12732491.583287124,598024.315412188,598024.2741823747,598024.3603603912,598024.244789368,598024.3896368417,7371717.649482948,7371717.581224491,7371717.714486694,7371717.541561799,7371717.76874947,486575.306171825,486575.2947548323,486575.31929692783,486575.28397014935,486575.3274339972
2021-06-01,-17260.77516909875,-17260.93759004891,-17260.60918956039,-17261.02198542079,-17260.525033528476,-12802434.248712657,-12802434.385051277,-12802434.119137114,-12802434.469346073,-12802434.018062757,560209.3260228055,560209.2833284,560209.3708641675,560209.2541270293,560209.4015720244,7336367.913874423,7336367.84870343,7336367.974768009,7336367.815623909,7336368.014406715,829945.9773849079,829945.9651165179,829945.9896387283,829945.9566841017,829945.9970523783
2021-07-01,-17338.437131180348,-17338.595165281982,-17338.280183323463,-17338.70377184457,-17338.173483974042,-12870706.108041191,-12870706.253740424,-12870705.959627638,-12870706.340847453,-12870705.88726453,562507.2588715769,562507.2138959661,562507.302595295,562507.1886192941,562507.3326293551,7375277.384883162,7375277.317773644,7375277.449950367,7375277.273460491,7375277.4921458615,1190346.098405249,1190346.0867180957,1190346.1106478788,1190346.0790885622,1190346.1179051192
2021-08-01,-17413.208862400763,-17413.376589487507,-17413.05360679988,-17413.4795771528,-17412.94145542012,-12937588.413672986,-12937588.551660707,-12937588.269487944,-12937588.646271614,-12937588.18694303,567142.4426475194,567142.4005419749,567142.4842187375,567142.3736657322,567142.5058483687,7575382.81323153,7575382.749277039,7575382.876292984,7575382.715106332,7575382.910919358,1653202.6088087033,1653202.5930158144,1653202.624072342,1653202.5840206698,1653202.6356271105
2021-09-01,-17499.10013376176,-17499.250803111012,-17498.950952818766,-17499.348528973565,-17498.855884836834,-13009522.870081438,-13009522.998964999,-13009522.726438487,-13009523.09014553,-13009522.659209216,389332.49771411205,389332.4553297818,389332.5427569196,389332.42721165234,389332.5667675131,7560905.207955389,7560905.147658428,7560905.268349359,7560905.099672671,7560905.322690973,2409507.908124758,2409507.8938009464,2409507.9219768746,2409507.882525652,2409507.9315490993
2021-10-01,-17583.207162611598,-17583.35901666158,-17583.054328351416,-17583.461212161903,-17582.95202306018,-13080647.257727426,-13080647.376140205,-13080647.132663911,-13080647.46428326,-13080647.024454452,107560.28819937208,107560.24909925999,107560.32839245613,107560.21959150853,107560.35733641754,7818858.678295681,7818858.615496347,7818858.736077116,7818858.568328625,7818858.780617025,3422778.363536234,3422778.3485883935,3422778.379349412,3422778.339513933,3422778.3883263054
2021-11-01,-17669.196585046306,-17669.358721893786,-17669.04276620571,-17669.45616515988,-17668.920610979774,-13152443.701492313,-13152443.84589924,-13152443.563611623,-13152443.926838377,-13152443.4799241,-477187.8931560757,-477187.9347231713,-477187.8497134115,-477187.9603536346,-477187.8267593672,8240356.52880541,8240356.470611283,8240356.5841634525,8240356.422513556,8240356.623572273,4977277.885345756,4977277.8683501575,4977277.90199973,4977277.8549482245,4977277.91385817
2021-12-01,-17762.247965240946,-17762.416184362522,-17762.08000560208,-17762.517874136367,-17761.978315471682,-13226473.115453636,-13226473.238961648,-13226472.987583112,-13226473.332978662,-13226472.892856685,-1669320.819666985,-1669320.8556444598,-1669320.7808932695,-1669320.8865084224,-1669320.7595291215,8675699.94121988,8675699.881031843,8675700.001264868,8675699.837835174,8675700.043985212,7107876.626164823,7107876.609442497,7107876.643900458,7107876.598541369,7107876.656272567
2022-01-01,-17855.846570304137,-17856.003831203852,-17855.690354851617,-17856.10519790552,-17855.577060506912,-13300658.436865656,-13300658.587119458,-13300658.287530012,-13300658.669489093,-13300658.201833425,-2921522.530687054,-2921522.5693783006,-2921522.493744639,-2921522.5915836366,-2921522.470872348,8658062.754831366,8658062.693445345,8658062.812195411,8658062.654468238,8658062.8471705,8747225.671064695,8747225.655601379,8747225.689488098,8747225.641685607,8747225.700151673
2022-02-01,-17931.53766767531,-17931.685892103334,-17931.395306023478,-17931.794709601723,-17931.295353766247,-13369012.713159503,-13369012.853074696,-13369012.575239055,-13369012.93851799,-13369012.460894873,-4657042.6167501435,-4657042.657631102,-4657042.57442461,-4657042.682836114,-4657042.547399369,9210114.521384586,9210114.456422236,9210114.586380728,9210114.42290833,9210114.622942287,9167486.20127196,9167486.184289375,9167486.219633944,9167486.171338867,9167486.233075174
2022-03-01,-18017.380413329473,-18017.534282865912,-18017.210722832562,-18017.62722523398,-18017.124566181705,-13440003.427123517,-13440003.555226794,-13440003.282783723,-13440003.643343514,-13440003.202078054,-6895131.740093951,-6895131.781592641,-6895131.6988555575,-6895131.80472128,-6895131.675437276,9898898.809454842,9898898.749748938,9898898.871478245,9898898.70675243,9898898.909416828,9987474.108262692,9987474.086518405,9987474.129065968,9987474.074092397,9987474.140432106
2022-04-01,-18121.27135984351,-18121.436703429717,-18121.112349080402,-18121.54390502458,-18121.002351495477,-13514687.518710783,-13514687.657461353,-13514687.388718322,-13514687.735152839,-13514687.304396031,-9421843.59902286,-9421843.636194615,-9421843.558186224,-9421843.66549997,-9421843.533866799,10751581.42579065,10751581.360540068,10751581.487934796,10751581.325769246,10751581.531470282,11303772.986233646,11303772.96430097,11303773.007937452,11303772.951047558,11303773.021643806
2022-05-01,-18238.90687647949,-18239.07663684761,-18238.73979431542,-18239.16994174088,-18238.649936747595,-13593753.69833658,-13593753.839144755,-13593753.558839122,-13593753.92772996,-13593753.461647805,-10677712.822478129,-10677712.859607728,-10677712.783233298,-10677712.88953488,-10677712.754683401,10893901.684178155,10893901.61801361,10893901.746421643,10893901.578437109,10893901.785940623,12772634.853815004,12772634.831671095,12772634.876065725,12772634.815370245,12772634.890143584
2022-06-01,-18387.628508607235,-18387.8035795448,-18387.458191730188,-18387.908902557752,-18387.369873918175,-13680557.350729793,-13680557.488114223,-13680557.21629588,-13680557.588297488,-13680557.1134723,-11245125.355538271,-11245125.395619957,-11245125.31507011,-11245125.418389564,-11245125.291914394,10895425.505226385,10895425.440884786,10895425.567723196,10895425.398949215,10895425.60826521,14126218.635714378,14126218.615016079,14126218.657479052,14126218.601762827,14126218.670999127
2022-07-01,-18615.803562568155,-18615.970407220593,-18615.642711965793,-18616.08193824016,-18615.554109896842,-13791528.665617619,-13791528.802948961,-13791528.53037826,-13791528.894739328,-13791528.454730531,-12107546.553489158,-12107546.596481932,-12107546.513147252,-12107546.62326877,-12107546.481009161,11028277.553422691,11028277.486171901,11028277.617111959,11028277.453156786,11028277.666070946,17620778.846522454,17620778.825257223,17620778.867025167,17620778.80720605,17620778.880249523
2022-08-01,-18881.045561518502,-18881.209555814337,-18880.89035096441,-18881.321694360286,-18880.78255288025,-13912662.149439666,-13912662.287971664,-13912662.01148028,-13912662.376132764,-13912661.926212063,-13146345.85275405,-13146345.895552605,-13146345.808870124,-13146345.925181745,-13146345.776376106,11255339.61014712,11255339.541322216,11255339.677547324,11255339.49603818,11255339.725376423,21449255.19552192,21449255.17160158,21449255.219369,21449255.159533273,21449255.234240767
2022-09-01,-19164.289560559275,-19164.459328309156,-19164.12330863608,-19164.55713467728,-19164.021961916405,-14038828.289192101,-14038828.424524944,-14038828.168814367,-14038828.508854816,-14038828.04341544,-14057423.51945161,-14057423.565015096,-14057423.47640145,-14057423.591553826,-14057423.446995875,11453036.905661482,11453036.839463698,11453036.974334944,11453036.794075964,11453037.00874993,25114131.828741677,25114131.805177115,25114131.85319623,25114131.789847597,25114131.86727485
2022-10-01,-19478.773724302748,-19478.944829838747,-19478.61874519265,-19479.04000326362,-19478.49013121217,-14175163.393002827,-14175163.522889106,-14175163.251930626,-14175163.612227974,-14175163.166851005,-14814129.268439688,-14814129.311578615,-14814129.225731488,-14814129.346363042,-14814129.196202269,11279229.111452864,11279229.046483416,11279229.175969167,11279229.01077761,11279229.220327457,29349578.04530378,29349578.022417393,29349578.0686677,29349578.00661306,29349578.083930876
2022-11-01,-19786.779174248568,-19786.927903665914,-19786.628037302708,-19787.03469561795,-19786.542625019592,-14309164.205504183,-14309164.356766222,-14309164.058426103,-14309164.44788433,-14309163.974444805,-15249597.508717142,-15249597.549697965,-15249597.46597878,-15249597.58320664,-15249597.436712934,11142193.71003134,11142193.645084988,11142193.774336059,11142193.60389102,11142193.816293968,32299562.21858652,32299562.19424406,32299562.242398277,32299562.17629658,32299562.26069871
2022-12-01,-20075.037073204094,-20075.180710870216,-20074.891396644096,-20075.28301051471,-20074.790382132116,-14436148.395611178,-14436148.537149983,-14436148.242697401,-14436148.637209112,-14436148.165452996,-15681310.521497903,-15681310.567120528,-15681310.477798073,-15681310.596109137,-15681310.449975334,10800581.073727578,10800581.007473893,10800581.139187256,10800580.962058201,10800581.179756176,34753336.66947887,34753336.644940935,34753336.69574013,34753336.63031373,34753336.710800685
2023-01-01,-20315.292435039915,-20315.46401594356,-20315.137193036684,-20315.557041609372,-20315.032689439384,-14544685.292960055,-14544685.431336882,-14544685.152958112,-14544685.525550473,-14544685.06877528,-15659373.539863529,-15659373.587396793,-15659373.494101599,-15659373.618172895,-15659373.464279564,10299783.545596112,10299783.484896744,10299783.607929349,10299783.437969971,10299783.65333041,36178010.700216115,36178010.67671525,36178010.72404547,36178010.6624692,36178010.739101596
2023-02-01,-20535.791251352915,-20535.95191678432,-20535.627879155214,-20536.064976433765,-20535.505536008426,-14643820.485082451,-14643820.629692843,-14643820.334578058,-14643820.72785403,-14643820.239936786,-15485239.618037568,-15485239.66422486,-15485239.571167665,-15485239.691375311,-15485239.541844977,9642192.882095534,9642192.816811314,9642192.94823535,9642192.77799288,9642192.98704208,37939328.2146622,37939328.19055991,37939328.23783484,37939328.17418706,37939328.25181239
2023-03-01,-20733.592291556026,-20733.75714561683,-20733.43344975529,-20733.867224942853,-20733.320397473817,-14733025.50923905,-14733025.648382246,-14733025.368772142,-14733025.741247846,-14733025.281812578,-15065230.133935796,-15065230.174675327,-15065230.092138283,-15065230.197374621,-15065230.062793577,9068222.635937873,9068222.561987972,9068222.708451005,9068222.520318087,9068222.750347948,39651828.41278157,39651828.39260271,39651828.43324872,39651828.37769694,39651828.446542814
2023-04-01,-20946.265897403533,-20946.43022412005,-20946.108890602143,-20946.53520069137,-20946.001418563108,-14828285.145604761,-14828285.286343878,-14828285.006398117,-14828285.36693701,-14828284.919838818,-14920795.693624204,-14920795.744916815,-14920795.644637266,-14920795.767398644,-14920795.613554517,8938575.688194852,8938575.6196822,8938575.75480388,8938575.571559587,8938575.799241286,40848786.91571972,40848786.89540889,40848786.934867404,40848786.884774946,40848786.94975579
2023-05-01,-21115.533136085407,-21115.70724813546,-21115.383225272108,-21115.81750244965,-21115.270106069598,-14898882.553701365,-14898882.704245098,-14898882.406516116,-14898882.7838476,-14898882.331016134,-14739150.594562918,-14739150.639645614,-14739150.54910767,-14739150.673069445,-14739150.517167456,8814610.567172658,8814610.50101258,8814610.63918922,8814610.450493036,8814610.68234449,42743858.271397255,42743858.25138743,42743858.2904918,42743858.23920987,42743858.30366066
2023-06-01,-21256.793575530326,-21256.958663374706,-21256.622051508723,-21257.04803565051,-21256.510473733586,-14956768.317948138,-14956768.45791905,-14956768.164404817,-14956768.568796825,-14956768.071355684,-14535546.515327005,-14535546.56616736,-14535546.464366637,-14535546.596597392,-14535546.438151063,8983523.733496845,8983523.664991092,8983523.803416796,8983523.61683355,8983523.852813404,45212750.13844104,45212750.11937741,45212750.15576368,45212750.11006026,45212750.165821634
2023-07-01,-21399.97670045251,-21400.15234906022,-21399.816562314747,-21400.260722848718,-21399.6811469149,-15015568.57174376,-15015568.71886168,-15015568.436322188,-15015568.80347338,-15015568.334009575,-14418280.40103477,-14418280.447305795,-14418280.356698262,-14418280.478421729,-14418280.319727756,9813479.124537835,9813479.057421666,9813479.194765847,9813479.012907317,9813479.236713788,47586235.26579234,47586235.24888517,47586235.28336489,47586235.23962956,47586235.29358216
2023-08-01,-21539.824986494015,-21539.983680229747,-21539.667807939928,-21540.080538021382,-21539.57232084725,-15072788.34139187,-15072788.479515638,-15072788.19039309,-15072788.575027136,-15072788.109313222,-14057180.93583083,-14057180.990825549,-14057180.881446766,-14057181.017475799,-14057180.848919744,11021948.036787553,11021947.963403782,11021948.10144013,11021947.92265377,11021948.148245465,47292899.6184474,47292899.60111733,47292899.63493786,47292899.59040264,47292899.64648023
2023-09-01,-21661.648763716912,-21661.804882140757,-21661.486649774335,-21661.930026252696,-21661.376392870956,-15120254.927220657,-15120255.061153756,-15120254.79281635,-15120255.13312284,-15120254.70407576,-13328712.484516876,-13328712.537654214,-13328712.431665355,-13328712.565992383,-13328712.400818955,12079929.636493457,12079929.566590164,12079929.707710302,12079929.520826608,12079929.76267762,43972337.56573899,43972337.54780736,43972337.583025,43972337.535396546,43972337.59316696
2023-10-01,-21784.181580661047,-21784.346160750632,-21784.02723636747,-21784.440823166828,-21783.93304858085,-15168072.690083573,-15168072.829692073,-15168072.547830861,-15168072.939241562,-15168072.452043254,-12744301.533756629,-12744301.581027659,-12744301.480859393,-12744301.62036355,-12744301.450776855,13058840.52006699,13058840.44660424,13058840.589489888,13058840.397670602,13058840.646356195,39784746.439948946,39784746.42070005,39784746.46007275,39784746.40798851,39784746.470341705
2023-11-01,-21869.213292145105,-21869.37094985741,-21869.06032941167,-21869.47606937753,-21868.95184275515,-15197796.381963028,-15197796.519563546,-15197796.22793836,-15197796.622950483,-15197796.155594934,-12556262.46770541,-12556262.51637987,-12556262.4186719,-12556262.554676274,-12556262.39216926,14016278.126082256,14016278.055610541,14016278.201126257,14016277.996884704,14016278.242060073,35075206.696271725,35075206.67777016,35075206.71501511,35075206.66716727,35075206.73052556
2023-12-01,-21889.897137552256,-21890.067429976512,-21889.727556018017,-21890.16252194853,-21889.63034927849,-15194240.777203908,-15194240.919423405,-15194240.633005422,-15194241.021038502,-15194240.555648865,-12627700.202502731,-12627700.249991352,-12627700.156632215,-12627700.281952636,-12627700.115525382,14937086.928602617,14937086.852413228,14937087.002642903,14937086.809961412,14937087.055890102,31025125.331971306,31025125.313355424,31025125.350073818,31025125.303465392,31025125.3632354
2024-01-01,-21890.21907399144,-21890.392272469264,-21890.04729360722,-21890.491298453184,-21889.92894973659,-15179738.282238219,-15179738.41389026,-15179738.140301403,-15179738.519123668,-15179738.071054421,-12506257.440920684,-12506257.488990517,-12506257.392131193,-12506257.521914177,-12506257.359861337,15842350.76737292,15842350.696948934,15842350.842511928,15842350.650459392,15842350.893316917,29635097.62982373,29635097.61331483,29635097.647066157,29635097.602099217,29635097.65481235
2024-02-01,-21825.751010641558,-21825.916547159526,-21825.58572868002,-21826.001384101564,-21825.492948205887,-15128324.99954869,-15128325.136561679,-15128324.8583655,-15128325.225721026,-15128324.761242451,-12388304.544314897,-12388304.594214857,-12388304.493319627,-12388304.62771968,-12388304.464724455,17261342.49814596,17261342.427922096,17261342.573295686,17261342.365682982,17261342.623863783,26452377.940339305,26452377.92415794,26452377.957134485,26452377.912000537,26452377.966269575
2024-03-01,-21699.66570900318,-21699.824558559536,-21699.509140699847,-21699.909717379964,-21699.36885936111,-15046863.336168382,-15046863.477255285,-15046863.195738992,-15046863.563938092,-15046863.089957189,-12202599.346043987,-12202599.405810863,-12202599.29118481,-12202599.440870507,-12202599.25447688,19208694.96425228,19208694.88677349,19208695.042076908,19208694.836646914,19208695.098291017,20069346.325888213,20069346.311774287,20069346.342093263,20069346.299878772,20069346.35398706
2024-04-01,-21541.992216079147,-21542.158150517596,-21541.82447394425,-21542.263794065202,-21541.745362580605,-14950358.837322418,-14950358.995272892,-14950358.682363492,-14950359.088329578,-14950358.595221981,-11640922.600262197,-11640922.651754849,-11640922.552831199,-11640922.688880064,-11640922.50365517,21356085.682630014,21356085.61211271,21356085.759890772,21356085.568968594,21356085.804865804,11808393.72018212,11808393.703379521,11808393.736167992,11808393.694749946,11808393.747646606
2024-05-01,-21323.58673728016,-21323.758396417357,-21323.42121433342,-21323.864428029494,-21323.322309473777,-14819107.43969009,-14819107.57697781,-14819107.280907705,-14819107.678297326,-14819107.216592189,-11222629.913958242,-11222629.964657627,-11222629.861576537,-11222630.006350642,-11222629.825131362,23127672.51382038,23127672.436104376,23127672.58454032,23127672.39535137,23127672.640917227,8204341.778902344,8204341.765347649,8204341.792422697,8204341.755017385,8204341.801899779
2024-06-01,-20973.848612072234,-20974.013563281304,-20973.680515415443,-20974.125508040535,-20973.550556953767,-14616414.308352374,-14616414.456378872,-14616414.15439247,-14616414.555550778,-14616414.049767876,-10661227.318655565,-10661227.375822013,-10661227.260870289,-10661227.410209792,-10661227.2291748,25000636.40243296,25000636.32857848,25000636.476288527,25000636.279701184,25000636.539276205,65723.51691287271,65723.50280083761,65723.5300977946,65723.4925830598,65723.54189245003
2024-07-01,-20589.36715988642,-20589.541082884192,-20589.19907943248,-20589.6400991968,-20589.09385892891,-14394812.930921204,-14394813.066815449,-14394812.787361976,-14394813.166898146,-14394812.681075105,-9829943.863736818,-9829943.921119424,-9829943.807855623,-9829943.956224738,-9829943.772974767,26830866.456448343,26830866.37681828,26830866.535056178,26830866.32915174,26830866.57483739,-10928517.81048233,-10928517.825847138,-10928517.796425212,-10928517.835140469,-10928517.784808919
2024-08-01,-20156.570675108695,-20156.738449608238,-20156.395262253576,-20156.845064481287,-20156.305348062568,-14148109.958304625,-14148110.095478084,-14148109.819920413,-14148110.1880111,-14148109.726494558,-8916989.106163464,-8916989.161512803,-8916989.05460062,-8916989.198194118,-8916989.011738444,28712117.07184779,28712116.99140685,28712117.15039206,28712116.94366005,28712117.204667863,-26733094.520887114,-26733094.53559793,-26733094.506483246,-26733094.546095703,-26733094.492920194
2024-09-01,-19667.092761526532,-19667.27012862482,-19666.916865977433,-19667.36157613004,-19666.80799161335,-13869275.979009116,-13869276.130450265,-13869275.834341507,-13869276.21030904,-13869275.731691698,-8586398.826047556,-8586398.880313288,-8586398.772544485,-8586398.920139233,-8586398.729950992,30587759.626870636,30587759.551643033,30587759.701246776,30587759.502611805,30587759.74745523,-43416440.127203986,-43416440.142890595,-43416440.11050318,-43416440.15392271,-43416440.09917478
2024-10-01,-19127.403677969553,-19127.585643133265,-19127.232600788688,-19127.675514664443,-19127.117905816533,-13561450.92979652,-13561451.090633355,-13561450.769884693,-13561451.182750342,-13561450.671833267,-8199825.9103049645,-8199825.971660572,-8199825.850991462,-8199826.014899478,-8199825.819441986,32314726.38711144,32314726.30742988,32314726.467479896,32314726.247523043,32314726.51902586,-57067217.894912854,-57067217.909594014,-57067217.87855799,-57067217.91862863,-57067217.868521854
2024-11-01,-18495.038582576835,-18495.203617657957,-18494.8729244771,-18495.305999241504,-18494.78613668033,-13202134.065893058,-13202134.225398766,-13202133.922269905,-13202134.304863546,-13202133.829905126,-8082093.036245081,-8082093.092515399,-8082092.977515916,-8082093.137393206,-8082092.94121121,34047607.02526655,34047606.93952411,34047607.10793077,34047606.888698705,34047607.15636587,-72652233.18860714,-72652233.20313698,-72652233.17414662,-72652233.21194236,-72652233.16509926
2024-12-01,-17856.80504275208,-17856.98470752191,-17856.62062115484,-17857.098145340824,-17856.511683159584,-12839370.441805424,-12839370.594727691,-12839370.279254792,-12839370.678707654,-12839370.195560792,-7894330.191087596,-7894330.254334767,-7894330.130891406,-7894330.296951856,-7894330.091676785,35810122.45948983,35810122.374478295,35810122.54520554,35810122.3161458,35810122.60610434,-86302922.58181131,-86302922.59575641,-86302922.5671761,-86302922.6031095,-86302922.56028432
2025-01-01,-17247.517310516476,-17247.68244323837,-17247.35834425256,-17247.785947350993,-17247.26553056193,-12491950.32420288,-12491950.473500775,-12491950.181857308,-12491950.552841812,-12491950.09025937,-7730701.582556021,-7730701.636520914,-7730701.521164346,-7730701.672762472,-7730701.481320161,37642963.33345839,37642963.25423563,37642963.41300661,37642963.20223762,37642963.46135025,-105835035.1742544,-105835035.19131584,-105835035.15774539,-105835035.2020531,-105835035.14667927
2025-02-01,-16786.260031995072,-16786.436697816538,-16786.092720221448,-16786.547398673036,-16785.97455126303,-12235398.326994825,-12235398.466207827,-12235398.185179047,-12235398.579111166,-12235398.082820171,-8626683.88244287,-8626683.938303182,-8626683.82541879,-8626683.978329347,-8626683.791271936,39574437.40977225,39574437.32971676,39574437.48209445,39574437.27734741,39574437.54278284,-124121512.85654621,-124121512.87309335,-124121512.83795255,-124121512.88489732,-124121512.82806005
2025-03-01,-16474.965612178523,-16475.148124158593,-16474.782719095914,-16475.24987374632,-16474.66127682705,-12064775.011995917,-12064775.162945824,-12064774.857732477,-12064775.26795526,-12064774.761279067,-9140708.094749074,-9140708.156946275,-9140708.03328668,-9140708.193117414,-9140708.00136964,41336524.63162991,41336524.55481675,41336524.7113874,41336524.49355625,41336524.76778721,-142309852.44214445,-142309852.45740676,-142309852.42554978,-142309852.46911934,-142309852.41550812
