date,regime,regime_label,awcmr,real_policy_rate,gross_reserves_usd_m,ncpi_yoy_pct
2020-01-01,1,CRISIS,7.5,3.3,7510.0,4.7
2020-01-02,0,STRESS,7.49,3.3,7510.0,4.7
2020-01-03,1,CRISIS,7.5,3.3,7510.0,4.7
2020-01-04,0,STRESS,7.0,3.3,7510.0,4.7
2020-01-05,1,CRISIS,7.0,3.3,7510.0,4.7
2020-01-06,0,STRESS,7.48,3.3,7510.0,4.7
2020-01-07,1,CRISIS,7.49,3.3,7510.0,4.7
2020-01-08,0,STRESS,7.45,3.3,7510.0,4.7
2020-01-09,1,CRISIS,7.4,3.3,7510.0,4.7
2020-01-10,0,STRESS,7.0,3.3,7510.0,4.7
2020-01-11,1,CRISIS,7.0,3.3,7510.0,4.7
2020-01-12,0,STRESS,7.0,3.3,7510.0,4.7
2020-01-13,1,CRISIS,7.41,3.3,7510.0,4.7
2020-01-14,0,STRESS,7.42,3.3,7510.0,4.7
2020-01-15,1,CRISIS,7.0,3.3,7510.0,4.7
2020-01-16,0,STRESS,7.44,3.3,7510.0,4.7
2020-01-17,1,CRISIS,7.48,3.3,7510.0,4.7
2020-01-18,0,STRESS,7.0,3.3,7510.0,4.7
2020-01-19,1,CRISIS,7.0,3.3,7510.0,4.7
2020-01-20,0,STRESS,7.5,3.3,7510.0,4.7
2020-01-21,1,CRISIS,7.49,3.3,7510.0,4.7
2020-01-22,0,STRESS,7.49,3.3,7510.0,4.7
2020-01-23,1,CRISIS,7.48,3.3,7510.0,4.7
2020-01-24,0,STRESS,7.47,3.3,7510.0,4.7
2020-01-25,1,CRISIS,7.0,3.3,7510.0,4.7
2020-01-26,0,STRESS,7.0,3.3,7510.0,4.7
2020-01-27,1,CRISIS,7.46,3.3,7510.0,4.7
2020-01-28,0,STRESS,7.47,3.3,7510.0,4.7
2020-01-29,1,CRISIS,7.47,3.3,7510.0,4.7
2020-01-30,0,STRESS,6.99,2.8,7510.0,4.7
2020-01-31,1,CRISIS,6.98,2.8,7510.0,4.7
2020-02-01,0,STRESS,6.95,2.0,7288.0,5.5
2020-02-02,1,CRISIS,6.95,2.0,7288.0,5.5
2020-02-03,0,STRESS,6.96,2.0,7288.0,5.5
2020-02-04,1,CRISIS,6.95,2.0,7288.0,5.5
2020-02-05,0,STRESS,6.97,2.0,7288.0,5.5
2020-02-06,1,CRISIS,6.97,2.0,7288.0,5.5
2020-02-07,0,STRESS,7.0,2.0,7288.0,5.5
2020-02-08,1,CRISIS,6.95,2.0,7288.0,5.5
2020-02-09,0,STRESS,6.95,2.0,7288.0,5.5
2020-02-10,1,CRISIS,6.99,2.0,7288.0,5.5
2020-02-11,0,STRESS,6.97,2.0,7288.0,5.5
2020-02-12,1,CRISIS,6.95,2.0,7288.0,5.5
2020-02-13,0,STRESS,6.96,2.0,7288.0,5.5
2020-02-14,1,CRISIS,6.96,2.0,7288.0,5.5
2020-02-15,0,STRESS,6.95,2.0,7288.0,5.5
2020-02-16,1,CRISIS,6.95,2.0,7288.0,5.5
2020-02-17,0,STRESS,6.99,2.0,7288.0,5.5
2020-02-18,1,CRISIS,6.97,2.0,7288.0,5.5
2020-02-19,0,STRESS,6.99,2.0,7288.0,5.5
2020-02-20,1,CRISIS,6.99,2.0,7288.0,5.5
2020-02-21,0,STRESS,6.95,2.0,7288.0,5.5
2020-02-22,1,CRISIS,6.95,2.0,7288.0,5.5
2020-02-23,0,STRESS,6.95,2.0,7288.0,5.5
2020-02-24,1,CRISIS,7.0,2.0,7288.0,5.5
2020-02-25,0,STRESS,6.99,2.0,7288.0,5.5
2020-02-26,1,CRISIS,6.98,2.0,7288.0,5.5
2020-02-27,0,STRESS,6.95,2.0,7288.0,5.5
2020-02-28,1,CRISIS,6.95,2.0,7288.0,5.5
2020-02-29,0,STRESS,6.95,2.0,7288.0,5.5
2020-03-01,1,CRISIS,6.75,1.5999999999999996,7232.0,5.9
2020-03-02,0,STRESS,6.94,1.5999999999999996,7232.0,5.9
2020-03-03,1,CRISIS,6.95,1.5999999999999996,7232.0,5.9
2020-03-04,0,STRESS,6.95,1.5999999999999996,7232.0,5.9
2020-03-05,1,CRISIS,6.97,1.5999999999999996,7232.0,5.9
2020-03-06,0,STRESS,6.99,1.5999999999999996,7232.0,5.9
2020-03-07,1,CRISIS,6.75,1.5999999999999996,7232.0,5.9
2020-03-08,0,STRESS,6.75,1.5999999999999996,7232.0,5.9
2020-03-09,1,CRISIS,6.75,1.5999999999999996,7232.0,5.9
2020-03-10,0,STRESS,7.0,1.5999999999999996,7232.0,5.9
2020-03-11,1,CRISIS,7.0,1.5999999999999996,7232.0,5.9
2020-03-12,0,STRESS,6.99,1.5999999999999996,7232.0,5.9
2020-03-13,1,CRISIS,6.99,1.5999999999999996,7232.0,5.9
2020-03-14,0,STRESS,6.75,1.5999999999999996,7232.0,5.9
2020-03-15,1,CRISIS,6.75,1.5999999999999996,7232.0,5.9
2020-03-16,0,STRESS,6.75,1.3499999999999996,7232.0,5.9
2020-03-17,1,CRISIS,6.74,1.3499999999999996,7232.0,5.9
2020-03-18,0,STRESS,6.7,1.3499999999999996,7232.0,5.9
2020-03-19,1,CRISIS,6.71,1.3499999999999996,7232.0,5.9
2020-03-20,0,STRESS,6.73,1.3499999999999996,7232.0,5.9
2020-03-21,1,CRISIS,6.75,1.3499999999999996,7232.0,5.9
2020-03-22,0,STRESS,6.75,1.3499999999999996,7232.0,5.9
2020-03-23,1,CRISIS,6.75,1.3499999999999996,7232.0,5.9
2020-03-24,0,STRESS,6.75,1.3499999999999996,7232.0,5.9
2020-03-25,1,CRISIS,6.75,1.3499999999999996,7232.0,5.9
2020-03-26,0,STRESS,6.75,1.3499999999999996,7232.0,5.9
2020-03-27,1,CRISIS,6.76,1.3499999999999996,7232.0,5.9
2020-03-28,0,STRESS,6.75,1.3499999999999996,7232.0,5.9
2020-03-29,1,CRISIS,6.75,1.3499999999999996,7232.0,5.9
2020-03-30,0,STRESS,6.75,1.3499999999999996,7232.0,5.9
2020-03-31,1,CRISIS,6.75,1.3499999999999996,7232.0,5.9
2020-04-01,0,STRESS,6.78,2.05,7085.0,5.2
2020-04-02,1,CRISIS,6.76,2.05,7085.0,5.2
2020-04-03,0,STRESS,6.75,1.7999999999999998,7085.0,5.2
2020-04-04,1,CRISIS,6.425000000000001,1.7999999999999998,7085.0,5.2
2020-04-05,0,STRESS,6.425000000000001,1.7999999999999998,7085.0,5.2
2020-04-06,1,CRISIS,6.5,1.7999999999999998,7085.0,5.2
2020-04-07,0,STRESS,6.425000000000001,1.7999999999999998,7085.0,5.2
2020-04-08,1,CRISIS,6.5,1.7999999999999998,7085.0,5.2
2020-04-09,0,STRESS,6.5,1.2999999999999998,7085.0,5.2
2020-04-10,1,CRISIS,6.425000000000001,1.2999999999999998,7085.0,5.2
2020-04-11,0,STRESS,6.425000000000001,1.2999999999999998,7085.0,5.2
2020-04-12,1,CRISIS,6.425000000000001,1.2999999999999998,7085.0,5.2
2020-04-13,0,STRESS,6.425000000000001,1.2999999999999998,7085.0,5.2
2020-04-14,1,CRISIS,6.425000000000001,1.2999999999999998,7085.0,5.2
2020-04-15,0,STRESS,6.51,1.2999999999999998,7085.0,5.2
2020-04-16,1,CRISIS,6.5,1.2999999999999998,7085.0,5.2
2020-04-17,0,STRESS,6.48,1.2999999999999998,7085.0,5.2
2020-04-18,1,CRISIS,6.425000000000001,1.2999999999999998,7085.0,5.2
2020-04-19,0,STRESS,6.425000000000001,1.2999999999999998,7085.0,5.2
2020-04-20,1,CRISIS,6.46,1.2999999999999998,7085.0,5.2
2020-04-21,0,STRESS,6.45,1.2999999999999998,7085.0,5.2
2020-04-22,1,CRISIS,6.43,1.2999999999999998,7085.0,5.2
2020-04-23,0,STRESS,6.41,1.2999999999999998,7085.0,5.2
2020-04-24,1,CRISIS,6.42,1.2999999999999998,7085.0,5.2
2020-04-25,0,STRESS,6.425000000000001,1.2999999999999998,7085.0,5.2
2020-04-26,1,CRISIS,6.425000000000001,1.2999999999999998,7085.0,5.2
2020-04-27,0,STRESS,6.42,1.2999999999999998,7085.0,5.2
2020-04-28,1,CRISIS,6.41,1.2999999999999998,7085.0,5.2
2020-04-29,0,STRESS,6.41,1.2999999999999998,7085.0,5.2
2020-04-30,1,CRISIS,6.4,1.2999999999999998,7085.0,5.2
2020-05-01,0,STRESS,5.824999999999999,2.5,6905.0,4.0
2020-05-02,1,CRISIS,5.824999999999999,2.5,6905.0,4.0
2020-05-03,0,STRESS,5.824999999999999,2.5,6905.0,4.0
2020-05-04,1,CRISIS,6.41,2.5,6905.0,4.0
2020-05-05,0,STRESS,6.41,2.5,6905.0,4.0
2020-05-06,1,CRISIS,6.41,2.5,6905.0,4.0
2020-05-07,0,STRESS,5.824999999999999,2.5,6905.0,4.0
2020-05-08,1,CRISIS,5.824999999999999,2.5,6905.0,4.0
2020-05-09,0,STRESS,5.824999999999999,2.5,6905.0,4.0
2020-05-10,1,CRISIS,5.824999999999999,2.5,6905.0,4.0
2020-05-11,0,STRESS,5.95,2.5,6905.0,4.0
2020-05-12,1,CRISIS,5.94,2.5,6905.0,4.0
2020-05-13,0,STRESS,5.92,2.5,6905.0,4.0
2020-05-14,1,CRISIS,5.91,2.5,6905.0,4.0
2020-05-15,0,STRESS,5.91,2.5,6905.0,4.0
2020-05-16,1,CRISIS,5.824999999999999,2.5,6905.0,4.0
2020-05-17,0,STRESS,5.824999999999999,2.5,6905.0,4.0
2020-05-18,1,CRISIS,5.91,2.5,6905.0,4.0
2020-05-19,0,STRESS,5.9,2.5,6905.0,4.0
2020-05-20,1,CRISIS,5.9,2.5,6905.0,4.0
2020-05-21,0,STRESS,5.91,2.5,6905.0,4.0
2020-05-22,1,CRISIS,5.89,2.5,6905.0,4.0
2020-05-23,0,STRESS,5.824999999999999,2.5,6905.0,4.0
2020-05-24,1,CRISIS,5.824999999999999,2.5,6905.0,4.0
2020-05-25,0,STRESS,5.824999999999999,2.5,6905.0,4.0
2020-05-26,1,CRISIS,5.89,2.5,6905.0,4.0
2020-05-27,0,STRESS,5.87,2.5,6905.0,4.0
2020-05-28,1,CRISIS,5.88,2.5,6905.0,4.0
2020-05-29,0,STRESS,5.84,2.5,6905.0,4.0
2020-05-30,1,CRISIS,5.824999999999999,2.5,6905.0,4.0
2020-05-31,0,STRESS,5.824999999999999,2.5,6905.0,4.0
2020-06-01,1,CRISIS,5.86,2.1,6667.0,4.4
2020-06-02,0,STRESS,5.84,2.1,6667.0,4.4
2020-06-03,1,CRISIS,5.84,2.1,6667.0,4.4
2020-06-04,0,STRESS,5.85,2.1,6667.0,4.4
2020-06-05,1,CRISIS,5.55,2.1,6667.0,4.4
2020-06-06,0,STRESS,5.55,2.1,6667.0,4.4
2020-06-07,1,CRISIS,5.55,2.1,6667.0,4.4
2020-06-08,0,STRESS,5.82,2.1,6667.0,4.4
2020-06-09,1,CRISIS,5.81,2.1,6667.0,4.4
2020-06-10,0,STRESS,5.8,2.1,6667.0,4.4
2020-06-11,1,CRISIS,5.75,2.1,6667.0,4.4
2020-06-12,0,STRESS,5.79,2.1,6667.0,4.4
2020-06-13,1,CRISIS,5.55,2.1,6667.0,4.4
2020-06-14,0,STRESS,5.55,2.1,6667.0,4.4
2020-06-15,1,CRISIS,5.78,2.1,6667.0,4.4
2020-06-16,0,STRESS,5.78,2.1,6667.0,4.4
2020-06-17,1,CRISIS,5.75,2.1,6667.0,4.4
2020-06-18,0,STRESS,5.7,2.1,6667.0,4.4
2020-06-19,1,CRISIS,5.65,2.1,6667.0,4.4
2020-06-20,0,STRESS,5.55,2.1,6667.0,4.4
2020-06-21,1,CRISIS,5.55,2.1,6667.0,4.4
2020-06-22,0,STRESS,5.65,2.1,6667.0,4.4
2020-06-23,1,CRISIS,5.6,2.1,6667.0,4.4
2020-06-24,0,STRESS,5.51,2.1,6667.0,4.4
2020-06-25,1,CRISIS,5.52,2.1,6667.0,4.4
2020-06-26,0,STRESS,5.52,2.1,6667.0,4.4
2020-06-27,1,CRISIS,5.55,2.1,6667.0,4.4
2020-06-28,0,STRESS,5.55,2.1,6667.0,4.4
2020-06-29,1,CRISIS,5.51,2.1,6667.0,4.4
2020-06-30,0,STRESS,5.52,2.1,6667.0,4.4
2020-07-01,1,CRISIS,5.52,1.5,6670.0,5.0
2020-07-02,0,STRESS,5.52,1.5,6670.0,5.0
2020-07-03,1,CRISIS,5.52,1.5,6670.0,5.0
2020-07-04,0,STRESS,4.54,1.5,6670.0,5.0
2020-07-05,1,CRISIS,4.54,1.5,6670.0,5.0
2020-07-06,0,STRESS,5.51,1.5,6670.0,5.0
2020-07-07,1,CRISIS,5.51,1.5,6670.0,5.0
2020-07-08,0,STRESS,5.51,0.5,6670.0,5.0
2020-07-09,1,CRISIS,4.52,0.5,6670.0,5.0
2020-07-10,0,STRESS,4.53,0.5,6670.0,5.0
2020-07-11,1,CRISIS,4.54,0.5,6670.0,5.0
2020-07-12,0,STRESS,4.54,0.5,6670.0,5.0
2020-07-13,1,CRISIS,4.53,0.5,6670.0,5.0
2020-07-14,0,STRESS,4.54,0.5,6670.0,5.0
2020-07-15,1,CRISIS,4.53,0.5,6670.0,5.0
2020-07-16,0,STRESS,4.53,0.5,6670.0,5.0
2020-07-17,1,CRISIS,4.52,0.5,6670.0,5.0
2020-07-18,0,STRESS,4.54,0.5,6670.0,5.0
2020-07-19,1,CRISIS,4.54,0.5,6670.0,5.0
2020-07-20,0,STRESS,4.52,0.5,6670.0,5.0
2020-07-21,1,CRISIS,4.52,0.5,6670.0,5.0
2020-07-22,0,STRESS,4.53,0.5,6670.0,5.0
2020-07-23,1,CRISIS,4.54,0.5,6670.0,5.0
2020-07-24,0,STRESS,4.53,0.5,6670.0,5.0
2020-07-25,1,CRISIS,4.54,0.5,6670.0,5.0
2020-07-26,0,STRESS,4.54,0.5,6670.0,5.0
2020-07-27,1,CRISIS,4.52,0.5,6670.0,5.0
2020-07-28,0,STRESS,4.52,0.5,6670.0,5.0
2020-07-29,1,CRISIS,4.53,0.5,6670.0,5.0
2020-07-30,0,STRESS,4.53,0.5,6670.0,5.0
2020-07-31,1,CRISIS,4.53,0.5,6670.0,5.0
2020-08-01,0,STRESS,4.53,-0.7999999999999998,6840.0,6.3
2020-08-02,1,CRISIS,4.53,-0.7999999999999998,6840.0,6.3
2020-08-03,0,STRESS,4.53,-0.7999999999999998,6840.0,6.3
2020-08-04,1,CRISIS,4.53,-0.7999999999999998,6840.0,6.3
2020-08-05,0,STRESS,4.53,-0.7999999999999998,6840.0,6.3
2020-08-06,1,CRISIS,4.54,-0.7999999999999998,6840.0,6.3
2020-08-07,0,STRESS,4.53,-0.7999999999999998,6840.0,6.3
2020-08-08,1,CRISIS,4.53,-0.7999999999999998,6840.0,6.3
2020-08-09,0,STRESS,4.53,-0.7999999999999998,6840.0,6.3
2020-08-10,1,CRISIS,4.53,-0.7999999999999998,6840.0,6.3
2020-08-11,0,STRESS,4.53,-0.7999999999999998,6840.0,6.3
2020-08-12,1,CRISIS,4.53,-0.7999999999999998,6840.0,6.3
2020-08-13,0,STRESS,4.53,-0.7999999999999998,6840.0,6.3
2020-08-14,1,CRISIS,4.53,-0.7999999999999998,6840.0,6.3
2020-08-15,0,STRESS,4.53,-0.7999999999999998,6840.0,6.3
2020-08-16,1,CRISIS,4.53,-0.7999999999999998,6840.0,6.3
2020-08-17,0,STRESS,4.52,-0.7999999999999998,6840.0,6.3
2020-08-18,1,CRISIS,4.52,-0.7999999999999998,6840.0,6.3
2020-08-19,0,STRESS,4.53,-0.7999999999999998,6840.0,6.3
2020-08-20,1,CRISIS,4.53,-0.7999999999999998,6840.0,6.3
2020-08-21,0,STRESS,4.52,-0.7999999999999998,6840.0,6.3
2020-08-22,1,CRISIS,4.53,-0.7999999999999998,6840.0,6.3
2020-08-23,0,STRESS,4.53,-0.7999999999999998,6840.0,6.3
2020-08-24,1,CRISIS,4.53,-0.7999999999999998,6840.0,6.3
2020-08-25,0,STRESS,4.53,-0.7999999999999998,6840.0,6.3
2020-08-26,1,CRISIS,4.53,-0.7999999999999998,6840.0,6.3
2020-08-27,0,STRESS,4.53,-0.7999999999999998,6840.0,6.3
2020-08-28,1,CRISIS,4.53,-0.7999999999999998,6840.0,6.3
2020-08-29,0,STRESS,4.53,-0.7999999999999998,6840.0,6.3
2020-08-30,1,CRISIS,4.53,-0.7999999999999998,6840.0,6.3
2020-08-31,0,STRESS,4.53,-0.7999999999999998,6840.0,6.3
2020-09-01,1,CRISIS,4.535,0.7000000000000002,6823.0,4.8
2020-09-02,0,STRESS,4.53,0.7000000000000002,6823.0,4.8
2020-09-03,1,CRISIS,4.53,0.7000000000000002,6823.0,4.8
2020-09-04,0,STRESS,4.52,0.7000000000000002,6823.0,4.8
2020-09-05,1,CRISIS,4.535,0.7000000000000002,6823.0,4.8
2020-09-06,0,STRESS,4.535,0.7000000000000002,6823.0,4.8
2020-09-07,1,CRISIS,4.52,0.7000000000000002,6823.0,4.8
2020-09-08,0,STRESS,4.53,0.7000000000000002,6823.0,4.8
2020-09-09,1,CRISIS,4.52,0.7000000000000002,6823.0,4.8
2020-09-10,0,STRESS,4.52,0.7000000000000002,6823.0,4.8
2020-09-11,1,CRISIS,4.52,0.7000000000000002,6823.0,4.8
2020-09-12,0,STRESS,4.535,0.7000000000000002,6823.0,4.8
2020-09-13,1,CRISIS,4.535,0.7000000000000002,6823.0,4.8
2020-09-14,0,STRESS,4.52,0.7000000000000002,6823.0,4.8
2020-09-15,1,CRISIS,4.52,0.7000000000000002,6823.0,4.8
2020-09-16,0,STRESS,4.52,0.7000000000000002,6823.0,4.8
2020-09-17,1,CRISIS,4.52,0.7000000000000002,6823.0,4.8
2020-09-18,0,STRESS,4.52,0.7000000000000002,6823.0,4.8
2020-09-19,1,CRISIS,4.535,0.7000000000000002,6823.0,4.8
2020-09-20,0,STRESS,4.535,0.7000000000000002,6823.0,4.8
2020-09-21,1,CRISIS,4.52,0.7000000000000002,6823.0,4.8
2020-09-22,0,STRESS,4.52,0.7000000000000002,6823.0,4.8
2020-09-23,1,CRISIS,4.52,0.7000000000000002,6823.0,4.8
2020-09-24,0,STRESS,4.52,0.7000000000000002,6823.0,4.8
2020-09-25,1,CRISIS,4.52,0.7000000000000002,6823.0,4.8
2020-09-26,0,STRESS,4.535,0.7000000000000002,6823.0,4.8
2020-09-27,1,CRISIS,4.535,0.7000000000000002,6823.0,4.8
2020-09-28,0,STRESS,4.53,0.7000000000000002,6823.0,4.8
2020-09-29,1,CRISIS,4.53,0.7000000000000002,6823.0,4.8
2020-09-30,0,STRESS,4.53,0.7000000000000002,6823.0,4.8
2020-10-01,1,CRISIS,4.535,1.4000000000000004,6861.0,4.1
2020-10-02,0,STRESS,4.535,1.4000000000000004,6861.0,4.1
2020-10-03,1,CRISIS,4.535,1.4000000000000004,6861.0,4.1
2020-10-04,0,STRESS,4.535,1.4000000000000004,6861.0,4.1
2020-10-05,1,CRISIS,4.535,1.4000000000000004,6861.0,4.1
2020-10-06,0,STRESS,4.535,1.4000000000000004,6861.0,4.1
2020-10-07,1,CRISIS,4.535,1.4000000000000004,6861.0,4.1
2020-10-08,0,STRESS,4.535,1.4000000000000004,6861.0,4.1
2020-10-09,1,CRISIS,4.535,1.4000000000000004,6861.0,4.1
2020-10-10,0,STRESS,4.535,1.4000000000000004,6861.0,4.1
2020-10-11,1,CRISIS,4.535,1.4000000000000004,6861.0,4.1
2020-10-12,0,STRESS,4.535,1.4000000000000004,6861.0,4.1
2020-10-13,1,CRISIS,4.535,1.4000000000000004,6861.0,4.1
2020-10-14,0,STRESS,4.535,1.4000000000000004,6861.0,4.1
2020-10-15,1,CRISIS,4.535,1.4000000000000004,6861.0,4.1
2020-10-16,0,STRESS,4.535,1.4000000000000004,6861.0,4.1
2020-10-17,1,CRISIS,4.535,1.4000000000000004,6861.0,4.1
2020-10-18,0,STRESS,4.535,1.4000000000000004,6861.0,4.1
2020-10-19,1,CRISIS,4.535,1.4000000000000004,6861.0,4.1
2020-10-20,0,STRESS,4.535,1.4000000000000004,6861.0,4.1
2020-10-21,1,CRISIS,4.535,1.4000000000000004,6861.0,4.1
2020-10-22,0,STRESS,4.535,1.4000000000000004,6861.0,4.1
2020-10-23,1,CRISIS,4.535,1.4000000000000004,6861.0,4.1
2020-10-24,0,STRESS,4.535,1.4000000000000004,6861.0,4.1
2020-10-25,1,CRISIS,4.535,1.4000000000000004,6861.0,4.1
2020-10-26,0,STRESS,4.535,1.4000000000000004,6861.0,4.1
2020-10-27,1,CRISIS,4.535,1.4000000000000004,6861.0,4.1
2020-10-28,0,STRESS,4.535,1.4000000000000004,6861.0,4.1
2020-10-29,1,CRISIS,4.535,1.4000000000000004,6861.0,4.1
2020-10-30,0,STRESS,4.535,1.4000000000000004,6861.0,4.1
2020-10-31,1,CRISIS,4.535,1.4000000000000004,6861.0,4.1
2020-11-01,2,CALM,4.54,1.5,5670.0,4.0
2020-11-02,2,CALM,4.54,1.5,5670.0,4.0
2020-11-03,2,CALM,4.54,1.5,5670.0,4.0
2020-11-04,2,CALM,4.54,1.5,5670.0,4.0
2020-11-05,2,CALM,4.54,1.5,5670.0,4.0
2020-11-06,2,CALM,4.54,1.5,5670.0,4.0
2020-11-07,2,CALM,4.54,1.5,5670.0,4.0
2020-11-08,2,CALM,4.54,1.5,5670.0,4.0
2020-11-09,2,CALM,4.54,1.5,5670.0,4.0
2020-11-10,2,CALM,4.54,1.5,5670.0,4.0
2020-11-11,2,CALM,4.54,1.5,5670.0,4.0
2020-11-12,2,CALM,4.54,1.5,5670.0,4.0
2020-11-13,2,CALM,4.54,1.5,5670.0,4.0
2020-11-14,2,CALM,4.54,1.5,5670.0,4.0
2020-11-15,2,CALM,4.54,1.5,5670.0,4.0
2020-11-16,2,CALM,4.54,1.5,5670.0,4.0
2020-11-17,2,CALM,4.54,1.5,5670.0,4.0
2020-11-18,2,CALM,4.54,1.5,5670.0,4.0
2020-11-19,2,CALM,4.54,1.5,5670.0,4.0
2020-11-20,2,CALM,4.54,1.5,5670.0,4.0
2020-11-21,2,CALM,4.54,1.5,5670.0,4.0
2020-11-22,2,CALM,4.54,1.5,5670.0,4.0
2020-11-23,2,CALM,4.54,1.5,5670.0,4.0
2020-11-24,2,CALM,4.54,1.5,5670.0,4.0
2020-11-25,2,CALM,4.54,1.5,5670.0,4.0
2020-11-26,2,CALM,4.54,1.5,5670.0,4.0
2020-11-27,2,CALM,4.54,1.5,5670.0,4.0
2020-11-28,2,CALM,4.54,1.5,5670.0,4.0
2020-11-29,2,CALM,4.54,1.5,5670.0,4.0
2020-11-30,2,CALM,4.54,1.5,5670.0,4.0
2020-12-01,2,CALM,4.54,1.2999999999999998,5664.0,4.2
2020-12-02,2,CALM,4.54,1.2999999999999998,5664.0,4.2
2020-12-03,2,CALM,4.54,1.2999999999999998,5664.0,4.2
2020-12-04,2,CALM,4.54,1.2999999999999998,5664.0,4.2
2020-12-05,2,CALM,4.54,1.2999999999999998,5664.0,4.2
2020-12-06,2,CALM,4.54,1.2999999999999998,5664.0,4.2
2020-12-07,2,CALM,4.54,1.2999999999999998,5664.0,4.2
2020-12-08,2,CALM,4.54,1.2999999999999998,5664.0,4.2
2020-12-09,2,CALM,4.54,1.2999999999999998,5664.0,4.2
2020-12-10,2,CALM,4.54,1.2999999999999998,5664.0,4.2
2020-12-11,2,CALM,4.54,1.2999999999999998,5664.0,4.2
2020-12-12,2,CALM,4.54,1.2999999999999998,5664.0,4.2
2020-12-13,2,CALM,4.54,1.2999999999999998,5664.0,4.2
2020-12-14,2,CALM,4.54,1.2999999999999998,5664.0,4.2
2020-12-15,2,CALM,4.54,1.2999999999999998,5664.0,4.2
2020-12-16,2,CALM,4.54,1.2999999999999998,5664.0,4.2
2020-12-17,2,CALM,4.54,1.2999999999999998,5664.0,4.2
2020-12-18,2,CALM,4.54,1.2999999999999998,5664.0,4.2
2020-12-19,2,CALM,4.54,1.2999999999999998,5664.0,4.2
2020-12-20,2,CALM,4.54,1.2999999999999998,5664.0,4.2
2020-12-21,2,CALM,4.54,1.2999999999999998,5664.0,4.2
2020-12-22,2,CALM,4.54,1.2999999999999998,5664.0,4.2
2020-12-23,2,CALM,4.54,1.2999999999999998,5664.0,4.2
2020-12-24,2,CALM,4.54,1.2999999999999998,5664.0,4.2
2020-12-25,2,CALM,4.54,1.2999999999999998,5664.0,4.2
2020-12-26,2,CALM,4.54,1.2999999999999998,5664.0,4.2
2020-12-27,2,CALM,4.54,1.2999999999999998,5664.0,4.2
2020-12-28,2,CALM,4.54,1.2999999999999998,5664.0,4.2
2020-12-29,2,CALM,4.54,1.2999999999999998,5664.0,4.2
2020-12-30,2,CALM,4.54,1.2999999999999998,5664.0,4.2
2020-12-31,2,CALM,4.54,1.2999999999999998,5664.0,4.2
2021-01-01,2,CALM,4.545,1.2999999999999998,5034.0,4.2
2021-01-02,2,CALM,4.545,1.2999999999999998,5034.0,4.2
2021-01-03,2,CALM,4.545,1.2999999999999998,5034.0,4.2
2021-01-04,2,CALM,4.545,1.2999999999999998,5034.0,4.2
2021-01-05,2,CALM,4.545,1.2999999999999998,5034.0,4.2
2021-01-06,2,CALM,4.545,1.2999999999999998,5034.0,4.2
2021-01-07,2,CALM,4.545,1.2999999999999998,5034.0,4.2
2021-01-08,2,CALM,4.545,1.2999999999999998,5034.0,4.2
2021-01-09,2,CALM,4.545,1.2999999999999998,5034.0,4.2
2021-01-10,2,CALM,4.545,1.2999999999999998,5034.0,4.2
2021-01-11,2,CALM,4.545,1.2999999999999998,5034.0,4.2
2021-01-12,2,CALM,4.545,1.2999999999999998,5034.0,4.2
2021-01-13,2,CALM,4.545,1.2999999999999998,5034.0,4.2
2021-01-14,2,CALM,4.545,1.2999999999999998,5034.0,4.2
2021-01-15,2,CALM,4.545,1.2999999999999998,5034.0,4.2
2021-01-16,2,CALM,4.545,1.2999999999999998,5034.0,4.2
2021-01-17,2,CALM,4.545,1.2999999999999998,5034.0,4.2
2021-01-18,2,CALM,4.545,1.2999999999999998,5034.0,4.2
2021-01-19,2,CALM,4.545,1.2999999999999998,5034.0,4.2
2021-01-20,2,CALM,4.545,1.2999999999999998,5034.0,4.2
2021-01-21,2,CALM,4.545,1.2999999999999998,5034.0,4.2
2021-01-22,2,CALM,4.545,1.2999999999999998,5034.0,4.2
2021-01-23,2,CALM,4.545,1.2999999999999998,5034.0,4.2
2021-01-24,2,CALM,4.545,1.2999999999999998,5034.0,4.2
2021-01-25,2,CALM,4.545,1.2999999999999998,5034.0,4.2
2021-01-26,2,CALM,4.545,1.2999999999999998,5034.0,4.2
2021-01-27,2,CALM,4.545,1.2999999999999998,5034.0,4.2
2021-01-28,2,CALM,4.545,1.2999999999999998,5034.0,4.2
2021-01-29,2,CALM,4.545,1.2999999999999998,5034.0,4.2
2021-01-30,2,CALM,4.545,1.2999999999999998,5034.0,4.2
2021-01-31,2,CALM,4.545,1.2999999999999998,5034.0,4.2
2021-02-01,2,CALM,4.545,0.4000000000000003,4836.0,5.1
2021-02-02,2,CALM,4.545,0.4000000000000003,4836.0,5.1
2021-02-03,2,CALM,4.545,0.4000000000000003,4836.0,5.1
2021-02-04,2,CALM,4.545,0.4000000000000003,4836.0,5.1
2021-02-05,2,CALM,4.545,0.4000000000000003,4836.0,5.1
2021-02-06,2,CALM,4.545,0.4000000000000003,4836.0,5.1
2021-02-07,2,CALM,4.545,0.4000000000000003,4836.0,5.1
2021-02-08,2,CALM,4.545,0.4000000000000003,4836.0,5.1
2021-02-09,2,CALM,4.545,0.4000000000000003,4836.0,5.1
2021-02-10,2,CALM,4.545,0.4000000000000003,4836.0,5.1
2021-02-11,2,CALM,4.545,0.4000000000000003,4836.0,5.1
2021-02-12,2,CALM,4.545,0.4000000000000003,4836.0,5.1
2021-02-13,2,CALM,4.545,0.4000000000000003,4836.0,5.1
2021-02-14,2,CALM,4.545,0.4000000000000003,4836.0,5.1
2021-02-15,2,CALM,4.545,0.4000000000000003,4836.0,5.1
2021-02-16,2,CALM,4.545,0.4000000000000003,4836.0,5.1
2021-02-17,2,CALM,4.545,0.4000000000000003,4836.0,5.1
2021-02-18,2,CALM,4.545,0.4000000000000003,4836.0,5.1
2021-02-19,2,CALM,4.545,0.4000000000000003,4836.0,5.1
2021-02-20,2,CALM,4.545,0.4000000000000003,4836.0,5.1
2021-02-21,2,CALM,4.545,0.4000000000000003,4836.0,5.1
2021-02-22,2,CALM,4.545,0.4000000000000003,4836.0,5.1
2021-02-23,2,CALM,4.545,0.4000000000000003,4836.0,5.1
2021-02-24,2,CALM,4.545,0.4000000000000003,4836.0,5.1
2021-02-25,2,CALM,4.545,0.4000000000000003,4836.0,5.1
2021-02-26,2,CALM,4.545,0.4000000000000003,4836.0,5.1
2021-02-27,2,CALM,4.545,0.4000000000000003,4836.0,5.1
2021-02-28,2,CALM,4.545,0.4000000000000003,4836.0,5.1
2021-03-01,2,CALM,4.625,0.0,4495.0,5.5
2021-03-02,2,CALM,4.625,0.0,4495.0,5.5
2021-03-03,2,CALM,4.625,0.0,4495.0,5.5
2021-03-04,2,CALM,4.625,0.0,4495.0,5.5
2021-03-05,2,CALM,4.625,0.0,4495.0,5.5
2021-03-06,2,CALM,4.625,0.0,4495.0,5.5
2021-03-07,2,CALM,4.625,0.0,4495.0,5.5
2021-03-08,2,CALM,4.625,0.0,4495.0,5.5
2021-03-09,2,CALM,4.625,0.0,4495.0,5.5
2021-03-10,2,CALM,4.625,0.0,4495.0,5.5
2021-03-11,2,CALM,4.625,0.0,4495.0,5.5
2021-03-12,2,CALM,4.625,0.0,4495.0,5.5
2021-03-13,2,CALM,4.625,0.0,4495.0,5.5
2021-03-14,2,CALM,4.625,0.0,4495.0,5.5
2021-03-15,2,CALM,4.625,0.0,4495.0,5.5
2021-03-16,2,CALM,4.625,0.0,4495.0,5.5
2021-03-17,2,CALM,4.625,0.0,4495.0,5.5
2021-03-18,2,CALM,4.625,0.0,4495.0,5.5
2021-03-19,2,CALM,4.625,0.0,4495.0,5.5
2021-03-20,2,CALM,4.625,0.0,4495.0,5.5
2021-03-21,2,CALM,4.625,0.0,4495.0,5.5
2021-03-22,2,CALM,4.625,0.0,4495.0,5.5
2021-03-23,2,CALM,4.625,0.0,4495.0,5.5
2021-03-24,2,CALM,4.625,0.0,4495.0,5.5
2021-03-25,2,CALM,4.625,0.0,4495.0,5.5
2021-03-26,2,CALM,4.625,0.0,4495.0,5.5
2021-03-27,2,CALM,4.625,0.0,4495.0,5.5
2021-03-28,2,CALM,4.625,0.0,4495.0,5.5
2021-03-29,2,CALM,4.625,0.0,4495.0,5.5
2021-03-30,2,CALM,4.625,0.0,4495.0,5.5
2021-03-31,2,CALM,4.625,0.0,4495.0,5.5
2021-04-01,2,CALM,4.65,0.0,4555.0,5.5
2021-04-02,2,CALM,4.65,0.0,4555.0,5.5
2021-04-03,2,CALM,4.65,0.0,4555.0,5.5
2021-04-04,2,CALM,4.65,0.0,4555.0,5.5
2021-04-05,2,CALM,4.65,0.0,4555.0,5.5
2021-04-06,2,CALM,4.65,0.0,4555.0,5.5
2021-04-07,2,CALM,4.65,0.0,4555.0,5.5
2021-04-08,2,CALM,4.65,0.0,4555.0,5.5
2021-04-09,2,CALM,4.65,0.0,4555.0,5.5
2021-04-10,2,CALM,4.65,0.0,4555.0,5.5
2021-04-11,2,CALM,4.65,0.0,4555.0,5.5
2021-04-12,2,CALM,4.65,0.0,4555.0,5.5
2021-04-13,2,CALM,4.65,0.0,4555.0,5.5
2021-04-14,2,CALM,4.65,0.0,4555.0,5.5
2021-04-15,2,CALM,4.65,0.0,4555.0,5.5
2021-04-16,2,CALM,4.65,0.0,4555.0,5.5
2021-04-17,2,CALM,4.65,0.0,4555.0,5.5
2021-04-18,2,CALM,4.65,0.0,4555.0,5.5
2021-04-19,2,CALM,4.65,0.0,4555.0,5.5
2021-04-20,2,CALM,4.65,0.0,4555.0,5.5
2021-04-21,2,CALM,4.65,0.0,4555.0,5.5
2021-04-22,2,CALM,4.65,0.0,4555.0,5.5
2021-04-23,2,CALM,4.65,0.0,4555.0,5.5
2021-04-24,2,CALM,4.65,0.0,4555.0,5.5
2021-04-25,2,CALM,4.65,0.0,4555.0,5.5
2021-04-26,2,CALM,4.65,0.0,4555.0,5.5
2021-04-27,2,CALM,4.65,0.0,4555.0,5.5
2021-04-28,2,CALM,4.65,0.0,4555.0,5.5
2021-04-29,2,CALM,4.65,0.0,4555.0,5.5
2021-04-30,2,CALM,4.65,0.0,4555.0,5.5
2021-05-01,2,CALM,4.675,0.5,4538.0,5.0
2021-05-02,2,CALM,4.675,0.5,4538.0,5.0
2021-05-03,2,CALM,4.675,0.5,4538.0,5.0
2021-05-04,2,CALM,4.675,0.5,4538.0,5.0
2021-05-05,2,CALM,4.675,0.5,4538.0,5.0
2021-05-06,2,CALM,4.675,0.5,4538.0,5.0
2021-05-07,2,CALM,4.675,0.5,4538.0,5.0
2021-05-08,2,CALM,4.675,0.5,4538.0,5.0
2021-05-09,2,CALM,4.675,0.5,4538.0,5.0
2021-05-10,2,CALM,4.675,0.5,4538.0,5.0
2021-05-11,2,CALM,4.675,0.5,4538.0,5.0
2021-05-12,2,CALM,4.675,0.5,4538.0,5.0
2021-05-13,2,CALM,4.675,0.5,4538.0,5.0
2021-05-14,2,CALM,4.675,0.5,4538.0,5.0
2021-05-15,2,CALM,4.675,0.5,4538.0,5.0
2021-05-16,2,CALM,4.675,0.5,4538.0,5.0
2021-05-17,2,CALM,4.675,0.5,4538.0,5.0
2021-05-18,2,CALM,4.675,0.5,4538.0,5.0
2021-05-19,2,CALM,4.675,0.5,4538.0,5.0
2021-05-20,2,CALM,4.675,0.5,4538.0,5.0
2021-05-21,2,CALM,4.675,0.5,4538.0,5.0
2021-05-22,2,CALM,4.675,0.5,4538.0,5.0
2021-05-23,2,CALM,4.675,0.5,4538.0,5.0
2021-05-24,2,CALM,4.675,0.5,4538.0,5.0
2021-05-25,2,CALM,4.675,0.5,4538.0,5.0
2021-05-26,2,CALM,4.675,0.5,4538.0,5.0
2021-05-27,2,CALM,4.675,0.5,4538.0,5.0
2021-05-28,2,CALM,4.675,0.5,4538.0,5.0
2021-05-29,2,CALM,4.675,0.5,4538.0,5.0
2021-05-30,2,CALM,4.675,0.5,4538.0,5.0
2021-05-31,2,CALM,4.675,0.5,4538.0,5.0
2021-06-01,2,CALM,4.875,0.2999999999999998,4003.0,5.2
2021-06-02,2,CALM,4.875,0.2999999999999998,4003.0,5.2
2021-06-03,2,CALM,4.875,0.2999999999999998,4003.0,5.2
2021-06-04,2,CALM,4.875,0.2999999999999998,4003.0,5.2
2021-06-05,2,CALM,4.875,0.2999999999999998,4003.0,5.2
2021-06-06,2,CALM,4.875,0.2999999999999998,4003.0,5.2
2021-06-07,2,CALM,4.875,0.2999999999999998,4003.0,5.2
2021-06-08,2,CALM,4.875,0.2999999999999998,4003.0,5.2
2021-06-09,2,CALM,4.875,0.2999999999999998,4003.0,5.2
2021-06-10,2,CALM,4.875,0.2999999999999998,4003.0,5.2
2021-06-11,2,CALM,4.875,0.2999999999999998,4003.0,5.2
2021-06-12,2,CALM,4.875,0.2999999999999998,4003.0,5.2
2021-06-13,2,CALM,4.875,0.2999999999999998,4003.0,5.2
2021-06-14,2,CALM,4.875,0.2999999999999998,4003.0,5.2
2021-06-15,2,CALM,4.875,0.2999999999999998,4003.0,5.2
2021-06-16,2,CALM,4.875,0.2999999999999998,4003.0,5.2
2021-06-17,2,CALM,4.875,0.2999999999999998,4003.0,5.2
2021-06-18,2,CALM,4.875,0.2999999999999998,4003.0,5.2
2021-06-19,2,CALM,4.875,0.2999999999999998,4003.0,5.2
2021-06-20,2,CALM,4.875,0.2999999999999998,4003.0,5.2
2021-06-21,2,CALM,4.875,0.2999999999999998,4003.0,5.2
2021-06-22,2,CALM,4.875,0.2999999999999998,4003.0,5.2
2021-06-23,2,CALM,4.875,0.2999999999999998,4003.0,5.2
2021-06-24,2,CALM,4.875,0.2999999999999998,4003.0,5.2
2021-06-25,2,CALM,4.875,0.2999999999999998,4003.0,5.2
2021-06-26,2,CALM,4.875,0.2999999999999998,4003.0,5.2
2021-06-27,2,CALM,4.875,0.2999999999999998,4003.0,5.2
2021-06-28,2,CALM,4.875,0.2999999999999998,4003.0,5.2
2021-06-29,2,CALM,4.875,0.2999999999999998,4003.0,5.2
2021-06-30,2,CALM,4.875,0.2999999999999998,4003.0,5.2
2021-07-01,2,CALM,5.1,-0.5,2842.0,6.0
2021-07-02,2,CALM,5.1,-0.5,2842.0,6.0
2021-07-03,2,CALM,5.1,-0.5,2842.0,6.0
2021-07-04,2,CALM,5.1,-0.5,2842.0,6.0
2021-07-05,2,CALM,5.1,-0.5,2842.0,6.0
2021-07-06,2,CALM,5.1,-0.5,2842.0,6.0
2021-07-07,2,CALM,5.1,-0.5,2842.0,6.0
2021-07-08,2,CALM,5.1,-0.5,2842.0,6.0
2021-07-09,2,CALM,5.1,-0.5,2842.0,6.0
2021-07-10,2,CALM,5.1,-0.5,2842.0,6.0
2021-07-11,2,CALM,5.1,-0.5,2842.0,6.0
2021-07-12,2,CALM,5.1,-0.5,2842.0,6.0
2021-07-13,2,CALM,5.1,-0.5,2842.0,6.0
2021-07-14,2,CALM,5.1,-0.5,2842.0,6.0
2021-07-15,2,CALM,5.1,-0.5,2842.0,6.0
2021-07-16,2,CALM,5.1,-0.5,2842.0,6.0
2021-07-17,2,CALM,5.1,-0.5,2842.0,6.0
2021-07-18,2,CALM,5.1,-0.5,2842.0,6.0
2021-07-19,2,CALM,5.1,-0.5,2842.0,6.0
2021-07-20,2,CALM,5.1,-0.5,2842.0,6.0
2021-07-21,2,CALM,5.1,-0.5,2842.0,6.0
2021-07-22,2,CALM,5.1,-0.5,2842.0,6.0
2021-07-23,2,CALM,5.1,-0.5,2842.0,6.0
2021-07-24,2,CALM,5.1,-0.5,2842.0,6.0
2021-07-25,2,CALM,5.1,-0.5,2842.0,6.0
2021-07-26,2,CALM,5.1,-0.5,2842.0,6.0
2021-07-27,2,CALM,5.1,-0.5,2842.0,6.0
2021-07-28,2,CALM,5.1,-0.5,2842.0,6.0
2021-07-29,2,CALM,5.1,-0.5,2842.0,6.0
2021-07-30,2,CALM,5.1,-0.5,2842.0,6.0
2021-07-31,2,CALM,5.1,-0.5,2842.0,6.0
2021-08-01,2,CALM,5.8,-0.5,2771.0,6.0
2021-08-02,2,CALM,5.8,-0.5,2771.0,6.0
2021-08-03,2,CALM,5.8,-0.5,2771.0,6.0
2021-08-04,2,CALM,5.8,-0.5,2771.0,6.0
2021-08-05,2,CALM,5.8,-0.5,2771.0,6.0
2021-08-06,2,CALM,5.8,-0.5,2771.0,6.0
2021-08-07,2,CALM,5.8,-0.5,2771.0,6.0
2021-08-08,2,CALM,5.8,-0.5,2771.0,6.0
2021-08-09,2,CALM,5.8,-0.5,2771.0,6.0
2021-08-10,2,CALM,5.8,-0.5,2771.0,6.0
2021-08-11,2,CALM,5.8,-0.5,2771.0,6.0
2021-08-12,2,CALM,5.8,-0.5,2771.0,6.0
2021-08-13,2,CALM,5.8,-0.5,2771.0,6.0
2021-08-14,2,CALM,5.8,-0.5,2771.0,6.0
2021-08-15,2,CALM,5.8,-0.5,2771.0,6.0
2021-08-16,2,CALM,5.8,-0.5,2771.0,6.0
2021-08-17,2,CALM,5.8,-0.5,2771.0,6.0
2021-08-18,2,CALM,5.8,-0.5,2771.0,6.0
2021-08-19,2,CALM,5.8,-0.5,2771.0,6.0
2021-08-20,2,CALM,5.8,-0.5,2771.0,6.0
2021-08-21,2,CALM,5.8,-0.5,2771.0,6.0
2021-08-22,2,CALM,5.8,-0.5,2771.0,6.0
2021-08-23,2,CALM,5.8,-0.5,2771.0,6.0
2021-08-24,2,CALM,5.8,-0.5,2771.0,6.0
2021-08-25,2,CALM,5.8,-0.5,2771.0,6.0
2021-08-26,2,CALM,5.8,-0.5,2771.0,6.0
2021-08-27,2,CALM,5.8,-0.5,2771.0,6.0
2021-08-28,2,CALM,5.8,-0.5,2771.0,6.0
2021-08-29,2,CALM,5.8,-0.5,2771.0,6.0
2021-08-30,2,CALM,5.8,-0.5,2771.0,6.0
2021-08-31,2,CALM,5.8,-0.5,2771.0,6.0
2021-09-01,2,CALM,5.925000000000001,-0.7000000000000002,2506.0,6.2
2021-09-02,2,CALM,5.925000000000001,-0.7000000000000002,2506.0,6.2
2021-09-03,2,CALM,5.925000000000001,-0.7000000000000002,2506.0,6.2
2021-09-04,2,CALM,5.925000000000001,-0.7000000000000002,2506.0,6.2
2021-09-05,2,CALM,5.925000000000001,-0.7000000000000002,2506.0,6.2
2021-09-06,2,CALM,5.925000000000001,-0.7000000000000002,2506.0,6.2
2021-09-07,2,CALM,5.925000000000001,-0.7000000000000002,2506.0,6.2
2021-09-08,2,CALM,5.925000000000001,-0.7000000000000002,2506.0,6.2
2021-09-09,2,CALM,5.925000000000001,-0.7000000000000002,2506.0,6.2
2021-09-10,2,CALM,5.925000000000001,-0.7000000000000002,2506.0,6.2
2021-09-11,2,CALM,5.925000000000001,-0.7000000000000002,2506.0,6.2
2021-09-12,2,CALM,5.925000000000001,-0.7000000000000002,2506.0,6.2
2021-09-13,2,CALM,5.925000000000001,-0.7000000000000002,2506.0,6.2
2021-09-14,2,CALM,5.925000000000001,-0.7000000000000002,2506.0,6.2
2021-09-15,2,CALM,5.925000000000001,-0.7000000000000002,2506.0,6.2
2021-09-16,2,CALM,5.925000000000001,-0.7000000000000002,2506.0,6.2
2021-09-17,2,CALM,5.925000000000001,-0.7000000000000002,2506.0,6.2
2021-09-18,2,CALM,5.925000000000001,-0.7000000000000002,2506.0,6.2
2021-09-19,2,CALM,5.925000000000001,-0.7000000000000002,2506.0,6.2
2021-09-20,2,CALM,5.925000000000001,-0.7000000000000002,2506.0,6.2
2021-09-21,2,CALM,5.925000000000001,-0.7000000000000002,2506.0,6.2
2021-09-22,2,CALM,5.925000000000001,-0.7000000000000002,2506.0,6.2
2021-09-23,2,CALM,5.925000000000001,-0.7000000000000002,2506.0,6.2
2021-09-24,2,CALM,5.925000000000001,-0.7000000000000002,2506.0,6.2
2021-09-25,2,CALM,5.925000000000001,-0.7000000000000002,2506.0,6.2
2021-09-26,2,CALM,5.925000000000001,-0.7000000000000002,2506.0,6.2
2021-09-27,2,CALM,5.925000000000001,-0.7000000000000002,2506.0,6.2
2021-09-28,2,CALM,5.925000000000001,-0.7000000000000002,2506.0,6.2
2021-09-29,2,CALM,5.925000000000001,-0.7000000000000002,2506.0,6.2
2021-09-30,2,CALM,5.925000000000001,-0.7000000000000002,2506.0,6.2
2021-10-01,2,CALM,5.9,-2.1,2287.0,7.6
2021-10-02,2,CALM,5.9,-2.1,2287.0,7.6
2021-10-03,2,CALM,5.9,-2.1,2287.0,7.6
2021-10-04,2,CALM,5.9,-2.1,2287.0,7.6
2021-10-05,2,CALM,5.9,-2.1,2287.0,7.6
2021-10-06,2,CALM,5.9,-2.1,2287.0,7.6
2021-10-07,2,CALM,5.9,-2.1,2287.0,7.6
2021-10-08,2,CALM,5.9,-2.1,2287.0,7.6
2021-10-09,2,CALM,5.9,-2.1,2287.0,7.6
2021-10-10,2,CALM,5.9,-2.1,2287.0,7.6
2021-10-11,2,CALM,5.9,-2.1,2287.0,7.6
2021-10-12,2,CALM,5.9,-2.1,2287.0,7.6
2021-10-13,2,CALM,5.9,-2.1,2287.0,7.6
2021-10-14,2,CALM,5.9,-2.1,2287.0,7.6
2021-10-15,2,CALM,5.9,-2.1,2287.0,7.6
2021-10-16,2,CALM,5.9,-2.1,2287.0,7.6
2021-10-17,2,CALM,5.9,-2.1,2287.0,7.6
2021-10-18,2,CALM,5.9,-2.1,2287.0,7.6
2021-10-19,2,CALM,5.9,-2.1,2287.0,7.6
2021-10-20,2,CALM,5.9,-2.1,2287.0,7.6
2021-10-21,2,CALM,5.9,-2.1,2287.0,7.6
2021-10-22,2,CALM,5.9,-2.1,2287.0,7.6
2021-10-23,2,CALM,5.9,-2.1,2287.0,7.6
2021-10-24,2,CALM,5.9,-2.1,2287.0,7.6
2021-10-25,2,CALM,5.9,-2.1,2287.0,7.6
2021-10-26,2,CALM,5.9,-2.1,2287.0,7.6
2021-10-27,2,CALM,5.9,-2.1,2287.0,7.6
2021-10-28,2,CALM,5.9,-2.1,2287.0,7.6
2021-10-29,2,CALM,5.9,-2.1,2287.0,7.6
2021-10-30,2,CALM,5.9,-2.1,2287.0,7.6
2021-10-31,2,CALM,5.9,-2.1,2287.0,7.6
2021-11-01,2,CALM,5.91,-4.4,1603.0,9.9
2021-11-02,2,CALM,5.91,-4.4,1603.0,9.9
2021-11-03,2,CALM,5.91,-4.4,1603.0,9.9
2021-11-04,2,CALM,5.91,-4.4,1603.0,9.9
2021-11-05,2,CALM,5.91,-4.4,1603.0,9.9
2021-11-06,2,CALM,5.91,-4.4,1603.0,9.9
2021-11-07,2,CALM,5.91,-4.4,1603.0,9.9
2021-11-08,2,CALM,5.91,-4.4,1603.0,9.9
2021-11-09,2,CALM,5.91,-4.4,1603.0,9.9
2021-11-10,2,CALM,5.91,-4.4,1603.0,9.9
2021-11-11,2,CALM,5.91,-4.4,1603.0,9.9
2021-11-12,2,CALM,5.91,-4.4,1603.0,9.9
2021-11-13,2,CALM,5.91,-4.4,1603.0,9.9
2021-11-14,2,CALM,5.91,-4.4,1603.0,9.9
2021-11-15,2,CALM,5.91,-4.4,1603.0,9.9
2021-11-16,2,CALM,5.91,-4.4,1603.0,9.9
2021-11-17,2,CALM,5.91,-4.4,1603.0,9.9
2021-11-18,2,CALM,5.91,-4.4,1603.0,9.9
2021-11-19,2,CALM,5.91,-4.4,1603.0,9.9
2021-11-20,2,CALM,5.91,-4.4,1603.0,9.9
2021-11-21,2,CALM,5.91,-4.4,1603.0,9.9
2021-11-22,2,CALM,5.91,-4.4,1603.0,9.9
2021-11-23,2,CALM,5.91,-4.4,1603.0,9.9
2021-11-24,2,CALM,5.91,-4.4,1603.0,9.9
2021-11-25,2,CALM,5.91,-4.4,1603.0,9.9
2021-11-26,2,CALM,5.91,-4.4,1603.0,9.9
2021-11-27,2,CALM,5.91,-4.4,1603.0,9.9
2021-11-28,2,CALM,5.91,-4.4,1603.0,9.9
2021-11-29,2,CALM,5.91,-4.4,1603.0,9.9
2021-11-30,2,CALM,5.91,-4.4,1603.0,9.9
2021-12-01,2,CALM,5.94,-6.6,1594.0,12.1
2021-12-02,2,CALM,5.94,-6.6,1594.0,12.1
2021-12-03,2,CALM,5.94,-6.6,1594.0,12.1
2021-12-04,2,CALM,5.94,-6.6,1594.0,12.1
2021-12-05,2,CALM,5.94,-6.6,1594.0,12.1
2021-12-06,2,CALM,5.94,-6.6,1594.0,12.1
2021-12-07,2,CALM,5.94,-6.6,1594.0,12.1
2021-12-08,2,CALM,5.94,-6.6,1594.0,12.1
2021-12-09,2,CALM,5.94,-6.6,1594.0,12.1
2021-12-10,2,CALM,5.94,-6.6,1594.0,12.1
2021-12-11,2,CALM,5.94,-6.6,1594.0,12.1
2021-12-12,2,CALM,5.94,-6.6,1594.0,12.1
2021-12-13,2,CALM,5.94,-6.6,1594.0,12.1
2021-12-14,2,CALM,5.94,-6.6,1594.0,12.1
2021-12-15,2,CALM,5.94,-6.6,1594.0,12.1
2021-12-16,2,CALM,5.94,-6.6,1594.0,12.1
2021-12-17,2,CALM,5.94,-6.6,1594.0,12.1
2021-12-18,2,CALM,5.94,-6.6,1594.0,12.1
2021-12-19,2,CALM,5.94,-6.6,1594.0,12.1
2021-12-20,2,CALM,5.94,-6.6,1594.0,12.1
2021-12-21,2,CALM,5.94,-6.6,1594.0,12.1
2021-12-22,2,CALM,5.94,-6.6,1594.0,12.1
2021-12-23,2,CALM,5.94,-6.6,1594.0,12.1
2021-12-24,2,CALM,5.94,-6.6,1594.0,12.1
2021-12-25,2,CALM,5.94,-6.6,1594.0,12.1
2021-12-26,2,CALM,5.94,-6.6,1594.0,12.1
2021-12-27,2,CALM,5.94,-6.6,1594.0,12.1
2021-12-28,2,CALM,5.94,-6.6,1594.0,12.1
2021-12-29,2,CALM,5.94,-6.6,1594.0,12.1
2021-12-30,2,CALM,5.94,-6.6,1594.0,12.1
2021-12-31,2,CALM,5.94,-6.6,1594.0,12.1
2022-01-01,2,CALM,6.45,-8.7,2361.0,14.2
2022-01-02,2,CALM,6.45,-8.7,2361.0,14.2
2022-01-03,2,CALM,6.45,-8.7,2361.0,14.2
2022-01-04,2,CALM,6.45,-8.7,2361.0,14.2
2022-01-05,2,CALM,6.45,-8.7,2361.0,14.2
2022-01-06,2,CALM,6.45,-8.7,2361.0,14.2
2022-01-07,2,CALM,6.45,-8.7,2361.0,14.2
2022-01-08,2,CALM,6.45,-8.7,2361.0,14.2
2022-01-09,2,CALM,6.45,-8.7,2361.0,14.2
2022-01-10,2,CALM,6.45,-8.7,2361.0,14.2
2022-01-11,2,CALM,6.45,-8.7,2361.0,14.2
2022-01-12,2,CALM,6.45,-8.7,2361.0,14.2
2022-01-13,2,CALM,6.45,-8.7,2361.0,14.2
2022-01-14,2,CALM,6.45,-8.7,2361.0,14.2
2022-01-15,2,CALM,6.45,-8.7,2361.0,14.2
2022-01-16,2,CALM,6.45,-8.7,2361.0,14.2
2022-01-17,2,CALM,6.45,-8.7,2361.0,14.2
2022-01-18,2,CALM,6.45,-8.7,2361.0,14.2
2022-01-19,2,CALM,6.45,-8.7,2361.0,14.2
2022-01-20,2,CALM,6.45,-8.2,2361.0,14.2
2022-01-21,2,CALM,6.45,-8.2,2361.0,14.2
2022-01-22,2,CALM,6.45,-8.2,2361.0,14.2
2022-01-23,2,CALM,6.45,-8.2,2361.0,14.2
2022-01-24,2,CALM,6.45,-8.2,2361.0,14.2
2022-01-25,2,CALM,6.45,-8.2,2361.0,14.2
2022-01-26,2,CALM,6.45,-8.2,2361.0,14.2
2022-01-27,2,CALM,6.45,-8.2,2361.0,14.2
2022-01-28,2,CALM,6.45,-8.2,2361.0,14.2
2022-01-29,2,CALM,6.45,-8.2,2361.0,14.2
2022-01-30,2,CALM,6.45,-8.2,2361.0,14.2
2022-01-31,2,CALM,6.45,-8.2,2361.0,14.2
2022-02-01,2,CALM,6.475,-9.1,2315.0,15.1
2022-02-02,2,CALM,6.475,-9.1,2315.0,15.1
2022-02-03,2,CALM,6.475,-9.1,2315.0,15.1
2022-02-04,2,CALM,6.475,-9.1,2315.0,15.1
2022-02-05,2,CALM,6.475,-9.1,2315.0,15.1
2022-02-06,2,CALM,6.475,-9.1,2315.0,15.1
2022-02-07,2,CALM,6.475,-9.1,2315.0,15.1
2022-02-08,2,CALM,6.475,-9.1,2315.0,15.1
2022-02-09,2,CALM,6.475,-9.1,2315.0,15.1
2022-02-10,2,CALM,6.475,-9.1,2315.0,15.1
2022-02-11,2,CALM,6.475,-9.1,2315.0,15.1
2022-02-12,2,CALM,6.475,-9.1,2315.0,15.1
2022-02-13,2,CALM,6.475,-9.1,2315.0,15.1
2022-02-14,2,CALM,6.475,-9.1,2315.0,15.1
2022-02-15,2,CALM,6.475,-9.1,2315.0,15.1
2022-02-16,2,CALM,6.475,-9.1,2315.0,15.1
2022-02-17,2,CALM,6.475,-9.1,2315.0,15.1
2022-02-18,2,CALM,6.475,-9.1,2315.0,15.1
2022-02-19,2,CALM,6.475,-9.1,2315.0,15.1
2022-02-20,2,CALM,6.475,-9.1,2315.0,15.1
2022-02-21,2,CALM,6.475,-9.1,2315.0,15.1
2022-02-22,2,CALM,6.475,-9.1,2315.0,15.1
2022-02-23,2,CALM,6.475,-9.1,2315.0,15.1
2022-02-24,2,CALM,6.475,-9.1,2315.0,15.1
2022-02-25,2,CALM,6.475,-9.1,2315.0,15.1
2022-02-26,2,CALM,6.475,-9.1,2315.0,15.1
2022-02-27,2,CALM,6.475,-9.1,2315.0,15.1
2022-02-28,2,CALM,6.475,-9.1,2315.0,15.1
2022-03-01,2,CALM,7.475,-12.7,1932.0,18.7
2022-03-02,2,CALM,7.475,-12.7,1932.0,18.7
2022-03-03,2,CALM,7.475,-12.7,1932.0,18.7
2022-03-04,2,CALM,7.475,-12.2,1932.0,18.7
2022-03-05,2,CALM,7.475,-12.2,1932.0,18.7
2022-03-06,2,CALM,7.475,-12.2,1932.0,18.7
2022-03-07,2,CALM,7.475,-12.2,1932.0,18.7
2022-03-08,2,CALM,7.475,-12.2,1932.0,18.7
2022-03-09,2,CALM,7.475,-12.2,1932.0,18.7
2022-03-10,2,CALM,7.475,-12.2,1932.0,18.7
2022-03-11,2,CALM,7.475,-12.2,1932.0,18.7
2022-03-12,2,CALM,7.475,-12.2,1932.0,18.7
2022-03-13,2,CALM,7.475,-12.2,1932.0,18.7
2022-03-14,2,CALM,7.475,-12.2,1932.0,18.7
2022-03-15,2,CALM,7.475,-12.2,1932.0,18.7
2022-03-16,2,CALM,7.475,-12.2,1932.0,18.7
2022-03-17,2,CALM,7.475,-12.2,1932.0,18.7
2022-03-18,2,CALM,7.475,-12.2,1932.0,18.7
2022-03-19,2,CALM,7.475,-12.2,1932.0,18.7
2022-03-20,2,CALM,7.475,-12.2,1932.0,18.7
2022-03-21,2,CALM,7.475,-12.2,1932.0,18.7
2022-03-22,2,CALM,7.475,-12.2,1932.0,18.7
2022-03-23,2,CALM,7.475,-12.2,1932.0,18.7
2022-03-24,2,CALM,7.475,-12.2,1932.0,18.7
2022-03-25,2,CALM,7.475,-12.2,1932.0,18.7
2022-03-26,2,CALM,7.475,-12.2,1932.0,18.7
2022-03-27,2,CALM,7.475,-12.2,1932.0,18.7
2022-03-28,2,CALM,7.475,-12.2,1932.0,18.7
2022-03-29,2,CALM,7.475,-12.2,1932.0,18.7
2022-03-30,2,CALM,7.475,-12.2,1932.0,18.7
2022-03-31,2,CALM,7.475,-12.2,1932.0,18.7
2022-04-01,2,CALM,14.5,-23.3,1892.0,29.8
2022-04-02,2,CALM,14.5,-23.3,1892.0,29.8
2022-04-03,2,CALM,14.5,-23.3,1892.0,29.8
2022-04-04,2,CALM,14.5,-23.3,1892.0,29.8
2022-04-05,2,CALM,14.5,-23.3,1892.0,29.8
2022-04-06,2,CALM,14.5,-23.3,1892.0,29.8
2022-04-07,2,CALM,14.5,-23.3,1892.0,29.8
2022-04-08,1,CRISIS,14.5,-15.3,1892.0,29.8
2022-04-09,0,STRESS,14.5,-15.3,1892.0,29.8
2022-04-10,1,CRISIS,14.5,-15.3,1892.0,29.8
2022-04-11,0,STRESS,14.5,-15.3,1892.0,29.8
2022-04-12,1,CRISIS,14.5,-15.3,1892.0,29.8
2022-04-13,0,STRESS,14.5,-15.3,1892.0,29.8
2022-04-14,1,CRISIS,14.5,-15.3,1892.0,29.8
2022-04-15,0,STRESS,14.5,-15.3,1892.0,29.8
2022-04-16,1,CRISIS,14.5,-15.3,1892.0,29.8
2022-04-17,0,STRESS,14.5,-15.3,1892.0,29.8
2022-04-18,1,CRISIS,14.5,-15.3,1892.0,29.8
2022-04-19,0,STRESS,14.5,-15.3,1892.0,29.8
2022-04-20,1,CRISIS,14.5,-15.3,1892.0,29.8
2022-04-21,0,STRESS,14.5,-15.3,1892.0,29.8
2022-04-22,1,CRISIS,14.5,-15.3,1892.0,29.8
2022-04-23,0,STRESS,14.5,-15.3,1892.0,29.8
2022-04-24,1,CRISIS,14.5,-15.3,1892.0,29.8
2022-04-25,0,STRESS,14.5,-15.3,1892.0,29.8
2022-04-26,1,CRISIS,14.5,-15.3,1892.0,29.8
2022-04-27,0,STRESS,14.5,-15.3,1892.0,29.8
2022-04-28,1,CRISIS,14.5,-15.3,1892.0,29.8
2022-04-29,0,STRESS,14.5,-15.3,1892.0,29.8
2022-04-30,1,CRISIS,14.5,-15.3,1892.0,29.8
2022-05-01,0,STRESS,14.5,-24.6,1915.0,39.1
2022-05-02,1,CRISIS,14.5,-24.6,1915.0,39.1
2022-05-03,0,STRESS,14.5,-24.6,1915.0,39.1
2022-05-04,1,CRISIS,14.5,-24.6,1915.0,39.1
2022-05-05,0,STRESS,14.5,-24.6,1915.0,39.1
2022-05-06,1,CRISIS,14.5,-24.6,1915.0,39.1
2022-05-07,0,STRESS,14.5,-24.6,1915.0,39.1
2022-05-08,1,CRISIS,14.5,-24.6,1915.0,39.1
2022-05-09,0,STRESS,14.5,-24.6,1915.0,39.1
2022-05-10,1,CRISIS,14.5,-24.6,1915.0,39.1
2022-05-11,0,STRESS,14.5,-24.6,1915.0,39.1
2022-05-12,1,CRISIS,14.5,-24.6,1915.0,39.1
2022-05-13,0,STRESS,14.5,-24.6,1915.0,39.1
2022-05-14,1,CRISIS,14.5,-24.6,1915.0,39.1
2022-05-15,0,STRESS,14.5,-24.6,1915.0,39.1
2022-05-16,1,CRISIS,14.5,-24.6,1915.0,39.1
2022-05-17,0,STRESS,14.5,-24.6,1915.0,39.1
2022-05-18,1,CRISIS,14.5,-24.6,1915.0,39.1
2022-05-19,0,STRESS,14.5,-24.6,1915.0,39.1
2022-05-20,1,CRISIS,14.5,-24.6,1915.0,39.1
2022-05-21,0,STRESS,14.5,-24.6,1915.0,39.1
2022-05-22,1,CRISIS,14.5,-24.6,1915.0,39.1
2022-05-23,0,STRESS,14.5,-24.6,1915.0,39.1
2022-05-24,1,CRISIS,14.5,-24.6,1915.0,39.1
2022-05-25,0,STRESS,14.5,-24.6,1915.0,39.1
2022-05-26,1,CRISIS,14.5,-24.6,1915.0,39.1
2022-05-27,0,STRESS,14.5,-24.6,1915.0,39.1
2022-05-28,1,CRISIS,14.5,-24.6,1915.0,39.1
2022-05-29,0,STRESS,14.5,-24.6,1915.0,39.1
2022-05-30,1,CRISIS,14.5,-24.6,1915.0,39.1
2022-05-31,0,STRESS,14.5,-24.6,1915.0,39.1
2022-06-01,1,CRISIS,14.5,-40.1,1856.0,54.6
2022-06-02,0,STRESS,14.5,-40.1,1856.0,54.6
2022-06-03,1,CRISIS,14.5,-40.1,1856.0,54.6
2022-06-04,0,STRESS,14.5,-40.1,1856.0,54.6
2022-06-05,1,CRISIS,14.5,-40.1,1856.0,54.6
2022-06-06,0,STRESS,14.5,-40.1,1856.0,54.6
2022-06-07,1,CRISIS,14.5,-40.1,1856.0,54.6
2022-06-08,0,STRESS,14.5,-40.1,1856.0,54.6
2022-06-09,1,CRISIS,14.5,-40.1,1856.0,54.6
2022-06-10,0,STRESS,14.5,-40.1,1856.0,54.6
2022-06-11,1,CRISIS,14.5,-40.1,1856.0,54.6
2022-06-12,0,STRESS,14.5,-40.1,1856.0,54.6
2022-06-13,1,CRISIS,14.5,-40.1,1856.0,54.6
2022-06-14,0,STRESS,14.5,-40.1,1856.0,54.6
2022-06-15,1,CRISIS,14.5,-40.1,1856.0,54.6
2022-06-16,0,STRESS,14.5,-40.1,1856.0,54.6
2022-06-17,1,CRISIS,14.5,-40.1,1856.0,54.6
2022-06-18,0,STRESS,14.5,-40.1,1856.0,54.6
2022-06-19,1,CRISIS,14.5,-40.1,1856.0,54.6
2022-06-20,0,STRESS,14.5,-40.1,1856.0,54.6
2022-06-21,1,CRISIS,14.5,-40.1,1856.0,54.6
2022-06-22,0,STRESS,14.5,-40.1,1856.0,54.6
2022-06-23,1,CRISIS,14.5,-40.1,1856.0,54.6
2022-06-24,0,STRESS,14.5,-40.1,1856.0,54.6
2022-06-25,1,CRISIS,14.5,-40.1,1856.0,54.6
2022-06-26,0,STRESS,14.5,-40.1,1856.0,54.6
2022-06-27,1,CRISIS,14.5,-40.1,1856.0,54.6
2022-06-28,0,STRESS,14.5,-40.1,1856.0,54.6
2022-06-29,1,CRISIS,14.5,-40.1,1856.0,54.6
2022-06-30,0,STRESS,14.5,-40.1,1856.0,54.6
2022-07-01,1,CRISIS,15.5,-46.3,1817.0,60.8
2022-07-02,0,STRESS,15.5,-46.3,1817.0,60.8
2022-07-03,1,CRISIS,15.5,-46.3,1817.0,60.8
2022-07-04,0,STRESS,15.5,-46.3,1817.0,60.8
2022-07-05,1,CRISIS,15.5,-46.3,1817.0,60.8
2022-07-06,0,STRESS,15.5,-46.3,1817.0,60.8
2022-07-07,1,CRISIS,15.5,-46.3,1817.0,60.8
2022-07-08,0,STRESS,15.5,-45.3,1817.0,60.8
2022-07-09,1,CRISIS,15.5,-45.3,1817.0,60.8
2022-07-10,0,STRESS,15.5,-45.3,1817.0,60.8
2022-07-11,1,CRISIS,15.5,-45.3,1817.0,60.8
2022-07-12,0,STRESS,15.5,-45.3,1817.0,60.8
2022-07-13,1,CRISIS,15.5,-45.3,1817.0,60.8
2022-07-14,0,STRESS,15.5,-45.3,1817.0,60.8
2022-07-15,1,CRISIS,15.5,-45.3,1817.0,60.8
2022-07-16,0,STRESS,15.5,-45.3,1817.0,60.8
2022-07-17,1,CRISIS,15.5,-45.3,1817.0,60.8
2022-07-18,0,STRESS,15.5,-45.3,1817.0,60.8
2022-07-19,1,CRISIS,15.5,-45.3,1817.0,60.8
2022-07-20,0,STRESS,15.5,-45.3,1817.0,60.8
2022-07-21,1,CRISIS,15.5,-45.3,1817.0,60.8
2022-07-22,0,STRESS,15.5,-45.3,1817.0,60.8
2022-07-23,1,CRISIS,15.5,-45.3,1817.0,60.8
2022-07-24,0,STRESS,15.5,-45.3,1817.0,60.8
2022-07-25,1,CRISIS,15.5,-45.3,1817.0,60.8
2022-07-26,0,STRESS,15.5,-45.3,1817.0,60.8
2022-07-27,1,CRISIS,15.5,-45.3,1817.0,60.8
2022-07-28,0,STRESS,15.5,-45.3,1817.0,60.8
2022-07-29,1,CRISIS,15.5,-45.3,1817.0,60.8
2022-07-30,0,STRESS,15.5,-45.3,1817.0,60.8
2022-07-31,1,CRISIS,15.5,-45.3,1817.0,60.8
2022-08-01,0,STRESS,15.5,-48.8,1719.0,64.3
2022-08-02,1,CRISIS,15.5,-48.8,1719.0,64.3
2022-08-03,0,STRESS,15.5,-48.8,1719.0,64.3
2022-08-04,1,CRISIS,15.5,-48.8,1719.0,64.3
2022-08-05,0,STRESS,15.5,-48.8,1719.0,64.3
2022-08-06,1,CRISIS,15.5,-48.8,1719.0,64.3
2022-08-07,0,STRESS,15.5,-48.8,1719.0,64.3
2022-08-08,1,CRISIS,15.5,-48.8,1719.0,64.3
2022-08-09,0,STRESS,15.5,-48.8,1719.0,64.3
2022-08-10,1,CRISIS,15.5,-48.8,1719.0,64.3
2022-08-11,0,STRESS,15.5,-48.8,1719.0,64.3
2022-08-12,1,CRISIS,15.5,-48.8,1719.0,64.3
2022-08-13,0,STRESS,15.5,-48.8,1719.0,64.3
2022-08-14,1,CRISIS,15.5,-48.8,1719.0,64.3
2022-08-15,0,STRESS,15.5,-48.8,1719.0,64.3
2022-08-16,1,CRISIS,15.5,-48.8,1719.0,64.3
2022-08-17,0,STRESS,15.5,-48.8,1719.0,64.3
2022-08-18,1,CRISIS,15.5,-48.8,1719.0,64.3
2022-08-19,0,STRESS,15.5,-48.8,1719.0,64.3
2022-08-20,1,CRISIS,15.5,-48.8,1719.0,64.3
2022-08-21,0,STRESS,15.5,-48.8,1719.0,64.3
2022-08-22,1,CRISIS,15.5,-48.8,1719.0,64.3
2022-08-23,0,STRESS,15.5,-48.8,1719.0,64.3
2022-08-24,1,CRISIS,15.5,-48.8,1719.0,64.3
2022-08-25,0,STRESS,15.5,-48.8,1719.0,64.3
2022-08-26,1,CRISIS,15.5,-48.8,1719.0,64.3
2022-08-27,0,STRESS,15.5,-48.8,1719.0,64.3
2022-08-28,1,CRISIS,15.5,-48.8,1719.0,64.3
2022-08-29,0,STRESS,15.5,-48.8,1719.0,64.3
2022-08-30,1,CRISIS,15.5,-48.8,1719.0,64.3
2022-08-31,0,STRESS,15.5,-48.8,1719.0,64.3
2022-09-01,1,CRISIS,15.5,-54.3,1769.0,69.8
2022-09-02,0,STRESS,15.5,-54.3,1769.0,69.8
2022-09-03,1,CRISIS,15.5,-54.3,1769.0,69.8
2022-09-04,0,STRESS,15.5,-54.3,1769.0,69.8
2022-09-05,1,CRISIS,15.5,-54.3,1769.0,69.8
2022-09-06,0,STRESS,15.5,-54.3,1769.0,69.8
2022-09-07,1,CRISIS,15.5,-54.3,1769.0,69.8
2022-09-08,0,STRESS,15.5,-54.3,1769.0,69.8
2022-09-09,1,CRISIS,15.5,-54.3,1769.0,69.8
2022-09-10,0,STRESS,15.5,-54.3,1769.0,69.8
2022-09-11,1,CRISIS,15.5,-54.3,1769.0,69.8
2022-09-12,0,STRESS,15.5,-54.3,1769.0,69.8
2022-09-13,1,CRISIS,15.5,-54.3,1769.0,69.8
2022-09-14,0,STRESS,15.5,-54.3,1769.0,69.8
2022-09-15,1,CRISIS,15.5,-54.3,1769.0,69.8
2022-09-16,0,STRESS,15.5,-54.3,1769.0,69.8
2022-09-17,1,CRISIS,15.5,-54.3,1769.0,69.8
2022-09-18,0,STRESS,15.5,-54.3,1769.0,69.8
2022-09-19,1,CRISIS,15.5,-54.3,1769.0,69.8
2022-09-20,0,STRESS,15.5,-54.3,1769.0,69.8
2022-09-21,1,CRISIS,15.5,-54.3,1769.0,69.8
2022-09-22,0,STRESS,15.5,-54.3,1769.0,69.8
2022-09-23,1,CRISIS,15.5,-54.3,1769.0,69.8
2022-09-24,0,STRESS,15.5,-54.3,1769.0,69.8
2022-09-25,1,CRISIS,15.5,-54.3,1769.0,69.8
2022-09-26,0,STRESS,15.5,-54.3,1769.0,69.8
2022-09-27,1,CRISIS,15.5,-54.3,1769.0,69.8
2022-09-28,0,STRESS,15.5,-54.3,1769.0,69.8
2022-09-29,1,CRISIS,15.5,-54.3,1769.0,69.8
2022-09-30,0,STRESS,15.5,-54.3,1769.0,69.8
2022-10-01,1,CRISIS,15.5,-50.5,1734.0,66.0
2022-10-02,0,STRESS,15.5,-50.5,1734.0,66.0
2022-10-03,1,CRISIS,15.5,-50.5,1734.0,66.0
2022-10-04,0,STRESS,15.5,-50.5,1734.0,66.0
2022-10-05,1,CRISIS,15.5,-50.5,1734.0,66.0
2022-10-06,0,STRESS,15.5,-50.5,1734.0,66.0
2022-10-07,1,CRISIS,15.5,-50.5,1734.0,66.0
2022-10-08,0,STRESS,15.5,-50.5,1734.0,66.0
2022-10-09,1,CRISIS,15.5,-50.5,1734.0,66.0
2022-10-10,0,STRESS,15.5,-50.5,1734.0,66.0
2022-10-11,1,CRISIS,15.5,-50.5,1734.0,66.0
2022-10-12,0,STRESS,15.5,-50.5,1734.0,66.0
2022-10-13,1,CRISIS,15.5,-50.5,1734.0,66.0
2022-10-14,0,STRESS,15.5,-50.5,1734.0,66.0
2022-10-15,1,CRISIS,15.5,-50.5,1734.0,66.0
2022-10-16,0,STRESS,15.5,-50.5,1734.0,66.0
2022-10-17,1,CRISIS,15.5,-50.5,1734.0,66.0
2022-10-18,0,STRESS,15.5,-50.5,1734.0,66.0
2022-10-19,1,CRISIS,15.5,-50.5,1734.0,66.0
2022-10-20,0,STRESS,15.5,-50.5,1734.0,66.0
2022-10-21,1,CRISIS,15.5,-50.5,1734.0,66.0
2022-10-22,0,STRESS,15.5,-50.5,1734.0,66.0
2022-10-23,1,CRISIS,15.5,-50.5,1734.0,66.0
2022-10-24,0,STRESS,15.5,-50.5,1734.0,66.0
2022-10-25,1,CRISIS,15.5,-50.5,1734.0,66.0
2022-10-26,0,STRESS,15.5,-50.5,1734.0,66.0
2022-10-27,1,CRISIS,15.5,-50.5,1734.0,66.0
2022-10-28,0,STRESS,15.5,-50.5,1734.0,66.0
2022-10-29,1,CRISIS,15.5,-50.5,1734.0,66.0
2022-10-30,0,STRESS,15.5,-50.5,1734.0,66.0
2022-10-31,1,CRISIS,15.5,-50.5,1734.0,66.0
2022-11-01,0,STRESS,15.5,-45.5,1851.0,61.0
2022-11-02,1,CRISIS,15.5,-45.5,1851.0,61.0
2022-11-03,0,STRESS,15.5,-45.5,1851.0,61.0
2022-11-04,1,CRISIS,15.5,-45.5,1851.0,61.0
2022-11-05,0,STRESS,15.5,-45.5,1851.0,61.0
2022-11-06,1,CRISIS,15.5,-45.5,1851.0,61.0
2022-11-07,0,STRESS,15.5,-45.5,1851.0,61.0
2022-11-08,1,CRISIS,15.5,-45.5,1851.0,61.0
2022-11-09,0,STRESS,15.5,-45.5,1851.0,61.0
2022-11-10,1,CRISIS,15.5,-45.5,1851.0,61.0
2022-11-11,0,STRESS,15.5,-45.5,1851.0,61.0
2022-11-12,1,CRISIS,15.5,-45.5,1851.0,61.0
2022-11-13,0,STRESS,15.5,-45.5,1851.0,61.0
2022-11-14,1,CRISIS,15.5,-45.5,1851.0,61.0
2022-11-15,0,STRESS,15.5,-45.5,1851.0,61.0
2022-11-16,1,CRISIS,15.5,-45.5,1851.0,61.0
2022-11-17,0,STRESS,15.5,-45.5,1851.0,61.0
2022-11-18,1,CRISIS,15.5,-45.5,1851.0,61.0
2022-11-19,0,STRESS,15.5,-45.5,1851.0,61.0
2022-11-20,1,CRISIS,15.5,-45.5,1851.0,61.0
2022-11-21,0,STRESS,15.5,-45.5,1851.0,61.0
2022-11-22,1,CRISIS,15.5,-45.5,1851.0,61.0
2022-11-23,0,STRESS,15.5,-45.5,1851.0,61.0
2022-11-24,1,CRISIS,15.5,-45.5,1851.0,61.0
2022-11-25,0,STRESS,15.5,-45.5,1851.0,61.0
2022-11-26,1,CRISIS,15.5,-45.5,1851.0,61.0
2022-11-27,0,STRESS,15.5,-45.5,1851.0,61.0
2022-11-28,1,CRISIS,15.5,-45.5,1851.0,61.0
2022-11-29,0,STRESS,15.5,-45.5,1851.0,61.0
2022-11-30,1,CRISIS,15.5,-45.5,1851.0,61.0
2022-12-01,0,STRESS,15.5,-41.7,1895.0,57.2
2022-12-02,1,CRISIS,15.5,-41.7,1895.0,57.2
2022-12-03,0,STRESS,15.5,-41.7,1895.0,57.2
2022-12-04,1,CRISIS,15.5,-41.7,1895.0,57.2
2022-12-05,0,STRESS,15.5,-41.7,1895.0,57.2
2022-12-06,1,CRISIS,15.5,-41.7,1895.0,57.2
2022-12-07,0,STRESS,15.5,-41.7,1895.0,57.2
2022-12-08,1,CRISIS,15.5,-41.7,1895.0,57.2
2022-12-09,0,STRESS,15.5,-41.7,1895.0,57.2
2022-12-10,1,CRISIS,15.5,-41.7,1895.0,57.2
2022-12-11,0,STRESS,15.5,-41.7,1895.0,57.2
2022-12-12,1,CRISIS,15.5,-41.7,1895.0,57.2
2022-12-13,0,STRESS,15.5,-41.7,1895.0,57.2
2022-12-14,1,CRISIS,15.5,-41.7,1895.0,57.2
2022-12-15,0,STRESS,15.5,-41.7,1895.0,57.2
2022-12-16,1,CRISIS,15.5,-41.7,1895.0,57.2
2022-12-17,0,STRESS,15.5,-41.7,1895.0,57.2
2022-12-18,1,CRISIS,15.5,-41.7,1895.0,57.2
2022-12-19,0,STRESS,15.5,-41.7,1895.0,57.2
2022-12-20,1,CRISIS,15.5,-41.7,1895.0,57.2
2022-12-21,0,STRESS,15.5,-41.7,1895.0,57.2
2022-12-22,1,CRISIS,15.5,-41.7,1895.0,57.2
2022-12-23,0,STRESS,15.5,-41.7,1895.0,57.2
2022-12-24,1,CRISIS,15.5,-41.7,1895.0,57.2
2022-12-25,0,STRESS,15.5,-41.7,1895.0,57.2
2022-12-26,1,CRISIS,15.5,-41.7,1895.0,57.2
2022-12-27,0,STRESS,15.5,-41.7,1895.0,57.2
2022-12-28,1,CRISIS,15.5,-41.7,1895.0,57.2
2022-12-29,0,STRESS,15.5,-41.7,1895.0,57.2
2022-12-30,1,CRISIS,15.5,-41.7,1895.0,57.2
2022-12-31,0,STRESS,15.5,-41.7,1895.0,57.2
2023-01-01,1,CRISIS,15.5,-37.7,2129.0,53.2
2023-01-02,0,STRESS,15.5,-37.7,2129.0,53.2
2023-01-03,1,CRISIS,15.5,-37.7,2129.0,53.2
2023-01-04,0,STRESS,15.5,-37.7,2129.0,53.2
2023-01-05,1,CRISIS,15.5,-37.7,2129.0,53.2
2023-01-06,0,STRESS,15.5,-37.7,2129.0,53.2
2023-01-07,1,CRISIS,15.5,-37.7,2129.0,53.2
2023-01-08,0,STRESS,15.5,-37.7,2129.0,53.2
2023-01-09,1,CRISIS,15.5,-37.7,2129.0,53.2
2023-01-10,0,STRESS,15.5,-37.7,2129.0,53.2
2023-01-11,1,CRISIS,15.5,-37.7,2129.0,53.2
2023-01-12,0,STRESS,15.5,-37.7,2129.0,53.2
2023-01-13,1,CRISIS,15.5,-37.7,2129.0,53.2
2023-01-14,0,STRESS,15.5,-37.7,2129.0,53.2
2023-01-15,1,CRISIS,15.5,-37.7,2129.0,53.2
2023-01-16,0,STRESS,15.5,-37.7,2129.0,53.2
2023-01-17,1,CRISIS,15.5,-37.7,2129.0,53.2
2023-01-18,0,STRESS,15.5,-37.7,2129.0,53.2
2023-01-19,1,CRISIS,15.5,-37.7,2129.0,53.2
2023-01-20,0,STRESS,15.5,-37.7,2129.0,53.2
2023-01-21,1,CRISIS,15.5,-37.7,2129.0,53.2
2023-01-22,0,STRESS,15.5,-37.7,2129.0,53.2
2023-01-23,1,CRISIS,15.5,-37.7,2129.0,53.2
2023-01-24,0,STRESS,15.5,-37.7,2129.0,53.2
2023-01-25,1,CRISIS,15.5,-37.7,2129.0,53.2
2023-01-26,0,STRESS,15.5,-37.7,2129.0,53.2
2023-01-27,1,CRISIS,15.5,-37.7,2129.0,53.2
2023-01-28,0,STRESS,15.5,-37.7,2129.0,53.2
2023-01-29,1,CRISIS,15.5,-37.7,2129.0,53.2
2023-01-30,0,STRESS,15.5,-37.7,2129.0,53.2
2023-01-31,1,CRISIS,15.5,-37.7,2129.0,53.2
2023-02-01,0,STRESS,15.5,-35.1,2220.0,50.6
2023-02-02,1,CRISIS,15.5,-35.1,2220.0,50.6
2023-02-03,0,STRESS,15.5,-35.1,2220.0,50.6
2023-02-04,1,CRISIS,15.5,-35.1,2220.0,50.6
2023-02-05,0,STRESS,15.5,-35.1,2220.0,50.6
2023-02-06,1,CRISIS,15.5,-35.1,2220.0,50.6
2023-02-07,0,STRESS,15.5,-35.1,2220.0,50.6
2023-02-08,1,CRISIS,15.5,-35.1,2220.0,50.6
2023-02-09,0,STRESS,15.5,-35.1,2220.0,50.6
2023-02-10,1,CRISIS,15.5,-35.1,2220.0,50.6
2023-02-11,0,STRESS,15.5,-35.1,2220.0,50.6
2023-02-12,1,CRISIS,15.5,-35.1,2220.0,50.6
2023-02-13,0,STRESS,15.5,-35.1,2220.0,50.6
2023-02-14,1,CRISIS,15.5,-35.1,2220.0,50.6
2023-02-15,0,STRESS,15.5,-35.1,2220.0,50.6
2023-02-16,1,CRISIS,15.5,-35.1,2220.0,50.6
2023-02-17,0,STRESS,15.5,-35.1,2220.0,50.6
2023-02-18,1,CRISIS,15.5,-35.1,2220.0,50.6
2023-02-19,0,STRESS,15.5,-35.1,2220.0,50.6
2023-02-20,1,CRISIS,15.5,-35.1,2220.0,50.6
2023-02-21,0,STRESS,15.5,-35.1,2220.0,50.6
2023-02-22,1,CRISIS,15.5,-35.1,2220.0,50.6
2023-02-23,0,STRESS,15.5,-35.1,2220.0,50.6
2023-02-24,1,CRISIS,15.5,-35.1,2220.0,50.6
2023-02-25,0,STRESS,15.5,-35.1,2220.0,50.6
2023-02-26,1,CRISIS,15.5,-35.1,2220.0,50.6
2023-02-27,0,STRESS,15.5,-35.1,2220.0,50.6
2023-02-28,1,CRISIS,15.5,-35.1,2220.0,50.6
2023-03-01,0,STRESS,16.375,-34.8,2692.0,50.3
2023-03-02,1,CRISIS,16.375,-34.8,2692.0,50.3
2023-03-03,0,STRESS,16.375,-34.8,2692.0,50.3
2023-03-04,1,CRISIS,16.375,-34.8,2692.0,50.3
2023-03-05,0,STRESS,16.375,-34.8,2692.0,50.3
2023-03-06,1,CRISIS,16.375,-34.8,2692.0,50.3
2023-03-07,0,STRESS,16.375,-34.8,2692.0,50.3
2023-03-08,1,CRISIS,16.375,-34.8,2692.0,50.3
2023-03-09,0,STRESS,16.375,-34.8,2692.0,50.3
2023-03-10,1,CRISIS,16.375,-34.8,2692.0,50.3
2023-03-11,0,STRESS,16.375,-34.8,2692.0,50.3
2023-03-12,1,CRISIS,16.375,-34.8,2692.0,50.3
2023-03-13,0,STRESS,16.375,-34.8,2692.0,50.3
2023-03-14,1,CRISIS,16.375,-34.8,2692.0,50.3
2023-03-15,0,STRESS,16.375,-34.8,2692.0,50.3
2023-03-16,1,CRISIS,16.375,-34.8,2692.0,50.3
2023-03-17,0,STRESS,16.375,-34.8,2692.0,50.3
2023-03-18,1,CRISIS,16.375,-34.8,2692.0,50.3
2023-03-19,0,STRESS,16.375,-34.8,2692.0,50.3
2023-03-20,1,CRISIS,16.375,-34.8,2692.0,50.3
2023-03-21,0,STRESS,16.375,-34.8,2692.0,50.3
2023-03-22,1,CRISIS,16.375,-34.8,2692.0,50.3
2023-03-23,0,STRESS,16.375,-34.8,2692.0,50.3
2023-03-24,1,CRISIS,16.375,-34.8,2692.0,50.3
2023-03-25,0,STRESS,16.375,-34.8,2692.0,50.3
2023-03-26,1,CRISIS,16.375,-34.8,2692.0,50.3
2023-03-27,0,STRESS,16.375,-34.8,2692.0,50.3
2023-03-28,1,CRISIS,16.375,-34.8,2692.0,50.3
2023-03-29,0,STRESS,16.375,-34.8,2692.0,50.3
2023-03-30,1,CRISIS,16.375,-34.8,2692.0,50.3
2023-03-31,0,STRESS,16.375,-34.8,2692.0,50.3
2023-04-01,1,CRISIS,16.5,-19.8,3132.0,35.3
2023-04-02,0,STRESS,16.5,-19.8,3132.0,35.3
2023-04-03,1,CRISIS,16.5,-19.8,3132.0,35.3
2023-04-04,0,STRESS,16.5,-19.8,3132.0,35.3
2023-04-05,1,CRISIS,16.5,-19.8,3132.0,35.3
2023-04-06,0,STRESS,16.5,-19.8,3132.0,35.3
2023-04-07,1,CRISIS,16.5,-19.8,3132.0,35.3
2023-04-08,0,STRESS,16.5,-19.8,3132.0,35.3
2023-04-09,1,CRISIS,16.5,-19.8,3132.0,35.3
2023-04-10,0,STRESS,16.5,-19.8,3132.0,35.3
2023-04-11,1,CRISIS,16.5,-19.8,3132.0,35.3
2023-04-12,0,STRESS,16.5,-19.8,3132.0,35.3
2023-04-13,1,CRISIS,16.5,-19.8,3132.0,35.3
2023-04-14,0,STRESS,16.5,-19.8,3132.0,35.3
2023-04-15,1,CRISIS,16.5,-19.8,3132.0,35.3
2023-04-16,0,STRESS,16.5,-19.8,3132.0,35.3
2023-04-17,1,CRISIS,16.5,-19.8,3132.0,35.3
2023-04-18,0,STRESS,16.5,-19.8,3132.0,35.3
2023-04-19,1,CRISIS,16.5,-19.8,3132.0,35.3
2023-04-20,0,STRESS,16.5,-19.8,3132.0,35.3
2023-04-21,1,CRISIS,16.5,-19.8,3132.0,35.3
2023-04-22,0,STRESS,16.5,-19.8,3132.0,35.3
2023-04-23,1,CRISIS,16.5,-19.8,3132.0,35.3
2023-04-24,0,STRESS,16.5,-19.8,3132.0,35.3
2023-04-25,1,CRISIS,16.5,-19.8,3132.0,35.3
2023-04-26,0,STRESS,16.5,-19.8,3132.0,35.3
2023-04-27,1,CRISIS,16.5,-19.8,3132.0,35.3
2023-04-28,0,STRESS,16.5,-19.8,3132.0,35.3
2023-04-29,1,CRISIS,16.5,-19.8,3132.0,35.3
2023-04-30,0,STRESS,16.5,-19.8,3132.0,35.3
2023-05-01,1,CRISIS,16.5,-9.7,3243.0,25.2
2023-05-02,0,STRESS,16.5,-9.7,3243.0,25.2
2023-05-03,1,CRISIS,16.5,-9.7,3243.0,25.2
2023-05-04,0,STRESS,16.5,-9.7,3243.0,25.2
2023-05-05,1,CRISIS,16.5,-9.7,3243.0,25.2
2023-05-06,0,STRESS,16.5,-9.7,3243.0,25.2
2023-05-07,1,CRISIS,16.5,-9.7,3243.0,25.2
2023-05-08,0,STRESS,16.5,-9.7,3243.0,25.2
2023-05-09,1,CRISIS,16.5,-9.7,3243.0,25.2
2023-05-10,0,STRESS,16.5,-9.7,3243.0,25.2
2023-05-11,1,CRISIS,16.5,-9.7,3243.0,25.2
2023-05-12,0,STRESS,16.5,-9.7,3243.0,25.2
2023-05-13,1,CRISIS,16.5,-9.7,3243.0,25.2
2023-05-14,0,STRESS,16.5,-9.7,3243.0,25.2
2023-05-15,1,CRISIS,16.5,-9.7,3243.0,25.2
2023-05-16,0,STRESS,16.5,-9.7,3243.0,25.2
2023-05-17,1,CRISIS,16.5,-9.7,3243.0,25.2
2023-05-18,0,STRESS,16.5,-9.7,3243.0,25.2
2023-05-19,1,CRISIS,16.5,-9.7,3243.0,25.2
2023-05-20,0,STRESS,16.5,-9.7,3243.0,25.2
2023-05-21,1,CRISIS,16.5,-9.7,3243.0,25.2
2023-05-22,0,STRESS,16.5,-9.7,3243.0,25.2
2023-05-23,1,CRISIS,16.5,-9.7,3243.0,25.2
2023-05-24,0,STRESS,16.5,-9.7,3243.0,25.2
2023-05-25,1,CRISIS,16.5,-9.7,3243.0,25.2
2023-05-26,0,STRESS,16.5,-9.7,3243.0,25.2
2023-05-27,1,CRISIS,16.5,-9.7,3243.0,25.2
2023-05-28,0,STRESS,16.5,-9.7,3243.0,25.2
2023-05-29,1,CRISIS,16.5,-9.7,3243.0,25.2
2023-05-30,0,STRESS,16.5,-9.7,3243.0,25.2
2023-05-31,1,CRISIS,16.5,-9.7,3243.0,25.2
2023-06-01,2,CALM,13.625,0.0,3442.0,12.0
2023-06-02,2,CALM,13.625,0.0,3442.0,12.0
2023-06-03,2,CALM,13.625,0.0,3442.0,12.0
2023-06-04,2,CALM,13.625,0.0,3442.0,12.0
2023-06-05,2,CALM,13.625,0.0,3442.0,12.0
2023-06-06,2,CALM,13.625,0.0,3442.0,12.0
2023-06-07,2,CALM,13.625,0.0,3442.0,12.0
2023-06-08,2,CALM,13.625,0.0,3442.0,12.0
2023-06-09,2,CALM,13.625,0.0,3442.0,12.0
2023-06-10,2,CALM,13.625,0.0,3442.0,12.0
2023-06-11,2,CALM,13.625,0.0,3442.0,12.0
2023-06-12,2,CALM,13.625,0.0,3442.0,12.0
2023-06-13,2,CALM,13.625,0.0,3442.0,12.0
2023-06-14,2,CALM,13.625,0.0,3442.0,12.0
2023-06-15,2,CALM,13.625,0.0,3442.0,12.0
2023-06-16,2,CALM,13.625,0.0,3442.0,12.0
2023-06-17,2,CALM,13.625,0.0,3442.0,12.0
2023-06-18,2,CALM,13.625,0.0,3442.0,12.0
2023-06-19,2,CALM,13.625,0.0,3442.0,12.0
2023-06-20,2,CALM,13.625,0.0,3442.0,12.0
2023-06-21,2,CALM,13.625,0.0,3442.0,12.0
2023-06-22,2,CALM,13.625,0.0,3442.0,12.0
2023-06-23,2,CALM,13.625,0.0,3442.0,12.0
2023-06-24,2,CALM,13.625,0.0,3442.0,12.0
2023-06-25,2,CALM,13.625,0.0,3442.0,12.0
2023-06-26,2,CALM,13.625,0.0,3442.0,12.0
2023-06-27,2,CALM,13.625,0.0,3442.0,12.0
2023-06-28,2,CALM,13.625,0.0,3442.0,12.0
2023-06-29,2,CALM,13.625,0.0,3442.0,12.0
2023-06-30,2,CALM,13.625,0.0,3442.0,12.0
2023-07-01,2,CALM,11.45,5.7,3629.0,6.3
2023-07-02,2,CALM,11.45,5.7,3629.0,6.3
2023-07-03,2,CALM,11.45,5.7,3629.0,6.3
2023-07-04,2,CALM,11.45,5.7,3629.0,6.3
2023-07-05,2,CALM,11.45,5.7,3629.0,6.3
2023-07-06,2,CALM,11.45,5.7,3629.0,6.3
2023-07-07,2,CALM,11.45,5.7,3629.0,6.3
2023-07-08,2,CALM,11.45,5.7,3629.0,6.3
2023-07-09,2,CALM,11.45,5.7,3629.0,6.3
2023-07-10,2,CALM,11.45,5.7,3629.0,6.3
2023-07-11,2,CALM,11.45,5.7,3629.0,6.3
2023-07-12,2,CALM,11.45,5.7,3629.0,6.3
2023-07-13,2,CALM,11.45,4.7,3629.0,6.3
2023-07-14,2,CALM,11.45,4.7,3629.0,6.3
2023-07-15,2,CALM,11.45,4.7,3629.0,6.3
2023-07-16,2,CALM,11.45,4.7,3629.0,6.3
2023-07-17,2,CALM,11.45,4.7,3629.0,6.3
2023-07-18,2,CALM,11.45,4.7,3629.0,6.3
2023-07-19,2,CALM,11.45,4.7,3629.0,6.3
2023-07-20,2,CALM,11.45,4.7,3629.0,6.3
2023-07-21,2,CALM,11.45,4.7,3629.0,6.3
2023-07-22,2,CALM,11.45,4.7,3629.0,6.3
2023-07-23,2,CALM,11.45,4.7,3629.0,6.3
2023-07-24,2,CALM,11.45,4.7,3629.0,6.3
2023-07-25,2,CALM,11.45,4.7,3629.0,6.3
2023-07-26,2,CALM,11.45,4.7,3629.0,6.3
2023-07-27,2,CALM,11.45,4.7,3629.0,6.3
2023-07-28,2,CALM,11.45,4.7,3629.0,6.3
2023-07-29,2,CALM,11.45,4.7,3629.0,6.3
2023-07-30,2,CALM,11.45,4.7,3629.0,6.3
2023-07-31,2,CALM,11.45,4.7,3629.0,6.3
2023-08-01,2,CALM,11.5,7.0,3615.0,4.0
2023-08-02,2,CALM,11.5,7.0,3615.0,4.0
2023-08-03,2,CALM,11.5,7.0,3615.0,4.0
2023-08-04,2,CALM,11.5,7.0,3615.0,4.0
2023-08-05,2,CALM,11.5,7.0,3615.0,4.0
2023-08-06,2,CALM,11.5,7.0,3615.0,4.0
2023-08-07,2,CALM,11.5,7.0,3615.0,4.0
2023-08-08,2,CALM,11.5,7.0,3615.0,4.0
2023-08-09,2,CALM,11.5,7.0,3615.0,4.0
2023-08-10,2,CALM,11.5,7.0,3615.0,4.0
2023-08-11,2,CALM,11.5,7.0,3615.0,4.0
2023-08-12,2,CALM,11.5,7.0,3615.0,4.0
2023-08-13,2,CALM,11.5,7.0,3615.0,4.0
2023-08-14,2,CALM,11.5,7.0,3615.0,4.0
2023-08-15,2,CALM,11.5,7.0,3615.0,4.0
2023-08-16,2,CALM,11.5,7.0,3615.0,4.0
2023-08-17,2,CALM,11.5,7.0,3615.0,4.0
2023-08-18,2,CALM,11.5,7.0,3615.0,4.0
2023-08-19,2,CALM,11.5,7.0,3615.0,4.0
2023-08-20,2,CALM,11.5,7.0,3615.0,4.0
2023-08-21,2,CALM,11.5,7.0,3615.0,4.0
2023-08-22,2,CALM,11.5,7.0,3615.0,4.0
2023-08-23,2,CALM,11.5,7.0,3615.0,4.0
2023-08-24,2,CALM,11.5,7.0,3615.0,4.0
2023-08-25,2,CALM,11.5,7.0,3615.0,4.0
2023-08-26,2,CALM,11.5,7.0,3615.0,4.0
2023-08-27,2,CALM,11.5,7.0,3615.0,4.0
2023-08-28,2,CALM,11.5,7.0,3615.0,4.0
2023-08-29,2,CALM,11.5,7.0,3615.0,4.0
2023-08-30,2,CALM,11.5,7.0,3615.0,4.0
2023-08-31,2,CALM,11.5,7.0,3615.0,4.0
2023-09-01,2,CALM,11.625,9.7,3565.0,1.3
2023-09-02,2,CALM,11.625,9.7,3565.0,1.3
2023-09-03,2,CALM,11.625,9.7,3565.0,1.3
2023-09-04,2,CALM,11.625,9.7,3565.0,1.3
2023-09-05,2,CALM,11.625,9.7,3565.0,1.3
2023-09-06,2,CALM,11.625,9.7,3565.0,1.3
2023-09-07,2,CALM,11.625,9.7,3565.0,1.3
2023-09-08,2,CALM,11.625,9.7,3565.0,1.3
2023-09-09,2,CALM,11.625,9.7,3565.0,1.3
2023-09-10,2,CALM,11.625,9.7,3565.0,1.3
2023-09-11,2,CALM,11.625,9.7,3565.0,1.3
2023-09-12,2,CALM,11.625,9.7,3565.0,1.3
2023-09-13,2,CALM,11.625,9.7,3565.0,1.3
2023-09-14,2,CALM,11.625,9.7,3565.0,1.3
2023-09-15,2,CALM,11.625,9.7,3565.0,1.3
2023-09-16,2,CALM,11.625,9.7,3565.0,1.3
2023-09-17,2,CALM,11.625,9.7,3565.0,1.3
2023-09-18,2,CALM,11.625,9.7,3565.0,1.3
2023-09-19,2,CALM,11.625,9.7,3565.0,1.3
2023-09-20,2,CALM,11.625,9.7,3565.0,1.3
2023-09-21,2,CALM,11.625,9.7,3565.0,1.3
2023-09-22,2,CALM,11.625,9.7,3565.0,1.3
2023-09-23,2,CALM,11.625,9.7,3565.0,1.3
2023-09-24,2,CALM,11.625,9.7,3565.0,1.3
2023-09-25,2,CALM,11.625,9.7,3565.0,1.3
2023-09-26,2,CALM,11.625,9.7,3565.0,1.3
2023-09-27,2,CALM,11.625,9.7,3565.0,1.3
2023-09-28,2,CALM,11.625,9.7,3565.0,1.3
2023-09-29,2,CALM,11.625,9.7,3565.0,1.3
2023-09-30,2,CALM,11.625,9.7,3565.0,1.3
2023-10-01,2,CALM,10.25,11.8,3759.0,-0.8
2023-10-02,2,CALM,10.25,11.8,3759.0,-0.8
2023-10-03,2,CALM,10.25,11.8,3759.0,-0.8
2023-10-04,2,CALM,10.25,10.8,3759.0,-0.8
2023-10-05,2,CALM,10.25,10.8,3759.0,-0.8
2023-10-06,2,CALM,10.25,10.8,3759.0,-0.8
2023-10-07,2,CALM,10.25,10.8,3759.0,-0.8
2023-10-08,2,CALM,10.25,10.8,3759.0,-0.8
2023-10-09,2,CALM,10.25,10.8,3759.0,-0.8
2023-10-10,2,CALM,10.25,10.8,3759.0,-0.8
2023-10-11,2,CALM,10.25,10.8,3759.0,-0.8
2023-10-12,2,CALM,10.25,10.8,3759.0,-0.8
2023-10-13,2,CALM,10.25,10.8,3759.0,-0.8
2023-10-14,2,CALM,10.25,10.8,3759.0,-0.8
2023-10-15,2,CALM,10.25,10.8,3759.0,-0.8
2023-10-16,2,CALM,10.25,10.8,3759.0,-0.8
2023-10-17,2,CALM,10.25,10.8,3759.0,-0.8
2023-10-18,2,CALM,10.25,10.8,3759.0,-0.8
2023-10-19,2,CALM,10.25,10.8,3759.0,-0.8
2023-10-20,2,CALM,10.25,10.8,3759.0,-0.8
2023-10-21,2,CALM,10.25,10.8,3759.0,-0.8
2023-10-22,2,CALM,10.25,10.8,3759.0,-0.8
2023-10-23,2,CALM,10.25,10.8,3759.0,-0.8
2023-10-24,2,CALM,10.25,10.8,3759.0,-0.8
2023-10-25,2,CALM,10.25,10.8,3759.0,-0.8
2023-10-26,2,CALM,10.25,10.8,3759.0,-0.8
2023-10-27,2,CALM,10.25,10.8,3759.0,-0.8
2023-10-28,2,CALM,10.25,10.8,3759.0,-0.8
2023-10-29,2,CALM,10.25,10.8,3759.0,-0.8
2023-10-30,2,CALM,10.25,10.8,3759.0,-0.8
2023-10-31,2,CALM,10.25,10.8,3759.0,-0.8
2023-11-01,2,CALM,9.1,11.2,4095.0,-1.2
2023-11-02,2,CALM,9.1,11.2,4095.0,-1.2
2023-11-03,2,CALM,9.1,11.2,4095.0,-1.2
2023-11-04,2,CALM,9.1,11.2,4095.0,-1.2
2023-11-05,2,CALM,9.1,11.2,4095.0,-1.2
2023-11-06,2,CALM,9.1,11.2,4095.0,-1.2
2023-11-07,2,CALM,9.1,11.2,4095.0,-1.2
2023-11-08,2,CALM,9.1,11.2,4095.0,-1.2
2023-11-09,2,CALM,9.1,11.2,4095.0,-1.2
2023-11-10,2,CALM,9.1,11.2,4095.0,-1.2
2023-11-11,2,CALM,9.1,11.2,4095.0,-1.2
2023-11-12,2,CALM,9.1,11.2,4095.0,-1.2
2023-11-13,2,CALM,9.1,11.2,4095.0,-1.2
2023-11-14,2,CALM,9.1,11.2,4095.0,-1.2
2023-11-15,2,CALM,9.1,11.2,4095.0,-1.2
2023-11-16,2,CALM,9.1,11.2,4095.0,-1.2
2023-11-17,2,CALM,9.1,11.2,4095.0,-1.2
2023-11-18,2,CALM,9.1,11.2,4095.0,-1.2
2023-11-19,2,CALM,9.1,11.2,4095.0,-1.2
2023-11-20,2,CALM,9.1,11.2,4095.0,-1.2
2023-11-21,2,CALM,9.1,11.2,4095.0,-1.2
2023-11-22,2,CALM,9.1,11.2,4095.0,-1.2
2023-11-23,2,CALM,9.1,11.2,4095.0,-1.2
2023-11-24,2,CALM,9.1,11.2,4095.0,-1.2
2023-11-25,2,CALM,9.1,11.2,4095.0,-1.2
2023-11-26,2,CALM,9.1,11.2,4095.0,-1.2
2023-11-27,2,CALM,9.1,11.2,4095.0,-1.2
2023-11-28,2,CALM,9.1,11.2,4095.0,-1.2
2023-11-29,2,CALM,9.1,11.2,4095.0,-1.2
2023-11-30,2,CALM,9.1,11.2,4095.0,-1.2
2023-12-01,2,CALM,9.225,9.6,4381.0,0.4
2023-12-02,2,CALM,9.225,9.6,4381.0,0.4
2023-12-03,2,CALM,9.225,9.6,4381.0,0.4
2023-12-04,2,CALM,9.225,9.6,4381.0,0.4
2023-12-05,2,CALM,9.225,9.6,4381.0,0.4
2023-12-06,2,CALM,9.225,9.6,4381.0,0.4
2023-12-07,2,CALM,9.225,9.6,4381.0,0.4
2023-12-08,2,CALM,9.225,9.6,4381.0,0.4
2023-12-09,2,CALM,9.225,9.6,4381.0,0.4
2023-12-10,2,CALM,9.225,9.6,4381.0,0.4
2023-12-11,2,CALM,9.225,9.6,4381.0,0.4
2023-12-12,2,CALM,9.225,9.6,4381.0,0.4
2023-12-13,2,CALM,9.225,9.6,4381.0,0.4
2023-12-14,2,CALM,9.225,9.6,4381.0,0.4
2023-12-15,2,CALM,9.225,9.6,4381.0,0.4
2023-12-16,2,CALM,9.225,9.6,4381.0,0.4
2023-12-17,2,CALM,9.225,9.6,4381.0,0.4
2023-12-18,2,CALM,9.225,9.6,4381.0,0.4
2023-12-19,2,CALM,9.225,9.6,4381.0,0.4
2023-12-20,2,CALM,9.225,9.6,4381.0,0.4
2023-12-21,2,CALM,9.225,9.6,4381.0,0.4
2023-12-22,2,CALM,9.225,9.6,4381.0,0.4
2023-12-23,2,CALM,9.225,9.6,4381.0,0.4
2023-12-24,2,CALM,9.225,9.6,4381.0,0.4
2023-12-25,2,CALM,9.225,9.6,4381.0,0.4
2023-12-26,2,CALM,9.225,9.6,4381.0,0.4
2023-12-27,2,CALM,9.225,9.6,4381.0,0.4
2023-12-28,2,CALM,9.225,9.6,4381.0,0.4
2023-12-29,2,CALM,9.225,9.6,4381.0,0.4
2023-12-30,2,CALM,9.225,9.6,4381.0,0.4
2023-12-31,2,CALM,9.225,9.6,4381.0,0.4
2024-01-01,2,CALM,9.1,10.0,4479.0,0.0
2024-01-02,2,CALM,9.1,10.0,4479.0,0.0
2024-01-03,2,CALM,9.1,10.0,4479.0,0.0
2024-01-04,2,CALM,9.1,10.0,4479.0,0.0
2024-01-05,2,CALM,9.1,10.0,4479.0,0.0
2024-01-06,2,CALM,9.1,10.0,4479.0,0.0
2024-01-07,2,CALM,9.1,10.0,4479.0,0.0
2024-01-08,2,CALM,9.1,10.0,4479.0,0.0
2024-01-09,2,CALM,9.1,10.0,4479.0,0.0
2024-01-10,2,CALM,9.1,10.0,4479.0,0.0
2024-01-11,2,CALM,9.1,10.0,4479.0,0.0
2024-01-12,2,CALM,9.1,10.0,4479.0,0.0
2024-01-13,2,CALM,9.1,10.0,4479.0,0.0
2024-01-14,2,CALM,9.1,10.0,4479.0,0.0
2024-01-15,2,CALM,9.1,10.0,4479.0,0.0
2024-01-16,2,CALM,9.1,10.0,4479.0,0.0
2024-01-17,2,CALM,9.1,10.0,4479.0,0.0
2024-01-18,2,CALM,9.1,10.0,4479.0,0.0
2024-01-19,2,CALM,9.1,10.0,4479.0,0.0
2024-01-20,2,CALM,9.1,10.0,4479.0,0.0
2024-01-21,2,CALM,9.1,10.0,4479.0,0.0
2024-01-22,2,CALM,9.1,10.0,4479.0,0.0
2024-01-23,2,CALM,9.1,10.0,4479.0,0.0
2024-01-24,2,CALM,9.1,10.0,4479.0,0.0
2024-01-25,2,CALM,9.1,10.0,4479.0,0.0
2024-01-26,2,CALM,9.1,10.0,4479.0,0.0
2024-01-27,2,CALM,9.1,10.0,4479.0,0.0
2024-01-28,2,CALM,9.1,10.0,4479.0,0.0
2024-01-29,2,CALM,9.1,10.0,4479.0,0.0
2024-01-30,2,CALM,9.1,10.0,4479.0,0.0
2024-01-31,2,CALM,9.1,10.0,4479.0,0.0
2024-02-01,2,CALM,9.225,10.9,4616.0,-0.9
2024-02-02,2,CALM,9.225,10.9,4616.0,-0.9
2024-02-03,2,CALM,9.225,10.9,4616.0,-0.9
2024-02-04,2,CALM,9.225,10.9,4616.0,-0.9
2024-02-05,2,CALM,9.225,10.9,4616.0,-0.9
2024-02-06,2,CALM,9.225,10.9,4616.0,-0.9
2024-02-07,2,CALM,9.225,10.9,4616.0,-0.9
2024-02-08,2,CALM,9.225,10.9,4616.0,-0.9
2024-02-09,2,CALM,9.225,10.9,4616.0,-0.9
2024-02-10,2,CALM,9.225,10.9,4616.0,-0.9
2024-02-11,2,CALM,9.225,10.9,4616.0,-0.9
2024-02-12,2,CALM,9.225,10.9,4616.0,-0.9
2024-02-13,2,CALM,9.225,10.9,4616.0,-0.9
2024-02-14,2,CALM,9.225,10.9,4616.0,-0.9
2024-02-15,2,CALM,9.225,10.9,4616.0,-0.9
2024-02-16,2,CALM,9.225,10.9,4616.0,-0.9
2024-02-17,2,CALM,9.225,10.9,4616.0,-0.9
2024-02-18,2,CALM,9.225,10.9,4616.0,-0.9
2024-02-19,2,CALM,9.225,10.9,4616.0,-0.9
2024-02-20,2,CALM,9.225,10.9,4616.0,-0.9
2024-02-21,2,CALM,9.225,10.9,4616.0,-0.9
2024-02-22,2,CALM,9.225,10.9,4616.0,-0.9
2024-02-23,2,CALM,9.225,10.9,4616.0,-0.9
2024-02-24,2,CALM,9.225,10.9,4616.0,-0.9
2024-02-25,2,CALM,9.225,10.9,4616.0,-0.9
2024-02-26,2,CALM,9.225,10.9,4616.0,-0.9
2024-02-27,2,CALM,9.225,10.9,4616.0,-0.9
2024-02-28,2,CALM,9.225,10.9,4616.0,-0.9
2024-02-29,2,CALM,9.225,10.9,4616.0,-0.9
2024-03-01,2,CALM,8.825,12.5,4968.0,-2.5
2024-03-02,2,CALM,8.825,12.5,4968.0,-2.5
2024-03-03,2,CALM,8.825,12.5,4968.0,-2.5
2024-03-04,2,CALM,8.825,12.5,4968.0,-2.5
2024-03-05,2,CALM,8.825,12.5,4968.0,-2.5
2024-03-06,2,CALM,8.825,12.5,4968.0,-2.5
2024-03-07,2,CALM,8.825,12.5,4968.0,-2.5
2024-03-08,2,CALM,8.825,12.5,4968.0,-2.5
2024-03-09,2,CALM,8.825,12.5,4968.0,-2.5
2024-03-10,2,CALM,8.825,12.5,4968.0,-2.5
2024-03-11,2,CALM,8.825,12.5,4968.0,-2.5
2024-03-12,2,CALM,8.825,12.5,4968.0,-2.5
2024-03-13,2,CALM,8.825,12.5,4968.0,-2.5
2024-03-14,2,CALM,8.825,12.5,4968.0,-2.5
2024-03-15,2,CALM,8.825,12.5,4968.0,-2.5
2024-03-16,2,CALM,8.825,12.5,4968.0,-2.5
2024-03-17,2,CALM,8.825,12.5,4968.0,-2.5
2024-03-18,2,CALM,8.825,12.5,4968.0,-2.5
2024-03-19,2,CALM,8.825,12.5,4968.0,-2.5
2024-03-20,2,CALM,8.825,12.5,4968.0,-2.5
2024-03-21,2,CALM,8.825,12.5,4968.0,-2.5
2024-03-22,2,CALM,8.825,12.5,4968.0,-2.5
2024-03-23,2,CALM,8.825,12.5,4968.0,-2.5
2024-03-24,2,CALM,8.825,12.5,4968.0,-2.5
2024-03-25,2,CALM,8.825,12.5,4968.0,-2.5
2024-03-26,2,CALM,8.825,12.0,4968.0,-2.5
2024-03-27,2,CALM,8.825,12.0,4968.0,-2.5
2024-03-28,2,CALM,8.825,12.0,4968.0,-2.5
2024-03-29,2,CALM,8.825,12.0,4968.0,-2.5
2024-03-30,2,CALM,8.825,12.0,4968.0,-2.5
2024-03-31,2,CALM,8.825,12.0,4968.0,-2.5
2024-04-01,2,CALM,8.55,10.2,5023.0,-0.7
2024-04-02,2,CALM,8.55,10.2,5023.0,-0.7
2024-04-03,2,CALM,8.55,10.2,5023.0,-0.7
2024-04-04,2,CALM,8.55,10.2,5023.0,-0.7
2024-04-05,2,CALM,8.55,10.2,5023.0,-0.7
2024-04-06,2,CALM,8.55,10.2,5023.0,-0.7
2024-04-07,2,CALM,8.55,10.2,5023.0,-0.7
2024-04-08,2,CALM,8.55,10.2,5023.0,-0.7
2024-04-09,2,CALM,8.55,10.2,5023.0,-0.7
2024-04-10,2,CALM,8.55,10.2,5023.0,-0.7
2024-04-11,2,CALM,8.55,10.2,5023.0,-0.7
2024-04-12,2,CALM,8.55,10.2,5023.0,-0.7
2024-04-13,2,CALM,8.55,10.2,5023.0,-0.7
2024-04-14,2,CALM,8.55,10.2,5023.0,-0.7
2024-04-15,2,CALM,8.55,10.2,5023.0,-0.7
2024-04-16,2,CALM,8.55,10.2,5023.0,-0.7
2024-04-17,2,CALM,8.55,10.2,5023.0,-0.7
2024-04-18,2,CALM,8.55,10.2,5023.0,-0.7
2024-04-19,2,CALM,8.55,10.2,5023.0,-0.7
2024-04-20,2,CALM,8.55,10.2,5023.0,-0.7
2024-04-21,2,CALM,8.55,10.2,5023.0,-0.7
2024-04-22,2,CALM,8.55,10.2,5023.0,-0.7
2024-04-23,2,CALM,8.55,10.2,5023.0,-0.7
2024-04-24,2,CALM,8.55,10.2,5023.0,-0.7
2024-04-25,2,CALM,8.55,10.2,5023.0,-0.7
2024-04-26,2,CALM,8.55,10.2,5023.0,-0.7
2024-04-27,2,CALM,8.55,10.2,5023.0,-0.7
2024-04-28,2,CALM,8.55,10.2,5023.0,-0.7
2024-04-29,2,CALM,8.55,10.2,5023.0,-0.7
2024-04-30,2,CALM,8.55,10.2,5023.0,-0.7
2024-05-01,2,CALM,8.625,10.5,5426.0,-1.0
2024-05-02,2,CALM,8.625,10.5,5426.0,-1.0
2024-05-03,2,CALM,8.625,10.5,5426.0,-1.0
2024-05-04,2,CALM,8.625,10.5,5426.0,-1.0
2024-05-05,2,CALM,8.625,10.5,5426.0,-1.0
2024-05-06,2,CALM,8.625,10.5,5426.0,-1.0
2024-05-07,2,CALM,8.625,10.5,5426.0,-1.0
2024-05-08,2,CALM,8.625,10.5,5426.0,-1.0
2024-05-09,2,CALM,8.625,10.5,5426.0,-1.0
2024-05-10,2,CALM,8.625,10.5,5426.0,-1.0
2024-05-11,2,CALM,8.625,10.5,5426.0,-1.0
2024-05-12,2,CALM,8.625,10.5,5426.0,-1.0
2024-05-13,2,CALM,8.625,10.5,5426.0,-1.0
2024-05-14,2,CALM,8.625,10.5,5426.0,-1.0
2024-05-15,2,CALM,8.625,10.5,5426.0,-1.0
2024-05-16,2,CALM,8.625,10.5,5426.0,-1.0
2024-05-17,2,CALM,8.625,10.5,5426.0,-1.0
2024-05-18,2,CALM,8.625,10.5,5426.0,-1.0
2024-05-19,2,CALM,8.625,10.5,5426.0,-1.0
2024-05-20,2,CALM,8.625,10.5,5426.0,-1.0
2024-05-21,2,CALM,8.625,10.5,5426.0,-1.0
2024-05-22,2,CALM,8.625,10.5,5426.0,-1.0
2024-05-23,2,CALM,8.625,10.5,5426.0,-1.0
2024-05-24,2,CALM,8.625,10.5,5426.0,-1.0
2024-05-25,2,CALM,8.625,10.5,5426.0,-1.0
2024-05-26,2,CALM,8.625,10.5,5426.0,-1.0
2024-05-27,2,CALM,8.625,10.5,5426.0,-1.0
2024-05-28,2,CALM,8.625,10.5,5426.0,-1.0
2024-05-29,2,CALM,8.625,10.5,5426.0,-1.0
2024-05-30,2,CALM,8.625,10.5,5426.0,-1.0
2024-05-31,2,CALM,8.625,10.5,5426.0,-1.0
2024-06-01,2,CALM,8.65,9.3,5576.0,0.2
2024-06-02,2,CALM,8.65,9.3,5576.0,0.2
2024-06-03,2,CALM,8.65,9.3,5576.0,0.2
2024-06-04,2,CALM,8.65,9.05,5576.0,0.2
2024-06-05,2,CALM,8.65,9.05,5576.0,0.2
2024-06-06,2,CALM,8.65,9.05,5576.0,0.2
2024-06-07,2,CALM,8.65,9.05,5576.0,0.2
2024-06-08,2,CALM,8.65,9.05,5576.0,0.2
2024-06-09,2,CALM,8.65,9.05,5576.0,0.2
2024-06-10,2,CALM,8.65,9.05,5576.0,0.2
2024-06-11,2,CALM,8.65,9.05,5576.0,0.2
2024-06-12,2,CALM,8.65,9.05,5576.0,0.2
2024-06-13,2,CALM,8.65,9.05,5576.0,0.2
2024-06-14,2,CALM,8.65,9.05,5576.0,0.2
2024-06-15,2,CALM,8.65,9.05,5576.0,0.2
2024-06-16,2,CALM,8.65,9.05,5576.0,0.2
2024-06-17,2,CALM,8.65,9.05,5576.0,0.2
2024-06-18,2,CALM,8.65,9.05,5576.0,0.2
2024-06-19,2,CALM,8.65,9.05,5576.0,0.2
2024-06-20,2,CALM,8.65,9.05,5576.0,0.2
2024-06-21,2,CALM,8.65,9.05,5576.0,0.2
2024-06-22,2,CALM,8.65,9.05,5576.0,0.2
2024-06-23,2,CALM,8.65,9.05,5576.0,0.2
2024-06-24,2,CALM,8.65,9.05,5576.0,0.2
2024-06-25,2,CALM,8.65,9.05,5576.0,0.2
2024-06-26,2,CALM,8.65,9.05,5576.0,0.2
2024-06-27,2,CALM,8.65,9.05,5576.0,0.2
2024-06-28,2,CALM,8.65,9.05,5576.0,0.2
2024-06-29,2,CALM,8.65,9.05,5576.0,0.2
2024-06-30,2,CALM,8.65,9.05,5576.0,0.2
2024-07-01,2,CALM,8.55,8.25,5609.0,1.0
2024-07-02,2,CALM,8.55,8.25,5609.0,1.0
2024-07-03,2,CALM,8.55,8.25,5609.0,1.0
2024-07-04,2,CALM,8.55,8.25,5609.0,1.0
2024-07-05,2,CALM,8.55,8.25,5609.0,1.0
2024-07-06,2,CALM,8.55,8.25,5609.0,1.0
2024-07-07,2,CALM,8.55,8.25,5609.0,1.0
2024-07-08,2,CALM,8.55,8.25,5609.0,1.0
2024-07-09,2,CALM,8.55,8.25,5609.0,1.0
2024-07-10,2,CALM,8.55,8.25,5609.0,1.0
2024-07-11,2,CALM,8.55,8.25,5609.0,1.0
2024-07-12,2,CALM,8.55,8.25,5609.0,1.0
2024-07-13,2,CALM,8.55,8.25,5609.0,1.0
2024-07-14,2,CALM,8.55,8.25,5609.0,1.0
2024-07-15,2,CALM,8.55,8.25,5609.0,1.0
2024-07-16,2,CALM,8.55,8.25,5609.0,1.0
2024-07-17,2,CALM,8.55,8.25,5609.0,1.0
2024-07-18,2,CALM,8.55,8.25,5609.0,1.0
2024-07-19,2,CALM,8.55,8.25,5609.0,1.0
2024-07-20,2,CALM,8.55,8.25,5609.0,1.0
2024-07-21,2,CALM,8.55,8.25,5609.0,1.0
2024-07-22,2,CALM,8.55,8.25,5609.0,1.0
2024-07-23,2,CALM,8.55,8.25,5609.0,1.0
2024-07-24,2,CALM,8.55,8.25,5609.0,1.0
2024-07-25,2,CALM,8.55,8.25,5609.0,1.0
2024-07-26,2,CALM,8.55,8.25,5609.0,1.0
2024-07-27,2,CALM,8.55,8.25,5609.0,1.0
2024-07-28,2,CALM,8.55,8.25,5609.0,1.0
2024-07-29,2,CALM,8.55,8.25,5609.0,1.0
2024-07-30,2,CALM,8.55,8.25,5609.0,1.0
2024-07-31,2,CALM,8.55,8.25,5609.0,1.0
2024-08-01,2,CALM,8.75,6.75,6220.0,2.5
2024-08-02,2,CALM,8.75,6.75,6220.0,2.5
2024-08-03,2,CALM,8.75,6.75,6220.0,2.5
2024-08-04,2,CALM,8.75,6.75,6220.0,2.5
2024-08-05,2,CALM,8.75,6.75,6220.0,2.5
2024-08-06,2,CALM,8.75,6.75,6220.0,2.5
2024-08-07,2,CALM,8.75,6.75,6220.0,2.5
2024-08-08,2,CALM,8.75,6.75,6220.0,2.5
2024-08-09,2,CALM,8.75,6.75,6220.0,2.5
2024-08-10,2,CALM,8.75,6.75,6220.0,2.5
2024-08-11,2,CALM,8.75,6.75,6220.0,2.5
2024-08-12,2,CALM,8.75,6.75,6220.0,2.5
2024-08-13,2,CALM,8.75,6.75,6220.0,2.5
2024-08-14,2,CALM,8.75,6.75,6220.0,2.5
2024-08-15,2,CALM,8.75,6.75,6220.0,2.5
2024-08-16,2,CALM,8.75,6.75,6220.0,2.5
2024-08-17,2,CALM,8.75,6.75,6220.0,2.5
2024-08-18,2,CALM,8.75,6.75,6220.0,2.5
2024-08-19,2,CALM,8.75,6.75,6220.0,2.5
2024-08-20,2,CALM,8.75,6.75,6220.0,2.5
2024-08-21,2,CALM,8.75,6.75,6220.0,2.5
2024-08-22,2,CALM,8.75,6.75,6220.0,2.5
2024-08-23,2,CALM,8.75,6.75,6220.0,2.5
2024-08-24,2,CALM,8.75,6.75,6220.0,2.5
2024-08-25,2,CALM,8.75,6.75,6220.0,2.5
2024-08-26,2,CALM,8.75,6.75,6220.0,2.5
2024-08-27,2,CALM,8.75,6.75,6220.0,2.5
2024-08-28,2,CALM,8.75,6.75,6220.0,2.5
2024-08-29,2,CALM,8.75,6.75,6220.0,2.5
2024-08-30,2,CALM,8.75,6.75,6220.0,2.5
2024-08-31,2,CALM,8.75,6.75,6220.0,2.5
2024-09-01,2,CALM,8.675,7.15,6120.0,2.1
2024-09-02,2,CALM,8.675,7.15,6120.0,2.1
2024-09-03,2,CALM,8.675,7.15,6120.0,2.1
2024-09-04,0,STRESS,8.675,5.9,6120.0,2.1
2024-09-05,1,CRISIS,8.675,5.9,6120.0,2.1
2024-09-06,0,STRESS,8.675,5.9,6120.0,2.1
2024-09-07,1,CRISIS,8.675,5.9,6120.0,2.1
2024-09-08,0,STRESS,8.675,5.9,6120.0,2.1
2024-09-09,1,CRISIS,8.675,5.9,6120.0,2.1
2024-09-10,0,STRESS,8.675,5.9,6120.0,2.1
2024-09-11,1,CRISIS,8.675,5.9,6120.0,2.1
2024-09-12,0,STRESS,8.675,5.9,6120.0,2.1
2024-09-13,1,CRISIS,8.675,5.9,6120.0,2.1
2024-09-14,0,STRESS,8.675,5.9,6120.0,2.1
2024-09-15,1,CRISIS,8.675,5.9,6120.0,2.1
2024-09-16,0,STRESS,8.675,5.9,6120.0,2.1
2024-09-17,1,CRISIS,8.675,5.9,6120.0,2.1
2024-09-18,0,STRESS,8.675,5.9,6120.0,2.1
2024-09-19,1,CRISIS,8.675,5.9,6120.0,2.1
2024-09-20,0,STRESS,8.675,5.9,6120.0,2.1
2024-09-21,1,CRISIS,8.675,5.9,6120.0,2.1
2024-09-22,0,STRESS,8.675,5.9,6120.0,2.1
2024-09-23,1,CRISIS,8.675,5.9,6120.0,2.1
2024-09-24,0,STRESS,8.675,5.9,6120.0,2.1
2024-09-25,1,CRISIS,8.675,5.9,6120.0,2.1
2024-09-26,0,STRESS,8.675,5.9,6120.0,2.1
2024-09-27,1,CRISIS,8.675,5.9,6120.0,2.1
2024-09-28,0,STRESS,8.675,5.9,6120.0,2.1
2024-09-29,1,CRISIS,8.675,5.9,6120.0,2.1
2024-09-30,0,STRESS,8.675,5.9,6120.0,2.1
2024-10-01,1,CRISIS,8.525,5.1,6041.0,2.9
2024-10-02,0,STRESS,8.525,5.1,6041.0,2.9
2024-10-03,1,CRISIS,8.525,5.1,6041.0,2.9
2024-10-04,0,STRESS,8.525,5.1,6041.0,2.9
2024-10-05,1,CRISIS,8.525,5.1,6041.0,2.9
2024-10-06,0,STRESS,8.525,5.1,6041.0,2.9
2024-10-07,1,CRISIS,8.525,5.1,6041.0,2.9
2024-10-08,0,STRESS,8.525,5.1,6041.0,2.9
2024-10-09,1,CRISIS,8.525,5.1,6041.0,2.9
2024-10-10,0,STRESS,8.525,5.1,6041.0,2.9
2024-10-11,1,CRISIS,8.525,5.1,6041.0,2.9
2024-10-12,0,STRESS,8.525,5.1,6041.0,2.9
2024-10-13,1,CRISIS,8.525,5.1,6041.0,2.9
2024-10-14,0,STRESS,8.525,5.1,6041.0,2.9
2024-10-15,1,CRISIS,8.525,5.1,6041.0,2.9
2024-10-16,0,STRESS,8.525,5.1,6041.0,2.9
2024-10-17,1,CRISIS,8.525,5.1,6041.0,2.9
2024-10-18,0,STRESS,8.525,5.1,6041.0,2.9
2024-10-19,1,CRISIS,8.525,5.1,6041.0,2.9
2024-10-20,0,STRESS,8.525,5.1,6041.0,2.9
2024-10-21,1,CRISIS,8.525,5.1,6041.0,2.9
2024-10-22,0,STRESS,8.525,5.1,6041.0,2.9
2024-10-23,1,CRISIS,8.525,5.1,6041.0,2.9
2024-10-24,0,STRESS,8.525,5.1,6041.0,2.9
2024-10-25,1,CRISIS,8.525,5.1,6041.0,2.9
2024-10-26,0,STRESS,8.525,5.1,6041.0,2.9
2024-10-27,1,CRISIS,8.525,5.1,6041.0,2.9
2024-10-28,0,STRESS,8.525,5.1,6041.0,2.9
2024-10-29,1,CRISIS,8.525,5.1,6041.0,2.9
2024-10-30,0,STRESS,8.525,5.1,6041.0,2.9
2024-10-31,1,CRISIS,8.525,5.1,6041.0,2.9
2024-11-01,0,STRESS,8.16,5.3,6227.0,2.7
2024-11-02,1,CRISIS,8.16,5.3,6227.0,2.7
2024-11-03,0,STRESS,8.16,5.3,6227.0,2.7
2024-11-04,1,CRISIS,8.16,5.3,6227.0,2.7
2024-11-05,0,STRESS,8.16,5.3,6227.0,2.7
2024-11-06,1,CRISIS,8.16,5.3,6227.0,2.7
2024-11-07,0,STRESS,8.16,5.3,6227.0,2.7
2024-11-08,1,CRISIS,8.16,5.3,6227.0,2.7
2024-11-09,0,STRESS,8.16,5.3,6227.0,2.7
2024-11-10,1,CRISIS,8.16,5.3,6227.0,2.7
2024-11-11,0,STRESS,8.16,5.3,6227.0,2.7
2024-11-12,1,CRISIS,8.16,5.3,6227.0,2.7
2024-11-13,0,STRESS,8.16,5.3,6227.0,2.7
2024-11-14,1,CRISIS,8.16,5.3,6227.0,2.7
2024-11-15,0,STRESS,8.16,5.3,6227.0,2.7
2024-11-16,1,CRISIS,8.16,5.3,6227.0,2.7
2024-11-17,0,STRESS,8.16,5.3,6227.0,2.7
2024-11-18,1,CRISIS,8.16,5.3,6227.0,2.7
2024-11-19,0,STRESS,8.16,5.3,6227.0,2.7
2024-11-20,1,CRISIS,8.16,5.3,6227.0,2.7
2024-11-21,0,STRESS,8.16,5.3,6227.0,2.7
2024-11-22,1,CRISIS,8.16,5.3,6227.0,2.7
2024-11-23,0,STRESS,8.16,5.3,6227.0,2.7
2024-11-24,1,CRISIS,8.16,5.3,6227.0,2.7
2024-11-25,0,STRESS,8.16,5.3,6227.0,2.7
2024-11-26,1,CRISIS,8.16,5.05,6227.0,2.7
2024-11-27,0,STRESS,8.16,5.05,6227.0,2.7
2024-11-28,1,CRISIS,8.16,5.05,6227.0,2.7
2024-11-29,0,STRESS,8.16,5.05,6227.0,2.7
2024-11-30,1,CRISIS,8.16,5.05,6227.0,2.7
2024-12-01,0,STRESS,8.0,5.05,6227.0,2.7
2024-12-02,1,CRISIS,8.0,5.05,6227.0,2.7
2024-12-03,0,STRESS,8.0,5.05,6227.0,2.7
2024-12-04,1,CRISIS,8.0,5.05,6227.0,2.7
2024-12-05,0,STRESS,8.0,5.05,6227.0,2.7
2024-12-06,1,CRISIS,8.0,5.05,6227.0,2.7
2024-12-07,0,STRESS,8.0,5.05,6227.0,2.7
2024-12-08,1,CRISIS,8.0,5.05,6227.0,2.7
2024-12-09,0,STRESS,8.0,5.05,6227.0,2.7
2024-12-10,1,CRISIS,8.0,5.05,6227.0,2.7
2024-12-11,0,STRESS,8.0,5.05,6227.0,2.7
2024-12-12,1,CRISIS,8.0,5.05,6227.0,2.7
2024-12-13,0,STRESS,8.0,5.05,6227.0,2.7
2024-12-14,1,CRISIS,8.0,5.05,6227.0,2.7
2024-12-15,0,STRESS,8.0,5.05,6227.0,2.7
2024-12-16,1,CRISIS,8.0,5.05,6227.0,2.7
2024-12-17,0,STRESS,8.0,5.05,6227.0,2.7
2024-12-18,1,CRISIS,8.0,5.05,6227.0,2.7
2024-12-19,0,STRESS,8.0,5.05,6227.0,2.7
2024-12-20,1,CRISIS,8.0,5.05,6227.0,2.7
2024-12-21,0,STRESS,8.0,5.05,6227.0,2.7
2024-12-22,1,CRISIS,8.0,5.05,6227.0,2.7
2024-12-23,0,STRESS,8.0,5.05,6227.0,2.7
2024-12-24,1,CRISIS,8.0,5.05,6227.0,2.7
2024-12-25,0,STRESS,8.0,5.05,6227.0,2.7
2024-12-26,1,CRISIS,8.0,5.05,6227.0,2.7
2024-12-27,0,STRESS,8.0,5.05,6227.0,2.7
2024-12-28,1,CRISIS,8.0,5.05,6227.0,2.7
2024-12-29,0,STRESS,8.0,5.05,6227.0,2.7
2024-12-30,1,CRISIS,8.0,5.05,6227.0,2.7
2024-12-31,0,STRESS,8.0,5.05,6227.0,2.7
